<?xml version="1.0" encoding="UTF-8" standalone="no"?>
<!DOCTYPE log SYSTEM "logger.dtd">
<log>
<record>
  <date>2026-09-05T21:45:04.550536399Z</date>
  <millis>1788644704550</millis>
  <nanos>536399</nanos>
  <sequence>17</sequence>
  <logger>global</logger>
  <level>INFO</level>
  <class>dev.asjordi.bot.BotService</class>
  <method>sendWeatherReport</method>
  <thread>30</thread>
  <message>Sending weather report</message>
</record>
<record>
  <date>2026-09-05T21:45:06.194064783Z</date>
  <millis>1788644706194</millis>
  <nanos>64783</nanos>
  <sequence>18</sequence>
  <logger>global</logger>
  <level>INFO</level>
  <class>dev.asjordi.bot.BotService</class>
  <method>sendWeatherReport</method>
  <thread>30</thread>
  <message>Weather report sent successfully</message>
</record>
</log>
<?xml version="1.0" encoding="UTF-8" standalone="no"?>
<!DOCTYPE log SYSTEM "logger.dtd">
<log>
<record>
  <date>2026-09-06T01:34:53.141323100Z</date>
  <millis>1788658493141</millis>
  <nanos>323100</nanos>
  <sequence>0</sequence>
  <logger>global</logger>
  <level>INFO</level>
  <class>dev.asjordi.Main</class>
  <method>main</method>
  <thread>30</thread>
  <message>Starting application</message>
</record>
<record>
  <date>2026-09-06T01:34:53.147384272Z</date>
  <millis>1788658493147</millis>
  <nanos>384272</nanos>
  <sequence>1</sequence>
  <logger>global</logger>
  <level>INFO</level>
  <class>dev.asjordi.request.RequestManager</class>
  <method>buildURL</method>
  <thread>30</thread>
  <message>Building URL for OpenWeather API request</message>
</record>
<record>
  <date>2026-09-06T01:34:53.147900065Z</date>
  <millis>1788658493147</millis>
  <nanos>900065</nanos>
  <sequence>2</sequence>
  <logger>global</logger>
  <level>INFO</level>
  <class>dev.asjordi.request.RequestManager</class>
  <method>buildURL</method>
  <thread>30</thread>
  <message>URL built successfully</message>
</record>
<record>
  <date>2026-09-06T01:34:53.247752749Z</date>
  <millis>1788658493247</millis>
  <nanos>752749</nanos>
  <sequence>3</sequence>
  <logger>global</logger>
  <level>INFO</level>
  <class>dev.asjordi.weather.DataMapper</class>
  <method>&lt;init&gt;</method>
  <thread>30</thread>
  <message>DataMapper initialized</message>
</record>
<record>
  <date>2026-09-06T01:34:53.248304195Z</date>
  <millis>1788658493248</millis>
  <nanos>304195</nanos>
  <sequence>4</sequence>
  <logger>global</logger>
  <level>INFO</level>
  <class>dev.asjordi.weather.WeatherDataProcessor</class>
  <method>&lt;init&gt;</method>
  <thread>30</thread>
  <message>WeatherDataProcessor initialized</message>
</record>
<record>
  <date>2026-09-06T01:34:53.248735691Z</date>
  <millis>1788658493248</millis>
  <nanos>735691</nanos>
  <sequence>5</sequence>
  <logger>global</logger>
  <level>INFO</level>
  <class>dev.asjordi.weather.WeatherDataProcessor</class>
  <method>processData</method>
  <thread>30</thread>
  <message>Starting data processing</message>
</record>
<record>
  <date>2026-09-06T01:34:53.249279855Z</date>
  <millis>1788658493249</millis>
  <nanos>279855</nanos>
  <sequence>6</sequence>
  <logger>global</logger>
  <level>INFO</level>
  <class>dev.asjordi.request.RequestManager</class>
  <method>makeRequest</method>
  <thread>30</thread>
  <message>Starting HTTP request to OpenWeather API</message>
</record>
<record>
  <date>2026-09-06T01:34:53.268758980Z</date>
  <millis>1788658493268</millis>
  <nanos>758980</nanos>
  <sequence>7</sequence>
  <logger>global</logger>
  <level>INFO</level>
  <class>dev.asjordi.request.RequestManager</class>
  <method>makeRequest</method>
  <thread>30</thread>
  <message>HTTP request build successfully</message>
</record>
<record>
  <date>2026-09-06T01:34:53.318555294Z</date>
  <millis>1788658493318</millis>
  <nanos>555294</nanos>
  <sequence>8</sequence>
  <logger>global</logger>
  <level>INFO</level>
  <class>dev.asjordi.request.RequestManager</class>
  <method>makeRequest</method>
  <thread>30</thread>
  <message>HTTP client built successfully</message>
</record>
<record>
  <date>2026-09-06T01:34:53.638142623Z</date>
  <millis>1788658493638</millis>
  <nanos>142623</nanos>
  <sequence>9</sequence>
  <logger>global</logger>
  <level>INFO</level>
  <class>dev.asjordi.request.RequestManager</class>
  <method>makeRequest</method>
  <thread>30</thread>
  <message>HTTP request sent successfully</message>
</record>
<record>
  <date>2026-09-06T01:34:53.640377827Z</date>
  <millis>1788658493640</millis>
  <nanos>377827</nanos>
  <sequence>10</sequence>
  <logger>global</logger>
  <level>INFO</level>
  <class>dev.asjordi.weather.DataMapper</class>
  <method>mapDataToObject</method>
  <thread>30</thread>
  <message>Mapping data to WeatherApiResponse object</message>
</record>
<record>
  <date>2026-09-06T01:34:53.681540323Z</date>
  <millis>1788658493681</millis>
  <nanos>540323</nanos>
  <sequence>11</sequence>
  <logger>global</logger>
  <level>INFO</level>
  <class>dev.asjordi.weather.DataMapper</class>
  <method>mapDataToObject</method>
  <thread>30</thread>
  <message>Data mapped to WeatherApiResponse object successfully</message>
</record>
<record>
  <date>2026-09-06T01:34:53.681912043Z</date>
  <millis>1788658493681</millis>
  <nanos>912043</nanos>
  <sequence>12</sequence>
  <logger>global</logger>
  <level>INFO</level>
  <class>dev.asjordi.weather.WeatherDataProcessor</class>
  <method>processData</method>
  <thread>30</thread>
  <message>Data processed successfully</message>
</record>
<record>
  <date>2026-09-06T01:34:53.682343174Z</date>
  <millis>1788658493682</millis>
  <nanos>343174</nanos>
  <sequence>13</sequence>
  <logger>global</logger>
  <level>INFO</level>
  <class>dev.asjordi.weather.WeatherDataProcessor</class>
  <method>generateReport</method>
  <thread>30</thread>
  <message>Generating weather report</message>
</record>
<record>
  <date>2026-09-06T01:34:53.684894419Z</date>
  <millis>1788658493684</millis>
  <nanos>894419</nanos>
  <sequence>14</sequence>
  <logger>global</logger>
  <level>INFO</level>
  <class>dev.asjordi.weather.WeatherDataProcessor</class>
  <method>generateReport</method>
  <thread>30</thread>
  <message>Weather report generated successfully</message>
</record>
<record>
  <date>2026-09-06T01:34:53.734633052Z</date>
  <millis>1788658493734</millis>
  <nanos>633052</nanos>
  <sequence>15</sequence>
  <logger>global</logger>
  <level>INFO</level>
  <class>dev.asjordi.bot.WeatherBot</class>
  <method>&lt;init&gt;</method>
  <thread>30</thread>
  <message>WeatherBot initialized</message>
</record>
<record>
  <date>2026-09-06T01:34:53.735180573Z</date>
  <millis>1788658493735</millis>
  <nanos>180573</nanos>
  <sequence>16</sequence>
  <logger>global</logger>
  <level>INFO</level>
  <class>dev.asjordi.bot.BotService</class>
  <method>&lt;init&gt;</method>
  <thread>30</thread>
  <message>BotService initialized</message>
</record>
<record>
  <date>2026-09-06T01:34:53.735649246Z</date>
  <millis>1788658493735</millis>
  <nanos>649246</nanos>
  <sequence>17</sequence>
  <logger>global</logger>
  <level>INFO</level>
  <class>dev.asjordi.bot.BotService</class>
  <method>sendWeatherReport</method>
  <thread>30</thread>
  <message>Sending weather report</message>
</record>
<record>
  <date>2026-09-06T01:34:55.054907681Z</date>
  <millis>1788658495054</millis>
  <nanos>907681</nanos>
  <sequence>18</sequence>
  <logger>global</logger>
  <level>INFO</level>
  <class>dev.asjordi.bot.BotService</class>
  <method>sendWeatherReport</method>
  <thread>30</thread>
  <message>Weather report sent successfully</message>
</record>
</log>
<?xml version="1.0" encoding="UTF-8" standalone="no"?>
<!DOCTYPE log SYSTEM "logger.dtd">
<log>
<record>
  <date>2026-09-06T08:10:06.537108342Z</date>
  <millis>1788682206537</millis>
  <nanos>108342</nanos>
  <sequence>0</sequence>
  <logger>global</logger>
  <level>INFO</level>
  <class>dev.asjordi.Main</class>
  <method>main</method>
  <thread>30</thread>
  <message>Starting application</message>
</record>
<record>
  <date>2026-09-06T08:10:06.546351202Z</date>
  <millis>1788682206546</millis>
  <nanos>351202</nanos>
  <sequence>1</sequence>
  <logger>global</logger>
  <level>INFO</level>
  <class>dev.asjordi.request.RequestManager</class>
  <method>buildURL</method>
  <thread>30</thread>
  <message>Building URL for OpenWeather API request</message>
</record>
<record>
  <date>2026-09-06T08:10:06.546920299Z</date>
  <millis>1788682206546</millis>
  <nanos>920299</nanos>
  <sequence>2</sequence>
  <logger>global</logger>
  <level>INFO</level>
  <class>dev.asjordi.request.RequestManager</class>
  <method>buildURL</method>
  <thread>30</thread>
  <message>URL built successfully</message>
</record>
<record>
  <date>2026-09-06T08:10:06.655702271Z</date>
  <millis>1788682206655</millis>
  <nanos>702271</nanos>
  <sequence>3</sequence>
  <logger>global</logger>
  <level>INFO</level>
  <class>dev.asjordi.weather.DataMapper</class>
  <method>&lt;init&gt;</method>
  <thread>30</thread>
  <message>DataMapper initialized</message>
</record>
<record>
  <date>2026-09-06T08:10:06.656539855Z</date>
  <millis>1788682206656</millis>
  <nanos>539855</nanos>
  <sequence>4</sequence>
  <logger>global</logger>
  <level>INFO</level>
  <class>dev.asjordi.weather.WeatherDataProcessor</class>
  <method>&lt;init&gt;</method>
  <thread>30</thread>
  <message>WeatherDataProcessor initialized</message>
</record>
<record>
  <date>2026-09-06T08:10:06.657260027Z</date>
  <millis>1788682206657</millis>
  <nanos>260027</nanos>
  <sequence>5</sequence>
  <logger>global</logger>
  <level>INFO</level>
  <class>dev.asjordi.weather.WeatherDataProcessor</class>
  <method>processData</method>
  <thread>30</thread>
  <message>Starting data processing</message>
</record>
<record>
  <date>2026-09-06T08:10:06.657829036Z</date>
  <millis>1788682206657</millis>
  <nanos>829036</nanos>
  <sequence>6</sequence>
  <logger>global</logger>
  <level>INFO</level>
  <class>dev.asjordi.request.RequestManager</class>
  <method>makeRequest</method>
  <thread>30</thread>
  <message>Starting HTTP request to OpenWeather API</message>
</record>
<record>
  <date>2026-09-06T08:10:06.689527652Z</date>
  <millis>1788682206689</millis>
  <nanos>527652</nanos>
  <sequence>7</sequence>
  <logger>global</logger>
  <level>INFO</level>
  <class>dev.asjordi.request.RequestManager</class>
  <method>makeRequest</method>
  <thread>30</thread>
  <message>HTTP request build successfully</message>
</record>
<record>
  <date>2026-09-06T08:10:06.739103380Z</date>
  <millis>1788682206739</millis>
  <nanos>103380</nanos>
  <sequence>8</sequence>
  <logger>global</logger>
  <level>INFO</level>
  <class>dev.asjordi.request.RequestManager</class>
  <method>makeRequest</method>
  <thread>30</thread>
  <message>HTTP client built successfully</message>
</record>
<record>
  <date>2026-09-06T08:10:06.901484253Z</date>
  <millis>1788682206901</millis>
  <nanos>484253</nanos>
  <sequence>9</sequence>
  <logger>global</logger>
  <level>INFO</level>
  <class>dev.asjordi.request.RequestManager</class>
  <method>makeRequest</method>
  <thread>30</thread>
  <message>HTTP request sent successfully</message>
</record>
<record>
  <date>2026-09-06T08:10:06.904057557Z</date>
  <millis>1788682206904</millis>
  <nanos>57557</nanos>
  <sequence>10</sequence>
  <logger>global</logger>
  <level>INFO</level>
  <class>dev.asjordi.weather.DataMapper</class>
  <method>mapDataToObject</method>
  <thread>30</thread>
  <message>Mapping data to WeatherApiResponse object</message>
</record>
<record>
  <date>2026-09-06T08:10:06.954275140Z</date>
  <millis>1788682206954</millis>
  <nanos>275140</nanos>
  <sequence>11</sequence>
  <logger>global</logger>
  <level>INFO</level>
  <class>dev.asjordi.weather.DataMapper</class>
  <method>mapDataToObject</method>
  <thread>30</thread>
  <message>Data mapped to WeatherApiResponse object successfully</message>
</record>
<record>
  <date>2026-09-06T08:10:06.954779537Z</date>
  <millis>1788682206954</millis>
  <nanos>779537</nanos>
  <sequence>12</sequence>
  <logger>global</logger>
  <level>INFO</level>
  <class>dev.asjordi.weather.WeatherDataProcessor</class>
  <method>processData</method>
  <thread>30</thread>
  <message>Data processed successfully</message>
</record>
<record>
  <date>2026-09-06T08:10:06.955302360Z</date>
  <millis>1788682206955</millis>
  <nanos>302360</nanos>
  <sequence>13</sequence>
  <logger>global</logger>
  <level>INFO</level>
  <class>dev.asjordi.weather.WeatherDataProcessor</class>
  <method>generateReport</method>
  <thread>30</thread>
  <message>Generating weather report</message>
</record>
<record>
  <date>2026-09-06T08:10:06.958232393Z</date>
  <millis>1788682206958</millis>
  <nanos>232393</nanos>
  <sequence>14</sequence>
  <logger>global</logger>
  <level>INFO</level>
  <class>dev.asjordi.weather.WeatherDataProcessor</class>
  <method>generateReport</method>
  <thread>30</thread>
  <message>Weather report generated successfully</message>
</record>
<record>
  <date>2026-09-06T08:10:07.017422392Z</date>
  <millis>1788682207017</millis>
  <nanos>422392</nanos>
  <sequence>15</sequence>
  <logger>global</logger>
  <level>INFO</level>
  <class>dev.asjordi.bot.WeatherBot</class>
  <method>&lt;init&gt;</method>
  <thread>30</thread>
  <message>WeatherBot initialized</message>
</record>
<record>
  <date>2026-09-06T08:10:07.018148546Z</date>
  <millis>1788682207018</millis>
  <nanos>148546</nanos>
  <sequence>16</sequence>
  <logger>global</logger>
  <level>INFO</level>
  <class>dev.asjordi.bot.BotService</class>
  <method>&lt;init&gt;</method>
  <thread>30</thread>
  <message>BotService initialized</message>
</record>
<record>
  <date>2026-09-06T08:10:07.018709079Z</date>
  <millis>1788682207018</millis>
  <nanos>709079</nanos>
  <sequence>17</sequence>
  <logger>global</logger>
  <level>INFO</level>
  <class>dev.asjordi.bot.BotService</class>
  <method>sendWeatherReport</method>
  <thread>30</thread>
  <message>Sending weather report</message>
</record>
<record>
  <date>2026-09-06T08:10:08.224522885Z</date>
  <millis>1788682208224</millis>
  <nanos>522885</nanos>
  <sequence>18</sequence>
  <logger>global</logger>
  <level>INFO</level>
  <class>dev.asjordi.bot.BotService</class>
  <method>sendWeatherReport</method>
  <thread>30</thread>
  <message>Weather report sent successfully</message>
</record>
</log>
<?xml version="1.0" encoding="UTF-8" standalone="no"?>
<!DOCTYPE log SYSTEM "logger.dtd">
<log>
<record>
  <date>2026-09-06T14:30:05.885628889Z</date>
  <millis>1788705005885</millis>
  <nanos>628889</nanos>
  <sequence>0</sequence>
  <logger>global</logger>
  <level>INFO</level>
  <class>dev.asjordi.Main</class>
  <method>main</method>
  <thread>30</thread>
  <message>Starting application</message>
</record>
<record>
  <date>2026-09-06T14:30:05.896067869Z</date>
  <millis>1788705005896</millis>
  <nanos>67869</nanos>
  <sequence>1</sequence>
  <logger>global</logger>
  <level>INFO</level>
  <class>dev.asjordi.request.RequestManager</class>
  <method>buildURL</method>
  <thread>30</thread>
  <message>Building URL for OpenWeather API request</message>
</record>
<record>
  <date>2026-09-06T14:30:05.896719873Z</date>
  <millis>1788705005896</millis>
  <nanos>719873</nanos>
  <sequence>2</sequence>
  <logger>global</logger>
  <level>INFO</level>
  <class>dev.asjordi.request.RequestManager</class>
  <method>buildURL</method>
  <thread>30</thread>
  <message>URL built successfully</message>
</record>
<record>
  <date>2026-09-06T14:30:06.039183147Z</date>
  <millis>1788705006039</millis>
  <nanos>183147</nanos>
  <sequence>3</sequence>
  <logger>global</logger>
  <level>INFO</level>
  <class>dev.asjordi.weather.DataMapper</class>
  <method>&lt;init&gt;</method>
  <thread>30</thread>
  <message>DataMapper initialized</message>
</record>
<record>
  <date>2026-09-06T14:30:06.040092031Z</date>
  <millis>1788705006040</millis>
  <nanos>92031</nanos>
  <sequence>4</sequence>
  <logger>global</logger>
  <level>INFO</level>
  <class>dev.asjordi.weather.WeatherDataProcessor</class>
  <method>&lt;init&gt;</method>
  <thread>30</thread>
  <message>WeatherDataProcessor initialized</message>
</record>
<record>
  <date>2026-09-06T14:30:06.040640012Z</date>
  <millis>1788705006040</millis>
  <nanos>640012</nanos>
  <sequence>5</sequence>
  <logger>global</logger>
  <level>INFO</level>
  <class>dev.asjordi.weather.WeatherDataProcessor</class>
  <method>processData</method>
  <thread>30</thread>
  <message>Starting data processing</message>
</record>
<record>
  <date>2026-09-06T14:30:06.041254487Z</date>
  <millis>1788705006041</millis>
  <nanos>254487</nanos>
  <sequence>6</sequence>
  <logger>global</logger>
  <level>INFO</level>
  <class>dev.asjordi.request.RequestManager</class>
  <method>makeRequest</method>
  <thread>30</thread>
  <message>Starting HTTP request to OpenWeather API</message>
</record>
<record>
  <date>2026-09-06T14:30:06.069232975Z</date>
  <millis>1788705006069</millis>
  <nanos>232975</nanos>
  <sequence>7</sequence>
  <logger>global</logger>
  <level>INFO</level>
  <class>dev.asjordi.request.RequestManager</class>
  <method>makeRequest</method>
  <thread>30</thread>
  <message>HTTP request build successfully</message>
</record>
<record>
  <date>2026-09-06T14:30:06.133988084Z</date>
  <millis>1788705006133</millis>
  <nanos>988084</nanos>
  <sequence>8</sequence>
  <logger>global</logger>
  <level>INFO</level>
  <class>dev.asjordi.request.RequestManager</class>
  <method>makeRequest</method>
  <thread>30</thread>
  <message>HTTP client built successfully</message>
</record>
<record>
  <date>2026-09-06T14:30:06.347418525Z</date>
  <millis>1788705006347</millis>
  <nanos>418525</nanos>
  <sequence>9</sequence>
  <logger>global</logger>
  <level>INFO</level>
  <class>dev.asjordi.request.RequestManager</class>
  <method>makeRequest</method>
  <thread>30</thread>
  <message>HTTP request sent successfully</message>
</record>
<record>
  <date>2026-09-06T14:30:06.351923907Z</date>
  <millis>1788705006351</millis>
  <nanos>923907</nanos>
  <sequence>10</sequence>
  <logger>global</logger>
  <level>INFO</level>
  <class>dev.asjordi.weather.DataMapper</class>
  <method>mapDataToObject</method>
  <thread>30</thread>
  <message>Mapping data to WeatherApiResponse object</message>
</record>
<record>
  <date>2026-09-06T14:30:06.413211852Z</date>
  <millis>1788705006413</millis>
  <nanos>211852</nanos>
  <sequence>11</sequence>
  <logger>global</logger>
  <level>INFO</level>
  <class>dev.asjordi.weather.DataMapper</class>
  <method>mapDataToObject</method>
  <thread>30</thread>
  <message>Data mapped to WeatherApiResponse object successfully</message>
</record>
<record>
  <date>2026-09-06T14:30:06.413813845Z</date>
  <millis>1788705006413</millis>
  <nanos>813845</nanos>
  <sequence>12</sequence>
  <logger>global</logger>
  <level>INFO</level>
  <class>dev.asjordi.weather.WeatherDataProcessor</class>
  <method>processData</method>
  <thread>30</thread>
  <message>Data processed successfully</message>
</record>
<record>
  <date>2026-09-06T14:30:06.414350667Z</date>
  <millis>1788705006414</millis>
  <nanos>350667</nanos>
  <sequence>13</sequence>
  <logger>global</logger>
  <level>INFO</level>
  <class>dev.asjordi.weather.WeatherDataProcessor</class>
  <method>generateReport</method>
  <thread>30</thread>
  <message>Generating weather report</message>
</record>
<record>
  <date>2026-09-06T14:30:06.417466812Z</date>
  <millis>1788705006417</millis>
  <nanos>466812</nanos>
  <sequence>14</sequence>
  <logger>global</logger>
  <level>INFO</level>
  <class>dev.asjordi.weather.WeatherDataProcessor</class>
  <method>generateReport</method>
  <thread>30</thread>
  <message>Weather report generated successfully</message>
</record>
<record>
  <date>2026-09-06T14:30:06.482089321Z</date>
  <millis>1788705006482</millis>
  <nanos>89321</nanos>
  <sequence>15</sequence>
  <logger>global</logger>
  <level>INFO</level>
  <class>dev.asjordi.bot.WeatherBot</class>
  <method>&lt;init&gt;</method>
  <thread>30</thread>
  <message>WeatherBot initialized</message>
</record>
<record>
  <date>2026-09-06T14:30:06.482787905Z</date>
  <millis>1788705006482</millis>
  <nanos>787905</nanos>
  <sequence>16</sequence>
  <logger>global</logger>
  <level>INFO</level>
  <class>dev.asjordi.bot.BotService</class>
  <method>&lt;init&gt;</method>
  <thread>30</thread>
  <message>BotService initialized</message>
</record>
<record>
  <date>2026-09-06T14:30:06.483306202Z</date>
  <millis>1788705006483</millis>
  <nanos>306202</nanos>
  <sequence>17</sequence>
  <logger>global</logger>
  <level>INFO</level>
  <class>dev.asjordi.bot.BotService</class>
  <method>sendWeatherReport</method>
  <thread>30</thread>
  <message>Sending weather report</message>
</record>
<record>
  <date>2026-09-06T14:30:08.190660797Z</date>
  <millis>1788705008190</millis>
  <nanos>660797</nanos>
  <sequence>18</sequence>
  <logger>global</logger>
  <level>INFO</level>
  <class>dev.asjordi.bot.BotService</class>
  <method>sendWeatherReport</method>
  <thread>30</thread>
  <message>Weather report sent successfully</message>
</record>
</log>
<?xml version="1.0" encoding="UTF-8" standalone="no"?>
<!DOCTYPE log SYSTEM "logger.dtd">
<log>
<record>
  <date>2026-09-06T17:49:33.218017454Z</date>
  <millis>1788716973218</millis>
  <nanos>17454</nanos>
  <sequence>0</sequence>
  <logger>global</logger>
  <level>INFO</level>
  <class>dev.asjordi.Main</class>
  <method>main</method>
  <thread>30</thread>
  <message>Starting application</message>
</record>
<record>
  <date>2026-09-06T17:49:33.227614375Z</date>
  <millis>1788716973227</millis>
  <nanos>614375</nanos>
  <sequence>1</sequence>
  <logger>global</logger>
  <level>INFO</level>
  <class>dev.asjordi.request.RequestManager</class>
  <method>buildURL</method>
  <thread>30</thread>
  <message>Building URL for OpenWeather API request</message>
</record>
<record>
  <date>2026-09-06T17:49:33.228119451Z</date>
  <millis>1788716973228</millis>
  <nanos>119451</nanos>
  <sequence>2</sequence>
  <logger>global</logger>
  <level>INFO</level>
  <class>dev.asjordi.request.RequestManager</class>
  <method>buildURL</method>
  <thread>30</thread>
  <message>URL built successfully</message>
</record>
<record>
  <date>2026-09-06T17:49:33.351968137Z</date>
  <millis>1788716973351</millis>
  <nanos>968137</nanos>
  <sequence>3</sequence>
  <logger>global</logger>
  <level>INFO</level>
  <class>dev.asjordi.weather.DataMapper</class>
  <method>&lt;init&gt;</method>
  <thread>30</thread>
  <message>DataMapper initialized</message>
</record>
<record>
  <date>2026-09-06T17:49:33.352985521Z</date>
  <millis>1788716973352</millis>
  <nanos>985521</nanos>
  <sequence>4</sequence>
  <logger>global</logger>
  <level>INFO</level>
  <class>dev.asjordi.weather.WeatherDataProcessor</class>
  <method>&lt;init&gt;</method>
  <thread>30</thread>
  <message>WeatherDataProcessor initialized</message>
</record>
<record>
  <date>2026-09-06T17:49:33.353594801Z</date>
  <millis>1788716973353</millis>
  <nanos>594801</nanos>
  <sequence>5</sequence>
  <logger>global</logger>
  <level>INFO</level>
  <class>dev.asjordi.weather.WeatherDataProcessor</class>
  <method>processData</method>
  <thread>30</thread>
  <message>Starting data processing</message>
</record>
<record>
  <date>2026-09-06T17:49:33.354139440Z</date>
  <millis>1788716973354</millis>
  <nanos>139440</nanos>
  <sequence>6</sequence>
  <logger>global</logger>
  <level>INFO</level>
  <class>dev.asjordi.request.RequestManager</class>
  <method>makeRequest</method>
  <thread>30</thread>
  <message>Starting HTTP request to OpenWeather API</message>
</record>
<record>
  <date>2026-09-06T17:49:33.384414603Z</date>
  <millis>1788716973384</millis>
  <nanos>414603</nanos>
  <sequence>7</sequence>
  <logger>global</logger>
  <level>INFO</level>
  <class>dev.asjordi.request.RequestManager</class>
  <method>makeRequest</method>
  <thread>30</thread>
  <message>HTTP request build successfully</message>
</record>
<record>
  <date>2026-09-06T17:49:33.441468827Z</date>
  <millis>1788716973441</millis>
  <nanos>468827</nanos>
  <sequence>8</sequence>
  <logger>global</logger>
  <level>INFO</level>
  <class>dev.asjordi.request.RequestManager</class>
  <method>makeRequest</method>
  <thread>30</thread>
  <message>HTTP client built successfully</message>
</record>
<record>
  <date>2026-09-06T17:49:33.719079485Z</date>
  <millis>1788716973719</millis>
  <nanos>79485</nanos>
  <sequence>9</sequence>
  <logger>global</logger>
  <level>INFO</level>
  <class>dev.asjordi.request.RequestManager</class>
  <method>makeRequest</method>
  <thread>30</thread>
  <message>HTTP request sent successfully</message>
</record>
<record>
  <date>2026-09-06T17:49:33.722436380Z</date>
  <millis>1788716973722</millis>
  <nanos>436380</nanos>
  <sequence>10</sequence>
  <logger>global</logger>
  <level>INFO</level>
  <class>dev.asjordi.weather.DataMapper</class>
  <method>mapDataToObject</method>
  <thread>30</thread>
  <message>Mapping data to WeatherApiResponse object</message>
</record>
<record>
  <date>2026-09-06T17:49:33.776590575Z</date>
  <millis>1788716973776</millis>
  <nanos>590575</nanos>
  <sequence>11</sequence>
  <logger>global</logger>
  <level>INFO</level>
  <class>dev.asjordi.weather.DataMapper</class>
  <method>mapDataToObject</method>
  <thread>30</thread>
  <message>Data mapped to WeatherApiResponse object successfully</message>
</record>
<record>
  <date>2026-09-06T17:49:33.777123383Z</date>
  <millis>1788716973777</millis>
  <nanos>123383</nanos>
  <sequence>12</sequence>
  <logger>global</logger>
  <level>INFO</level>
  <class>dev.asjordi.weather.WeatherDataProcessor</class>
  <method>processData</method>
  <thread>30</thread>
  <message>Data processed successfully</message>
</record>
<record>
  <date>2026-09-06T17:49:33.777701014Z</date>
  <millis>1788716973777</millis>
  <nanos>701014</nanos>
  <sequence>13</sequence>
  <logger>global</logger>
  <level>INFO</level>
  <class>dev.asjordi.weather.WeatherDataProcessor</class>
  <method>generateReport</method>
  <thread>30</thread>
  <message>Generating weather report</message>
</record>
<record>
  <date>2026-09-06T17:49:33.780129409Z</date>
  <millis>1788716973780</millis>
  <nanos>129409</nanos>
  <sequence>14</sequence>
  <logger>global</logger>
  <level>INFO</level>
  <class>dev.asjordi.weather.WeatherDataProcessor</class>
  <method>generateReport</method>
  <thread>30</thread>
  <message>Weather report generated successfully</message>
</record>
<record>
  <date>2026-09-06T17:49:33.837485497Z</date>
  <millis>1788716973837</millis>
  <nanos>485497</nanos>
  <sequence>15</sequence>
  <logger>global</logger>
  <level>INFO</level>
  <class>dev.asjordi.bot.WeatherBot</class>
  <method>&lt;init&gt;</method>
  <thread>30</thread>
  <message>WeatherBot initialized</message>
</record>
<record>
  <date>2026-09-06T17:49:33.838317404Z</date>
  <millis>1788716973838</millis>
  <nanos>317404</nanos>
  <sequence>16</sequence>
  <logger>global</logger>
  <level>INFO</level>
  <class>dev.asjordi.bot.BotService</class>
  <method>&lt;init&gt;</method>
  <thread>30</thread>
  <message>BotService initialized</message>
</record>
<record>
  <date>2026-09-06T17:49:33.838805788Z</date>
  <millis>1788716973838</millis>
  <nanos>805788</nanos>
  <sequence>17</sequence>
  <logger>global</logger>
  <level>INFO</level>
  <class>dev.asjordi.bot.BotService</class>
  <method>sendWeatherReport</method>
  <thread>30</thread>
  <message>Sending weather report</message>
</record>
<record>
  <date>2026-09-06T17:49:35.341987156Z</date>
  <millis>1788716975341</millis>
  <nanos>987156</nanos>
  <sequence>18</sequence>
  <logger>global</logger>
  <level>INFO</level>
  <class>dev.asjordi.bot.BotService</class>
  <method>sendWeatherReport</method>
  <thread>30</thread>
  <message>Weather report sent successfully</message>
</record>
</log>
<?xml version="1.0" encoding="UTF-8" standalone="no"?>
<!DOCTYPE log SYSTEM "logger.dtd">
<log>
<record>
  <date>2026-09-06T21:47:55.940340156Z</date>
  <millis>1788731275940</millis>
  <nanos>340156</nanos>
  <sequence>0</sequence>
  <logger>global</logger>
  <level>INFO</level>
  <class>dev.asjordi.Main</class>
  <method>main</method>
  <thread>30</thread>
  <message>Starting application</message>
</record>
<record>
  <date>2026-09-06T21:47:55.951732536Z</date>
  <millis>1788731275951</millis>
  <nanos>732536</nanos>
  <sequence>1</sequence>
  <logger>global</logger>
  <level>INFO</level>
  <class>dev.asjordi.request.RequestManager</class>
  <method>buildURL</method>
  <thread>30</thread>
  <message>Building URL for OpenWeather API request</message>
</record>
<record>
  <date>2026-09-06T21:47:55.952553287Z</date>
  <millis>1788731275952</millis>
  <nanos>553287</nanos>
  <sequence>2</sequence>
  <logger>global</logger>
  <level>INFO</level>
  <class>dev.asjordi.request.RequestManager</class>
  <method>buildURL</method>
  <thread>30</thread>
  <message>URL built successfully</message>
</record>
<record>
  <date>2026-09-06T21:47:56.115244697Z</date>
  <millis>1788731276115</millis>
  <nanos>244697</nanos>
  <sequence>3</sequence>
  <logger>global</logger>
  <level>INFO</level>
  <class>dev.asjordi.weather.DataMapper</class>
  <method>&lt;init&gt;</method>
  <thread>30</thread>
  <message>DataMapper initialized</message>
</record>
<record>
  <date>2026-09-06T21:47:56.115990872Z</date>
  <millis>1788731276115</millis>
  <nanos>990872</nanos>
  <sequence>4</sequence>
  <logger>global</logger>
  <level>INFO</level>
  <class>dev.asjordi.weather.WeatherDataProcessor</class>
  <method>&lt;init&gt;</method>
  <thread>30</thread>
  <message>WeatherDataProcessor initialized</message>
</record>
<record>
  <date>2026-09-06T21:47:56.116552917Z</date>
  <millis>1788731276116</millis>
  <nanos>552917</nanos>
  <sequence>5</sequence>
  <logger>global</logger>
  <level>INFO</level>
  <class>dev.asjordi.weather.WeatherDataProcessor</class>
  <method>processData</method>
  <thread>30</thread>
  <message>Starting data processing</message>
</record>
<record>
  <date>2026-09-06T21:47:56.117159427Z</date>
  <millis>1788731276117</millis>
  <nanos>159427</nanos>
  <sequence>6</sequence>
  <logger>global</logger>
  <level>INFO</level>
  <class>dev.asjordi.request.RequestManager</class>
  <method>makeRequest</method>
  <thread>30</thread>
  <message>Starting HTTP request to OpenWeather API</message>
</record>
<record>
  <date>2026-09-06T21:47:56.141907525Z</date>
  <millis>1788731276141</millis>
  <nanos>907525</nanos>
  <sequence>7</sequence>
  <logger>global</logger>
  <level>INFO</level>
  <class>dev.asjordi.request.RequestManager</class>
  <method>makeRequest</method>
  <thread>30</thread>
  <message>HTTP request build successfully</message>
</record>
<record>
  <date>2026-09-06T21:47:56.221627245Z</date>
  <millis>1788731276221</millis>
  <nanos>627245</nanos>
  <sequence>8</sequence>
  <logger>global</logger>
  <level>INFO</level>
  <class>dev.asjordi.request.RequestManager</class>
  <method>makeRequest</method>
  <thread>30</thread>
  <message>HTTP client built successfully</message>
</record>
<record>
  <date>2026-09-06T21:47:56.585589501Z</date>
  <millis>1788731276585</millis>
  <nanos>589501</nanos>
  <sequence>9</sequence>
  <logger>global</logger>
  <level>INFO</level>
  <class>dev.asjordi.request.RequestManager</class>
  <method>makeRequest</method>
  <thread>30</thread>
  <message>HTTP request sent successfully</message>
</record>
<record>
  <date>2026-09-06T21:47:56.600582177Z</date>
  <millis>1788731276600</millis>
  <nanos>582177</nanos>
  <sequence>10</sequence>
  <logger>global</logger>
  <level>INFO</level>
  <class>dev.asjordi.weather.DataMapper</class>
  <method>mapDataToObject</method>
  <thread>30</thread>
  <message>Mapping data to WeatherApiResponse object</message>
</record>
<record>
  <date>2026-09-06T21:47:56.650492263Z</date>
  <millis>1788731276650</millis>
  <nanos>492263</nanos>
  <sequence>11</sequence>
  <logger>global</logger>
  <level>INFO</level>
  <class>dev.asjordi.weather.DataMapper</class>
  <method>mapDataToObject</method>
  <thread>30</thread>
  <message>Data mapped to WeatherApiResponse object successfully</message>
</record>
<record>
  <date>2026-09-06T21:47:56.651056381Z</date>
  <millis>1788731276651</millis>
  <nanos>56381</nanos>
  <sequence>12</sequence>
  <logger>global</logger>
  <level>INFO</level>
  <class>dev.asjordi.weather.WeatherDataProcessor</class>
  <method>processData</method>
  <thread>30</thread>
  <message>Data processed successfully</message>
</record>
<record>
  <date>2026-09-06T21:47:56.651507093Z</date>
  <millis>1788731276651</millis>
  <nanos>507093</nanos>
  <sequence>13</sequence>
  <logger>global</logger>
  <level>INFO</level>
  <class>dev.asjordi.weather.WeatherDataProcessor</class>
  <method>generateReport</method>
  <thread>30</thread>
  <message>Generating weather report</message>
</record>
<record>
  <date>2026-09-06T21:47:56.654710810Z</date>
  <millis>1788731276654</millis>
  <nanos>710810</nanos>
  <sequence>14</sequence>
  <logger>global</logger>
  <level>INFO</level>
  <class>dev.asjordi.weather.WeatherDataProcessor</class>
  <method>generateReport</method>
  <thread>30</thread>
  <message>Weather report generated successfully</message>
</record>
<record>
  <date>2026-09-06T21:47:56.735790446Z</date>
  <millis>1788731276735</millis>
  <nanos>790446</nanos>
  <sequence>15</sequence>
  <logger>global</logger>
  <level>INFO</level>
  <class>dev.asjordi.bot.WeatherBot</class>
  <method>&lt;init&gt;</method>
  <thread>30</thread>
  <message>WeatherBot initialized</message>
</record>
<record>
  <date>2026-09-06T21:47:56.736614442Z</date>
  <millis>1788731276736</millis>
  <nanos>614442</nanos>
  <sequence>16</sequence>
  <logger>global</logger>
  <level>INFO</level>
  <class>dev.asjordi.bot.BotService</class>
  <method>&lt;init&gt;</method>
  <thread>30</thread>
  <message>BotService initialized</message>
</record>
<record>
  <date>2026-09-06T21:47:56.737214622Z</date>
  <millis>1788731276737</millis>
  <nanos>214622</nanos>
  <sequence>17</sequence>
  <logger>global</logger>
  <level>INFO</level>
  <class>dev.asjordi.bot.BotService</class>
  <method>sendWeatherReport</method>
  <thread>30</thread>
  <message>Sending weather report</message>
</record>
<record>
  <date>2026-09-06T21:47:58.021597246Z</date>
  <millis>1788731278021</millis>
  <nanos>597246</nanos>
  <sequence>18</sequence>
  <logger>global</logger>
  <level>INFO</level>
  <class>dev.asjordi.bot.BotService</class>
  <method>sendWeatherReport</method>
  <thread>30</thread>
  <message>Weather report sent successfully</message>
</record>
</log>
<?xml version="1.0" encoding="UTF-8" standalone="no"?>
<!DOCTYPE log SYSTEM "logger.dtd">
<log>
<record>
  <date>2026-09-07T01:33:05.590082191Z</date>
  <millis>1788744785590</millis>
  <nanos>82191</nanos>
  <sequence>0</sequence>
  <logger>global</logger>
  <level>INFO</level>
  <class>dev.asjordi.Main</class>
  <method>main</method>
  <thread>30</thread>
  <message>Starting application</message>
</record>
<record>
  <date>2026-09-07T01:33:05.601007652Z</date>
  <millis>1788744785601</millis>
  <nanos>7652</nanos>
  <sequence>1</sequence>
  <logger>global</logger>
  <level>INFO</level>
  <class>dev.asjordi.request.RequestManager</class>
  <method>buildURL</method>
  <thread>30</thread>
  <message>Building URL for OpenWeather API request</message>
</record>
<record>
  <date>2026-09-07T01:33:05.601713120Z</date>
  <millis>1788744785601</millis>
  <nanos>713120</nanos>
  <sequence>2</sequence>
  <logger>global</logger>
  <level>INFO</level>
  <class>dev.asjordi.request.RequestManager</class>
  <method>buildURL</method>
  <thread>30</thread>
  <message>URL built successfully</message>
</record>
<record>
  <date>2026-09-07T01:33:05.750021408Z</date>
  <millis>1788744785750</millis>
  <nanos>21408</nanos>
  <sequence>3</sequence>
  <logger>global</logger>
  <level>INFO</level>
  <class>dev.asjordi.weather.DataMapper</class>
  <method>&lt;init&gt;</method>
  <thread>30</thread>
  <message>DataMapper initialized</message>
</record>
<record>
  <date>2026-09-07T01:33:05.750854865Z</date>
  <millis>1788744785750</millis>
  <nanos>854865</nanos>
  <sequence>4</sequence>
  <logger>global</logger>
  <level>INFO</level>
  <class>dev.asjordi.weather.WeatherDataProcessor</class>
  <method>&lt;init&gt;</method>
  <thread>30</thread>
  <message>WeatherDataProcessor initialized</message>
</record>
<record>
  <date>2026-09-07T01:33:05.751423367Z</date>
  <millis>1788744785751</millis>
  <nanos>423367</nanos>
  <sequence>5</sequence>
  <logger>global</logger>
  <level>INFO</level>
  <class>dev.asjordi.weather.WeatherDataProcessor</class>
  <method>processData</method>
  <thread>30</thread>
  <message>Starting data processing</message>
</record>
<record>
  <date>2026-09-07T01:33:05.751940643Z</date>
  <millis>1788744785751</millis>
  <nanos>940643</nanos>
  <sequence>6</sequence>
  <logger>global</logger>
  <level>INFO</level>
  <class>dev.asjordi.request.RequestManager</class>
  <method>makeRequest</method>
  <thread>30</thread>
  <message>Starting HTTP request to OpenWeather API</message>
</record>
<record>
  <date>2026-09-07T01:33:05.781100379Z</date>
  <millis>1788744785781</millis>
  <nanos>100379</nanos>
  <sequence>7</sequence>
  <logger>global</logger>
  <level>INFO</level>
  <class>dev.asjordi.request.RequestManager</class>
  <method>makeRequest</method>
  <thread>30</thread>
  <message>HTTP request build successfully</message>
</record>
<record>
  <date>2026-09-07T01:33:05.843968909Z</date>
  <millis>1788744785843</millis>
  <nanos>968909</nanos>
  <sequence>8</sequence>
  <logger>global</logger>
  <level>INFO</level>
  <class>dev.asjordi.request.RequestManager</class>
  <method>makeRequest</method>
  <thread>30</thread>
  <message>HTTP client built successfully</message>
</record>
<record>
  <date>2026-09-07T01:33:06.015291352Z</date>
  <millis>1788744786015</millis>
  <nanos>291352</nanos>
  <sequence>9</sequence>
  <logger>global</logger>
  <level>INFO</level>
  <class>dev.asjordi.request.RequestManager</class>
  <method>makeRequest</method>
  <thread>30</thread>
  <message>HTTP request sent successfully</message>
</record>
<record>
  <date>2026-09-07T01:33:06.017719026Z</date>
  <millis>1788744786017</millis>
  <nanos>719026</nanos>
  <sequence>10</sequence>
  <logger>global</logger>
  <level>INFO</level>
  <class>dev.asjordi.weather.DataMapper</class>
  <method>mapDataToObject</method>
  <thread>30</thread>
  <message>Mapping data to WeatherApiResponse object</message>
</record>
<record>
  <date>2026-09-07T01:33:06.067644777Z</date>
  <millis>1788744786067</millis>
  <nanos>644777</nanos>
  <sequence>11</sequence>
  <logger>global</logger>
  <level>INFO</level>
  <class>dev.asjordi.weather.DataMapper</class>
  <method>mapDataToObject</method>
  <thread>30</thread>
  <message>Data mapped to WeatherApiResponse object successfully</message>
</record>
<record>
  <date>2026-09-07T01:33:06.068151754Z</date>
  <millis>1788744786068</millis>
  <nanos>151754</nanos>
  <sequence>12</sequence>
  <logger>global</logger>
  <level>INFO</level>
  <class>dev.asjordi.weather.WeatherDataProcessor</class>
  <method>processData</method>
  <thread>30</thread>
  <message>Data processed successfully</message>
</record>
<record>
  <date>2026-09-07T01:33:06.068713574Z</date>
  <millis>1788744786068</millis>
  <nanos>713574</nanos>
  <sequence>13</sequence>
  <logger>global</logger>
  <level>INFO</level>
  <class>dev.asjordi.weather.WeatherDataProcessor</class>
  <method>generateReport</method>
  <thread>30</thread>
  <message>Generating weather report</message>
</record>
<record>
  <date>2026-09-07T01:33:06.071619592Z</date>
  <millis>1788744786071</millis>
  <nanos>619592</nanos>
  <sequence>14</sequence>
  <logger>global</logger>
  <level>INFO</level>
  <class>dev.asjordi.weather.WeatherDataProcessor</class>
  <method>generateReport</method>
  <thread>30</thread>
  <message>Weather report generated successfully</message>
</record>
<record>
  <date>2026-09-07T01:33:06.129199514Z</date>
  <millis>1788744786129</millis>
  <nanos>199514</nanos>
  <sequence>15</sequence>
  <logger>global</logger>
  <level>INFO</level>
  <class>dev.asjordi.bot.WeatherBot</class>
  <method>&lt;init&gt;</method>
  <thread>30</thread>
  <message>WeatherBot initialized</message>
</record>
<record>
  <date>2026-09-07T01:33:06.129828179Z</date>
  <millis>1788744786129</millis>
  <nanos>828179</nanos>
  <sequence>16</sequence>
  <logger>global</logger>
  <level>INFO</level>
  <class>dev.asjordi.bot.BotService</class>
  <method>&lt;init&gt;</method>
  <thread>30</thread>
  <message>BotService initialized</message>
</record>
<record>
  <date>2026-09-07T01:33:06.130345966Z</date>
  <millis>1788744786130</millis>
  <nanos>345966</nanos>
  <sequence>17</sequence>
  <logger>global</logger>
  <level>INFO</level>
  <class>dev.asjordi.bot.BotService</class>
  <method>sendWeatherReport</method>
  <thread>30</thread>
  <message>Sending weather report</message>
</record>
<record>
  <date>2026-09-07T01:33:07.328813799Z</date>
  <millis>1788744787328</millis>
  <nanos>813799</nanos>
  <sequence>18</sequence>
  <logger>global</logger>
  <level>INFO</level>
  <class>dev.asjordi.bot.BotService</class>
  <method>sendWeatherReport</method>
  <thread>30</thread>
  <message>Weather report sent successfully</message>
</record>
</log>
<?xml version="1.0" encoding="UTF-8" standalone="no"?>
<!DOCTYPE log SYSTEM "logger.dtd">
<log>
<record>
  <date>2026-09-07T08:41:38.013488126Z</date>
  <millis>1788770498013</millis>
  <nanos>488126</nanos>
  <sequence>0</sequence>
  <logger>global</logger>
  <level>INFO</level>
  <class>dev.asjordi.Main</class>
  <method>main</method>
  <thread>29</thread>
  <message>Starting application</message>
</record>
<record>
  <date>2026-09-07T08:41:38.023827581Z</date>
  <millis>1788770498023</millis>
  <nanos>827581</nanos>
  <sequence>1</sequence>
  <logger>global</logger>
  <level>INFO</level>
  <class>dev.asjordi.request.RequestManager</class>
  <method>buildURL</method>
  <thread>29</thread>
  <message>Building URL for OpenWeather API request</message>
</record>
<record>
  <date>2026-09-07T08:41:38.024685745Z</date>
  <millis>1788770498024</millis>
  <nanos>685745</nanos>
  <sequence>2</sequence>
  <logger>global</logger>
  <level>INFO</level>
  <class>dev.asjordi.request.RequestManager</class>
  <method>buildURL</method>
  <thread>29</thread>
  <message>URL built successfully</message>
</record>
<record>
  <date>2026-09-07T08:41:38.175796994Z</date>
  <millis>1788770498175</millis>
  <nanos>796994</nanos>
  <sequence>3</sequence>
  <logger>global</logger>
  <level>INFO</level>
  <class>dev.asjordi.weather.DataMapper</class>
  <method>&lt;init&gt;</method>
  <thread>29</thread>
  <message>DataMapper initialized</message>
</record>
<record>
  <date>2026-09-07T08:41:38.176759694Z</date>
  <millis>1788770498176</millis>
  <nanos>759694</nanos>
  <sequence>4</sequence>
  <logger>global</logger>
  <level>INFO</level>
  <class>dev.asjordi.weather.WeatherDataProcessor</class>
  <method>&lt;init&gt;</method>
  <thread>29</thread>
  <message>WeatherDataProcessor initialized</message>
</record>
<record>
  <date>2026-09-07T08:41:38.177451766Z</date>
  <millis>1788770498177</millis>
  <nanos>451766</nanos>
  <sequence>5</sequence>
  <logger>global</logger>
  <level>INFO</level>
  <class>dev.asjordi.weather.WeatherDataProcessor</class>
  <method>processData</method>
  <thread>29</thread>
  <message>Starting data processing</message>
</record>
<record>
  <date>2026-09-07T08:41:38.178025915Z</date>
  <millis>1788770498178</millis>
  <nanos>25915</nanos>
  <sequence>6</sequence>
  <logger>global</logger>
  <level>INFO</level>
  <class>dev.asjordi.request.RequestManager</class>
  <method>makeRequest</method>
  <thread>29</thread>
  <message>Starting HTTP request to OpenWeather API</message>
</record>
<record>
  <date>2026-09-07T08:41:38.207748013Z</date>
  <millis>1788770498207</millis>
  <nanos>748013</nanos>
  <sequence>7</sequence>
  <logger>global</logger>
  <level>INFO</level>
  <class>dev.asjordi.request.RequestManager</class>
  <method>makeRequest</method>
  <thread>29</thread>
  <message>HTTP request build successfully</message>
</record>
<record>
  <date>2026-09-07T08:41:38.291836466Z</date>
  <millis>1788770498291</millis>
  <nanos>836466</nanos>
  <sequence>8</sequence>
  <logger>global</logger>
  <level>INFO</level>
  <class>dev.asjordi.request.RequestManager</class>
  <method>makeRequest</method>
  <thread>29</thread>
  <message>HTTP client built successfully</message>
</record>
<record>
  <date>2026-09-07T08:41:38.542023047Z</date>
  <millis>1788770498542</millis>
  <nanos>23047</nanos>
  <sequence>9</sequence>
  <logger>global</logger>
  <level>INFO</level>
  <class>dev.asjordi.request.RequestManager</class>
  <method>makeRequest</method>
  <thread>29</thread>
  <message>HTTP request sent successfully</message>
</record>
<record>
  <date>2026-09-07T08:41:38.545629985Z</date>
  <millis>1788770498545</millis>
  <nanos>629985</nanos>
  <sequence>10</sequence>
  <logger>global</logger>
  <level>INFO</level>
  <class>dev.asjordi.weather.DataMapper</class>
  <method>mapDataToObject</method>
  <thread>29</thread>
  <message>Mapping data to WeatherApiResponse object</message>
</record>
<record>
  <date>2026-09-07T08:41:38.600769495Z</date>
  <millis>1788770498600</millis>
  <nanos>769495</nanos>
  <sequence>11</sequence>
  <logger>global</logger>
  <level>INFO</level>
  <class>dev.asjordi.weather.DataMapper</class>
  <method>mapDataToObject</method>
  <thread>29</thread>
  <message>Data mapped to WeatherApiResponse object successfully</message>
</record>
<record>
  <date>2026-09-07T08:41:38.601420719Z</date>
  <millis>1788770498601</millis>
  <nanos>420719</nanos>
  <sequence>12</sequence>
  <logger>global</logger>
  <level>INFO</level>
  <class>dev.asjordi.weather.WeatherDataProcessor</class>
  <method>processData</method>
  <thread>29</thread>
  <message>Data processed successfully</message>
</record>
<record>
  <date>2026-09-07T08:41:38.601961446Z</date>
  <millis>1788770498601</millis>
  <nanos>961446</nanos>
  <sequence>13</sequence>
  <logger>global</logger>
  <level>INFO</level>
  <class>dev.asjordi.weather.WeatherDataProcessor</class>
  <method>generateReport</method>
  <thread>29</thread>
  <message>Generating weather report</message>
</record>
<record>
  <date>2026-09-07T08:41:38.605622582Z</date>
  <millis>1788770498605</millis>
  <nanos>622582</nanos>
  <sequence>14</sequence>
  <logger>global</logger>
  <level>INFO</level>
  <class>dev.asjordi.weather.WeatherDataProcessor</class>
  <method>generateReport</method>
  <thread>29</thread>
  <message>Weather report generated successfully</message>
</record>
<record>
  <date>2026-09-07T08:41:38.670038847Z</date>
  <millis>1788770498670</millis>
  <nanos>38847</nanos>
  <sequence>15</sequence>
  <logger>global</logger>
  <level>INFO</level>
  <class>dev.asjordi.bot.WeatherBot</class>
  <method>&lt;init&gt;</method>
  <thread>29</thread>
  <message>WeatherBot initialized</message>
</record>
<record>
  <date>2026-09-07T08:41:38.670778208Z</date>
  <millis>1788770498670</millis>
  <nanos>778208</nanos>
  <sequence>16</sequence>
  <logger>global</logger>
  <level>INFO</level>
  <class>dev.asjordi.bot.BotService</class>
  <method>&lt;init&gt;</method>
  <thread>29</thread>
  <message>BotService initialized</message>
</record>
<record>
  <date>2026-09-07T08:41:38.671311191Z</date>
  <millis>1788770498671</millis>
  <nanos>311191</nanos>
  <sequence>17</sequence>
  <logger>global</logger>
  <level>INFO</level>
  <class>dev.asjordi.bot.BotService</class>
  <method>sendWeatherReport</method>
  <thread>29</thread>
  <message>Sending weather report</message>
</record>
<record>
  <date>2026-09-07T08:41:40.404104210Z</date>
  <millis>1788770500404</millis>
  <nanos>104210</nanos>
  <sequence>18</sequence>
  <logger>global</logger>
  <level>INFO</level>
  <class>dev.asjordi.bot.BotService</class>
  <method>sendWeatherReport</method>
  <thread>29</thread>
  <message>Weather report sent successfully</message>
</record>
</log>
<?xml version="1.0" encoding="UTF-8" standalone="no"?>
<!DOCTYPE log SYSTEM "logger.dtd">
<log>
<record>
  <date>2026-09-07T16:45:22.704792258Z</date>
  <millis>1788799522704</millis>
  <nanos>792258</nanos>
  <sequence>0</sequence>
  <logger>global</logger>
  <level>INFO</level>
  <class>dev.asjordi.Main</class>
  <method>main</method>
  <thread>30</thread>
  <message>Starting application</message>
</record>
<record>
  <date>2026-09-07T16:45:22.711902634Z</date>
  <millis>1788799522711</millis>
  <nanos>902634</nanos>
  <sequence>1</sequence>
  <logger>global</logger>
  <level>INFO</level>
  <class>dev.asjordi.request.RequestManager</class>
  <method>buildURL</method>
  <thread>30</thread>
  <message>Building URL for OpenWeather API request</message>
</record>
<record>
  <date>2026-09-07T16:45:22.712411170Z</date>
  <millis>1788799522712</millis>
  <nanos>411170</nanos>
  <sequence>2</sequence>
  <logger>global</logger>
  <level>INFO</level>
  <class>dev.asjordi.request.RequestManager</class>
  <method>buildURL</method>
  <thread>30</thread>
  <message>URL built successfully</message>
</record>
<record>
  <date>2026-09-07T16:45:22.877658890Z</date>
  <millis>1788799522877</millis>
  <nanos>658890</nanos>
  <sequence>3</sequence>
  <logger>global</logger>
  <level>INFO</level>
  <class>dev.asjordi.weather.DataMapper</class>
  <method>&lt;init&gt;</method>
  <thread>30</thread>
  <message>DataMapper initialized</message>
</record>
<record>
  <date>2026-09-07T16:45:22.878326025Z</date>
  <millis>1788799522878</millis>
  <nanos>326025</nanos>
  <sequence>4</sequence>
  <logger>global</logger>
  <level>INFO</level>
  <class>dev.asjordi.weather.WeatherDataProcessor</class>
  <method>&lt;init&gt;</method>
  <thread>30</thread>
  <message>WeatherDataProcessor initialized</message>
</record>
<record>
  <date>2026-09-07T16:45:22.878765037Z</date>
  <millis>1788799522878</millis>
  <nanos>765037</nanos>
  <sequence>5</sequence>
  <logger>global</logger>
  <level>INFO</level>
  <class>dev.asjordi.weather.WeatherDataProcessor</class>
  <method>processData</method>
  <thread>30</thread>
  <message>Starting data processing</message>
</record>
<record>
  <date>2026-09-07T16:45:22.879185250Z</date>
  <millis>1788799522879</millis>
  <nanos>185250</nanos>
  <sequence>6</sequence>
  <logger>global</logger>
  <level>INFO</level>
  <class>dev.asjordi.request.RequestManager</class>
  <method>makeRequest</method>
  <thread>30</thread>
  <message>Starting HTTP request to OpenWeather API</message>
</record>
<record>
  <date>2026-09-07T16:45:22.918017524Z</date>
  <millis>1788799522918</millis>
  <nanos>17524</nanos>
  <sequence>7</sequence>
  <logger>global</logger>
  <level>INFO</level>
  <class>dev.asjordi.request.RequestManager</class>
  <method>makeRequest</method>
  <thread>30</thread>
  <message>HTTP request build successfully</message>
</record>
<record>
  <date>2026-09-07T16:45:23.367437935Z</date>
  <millis>1788799523367</millis>
  <nanos>437935</nanos>
  <sequence>8</sequence>
  <logger>global</logger>
  <level>INFO</level>
  <class>dev.asjordi.request.RequestManager</class>
  <method>makeRequest</method>
  <thread>30</thread>
  <message>HTTP client built successfully</message>
</record>
<record>
  <date>2026-09-07T16:45:24.026557091Z</date>
  <millis>1788799524026</millis>
  <nanos>557091</nanos>
  <sequence>9</sequence>
  <logger>global</logger>
  <level>INFO</level>
  <class>dev.asjordi.request.RequestManager</class>
  <method>makeRequest</method>
  <thread>30</thread>
  <message>HTTP request sent successfully</message>
</record>
<record>
  <date>2026-09-07T16:45:24.028707341Z</date>
  <millis>1788799524028</millis>
  <nanos>707341</nanos>
  <sequence>10</sequence>
  <logger>global</logger>
  <level>INFO</level>
  <class>dev.asjordi.weather.DataMapper</class>
  <method>mapDataToObject</method>
  <thread>30</thread>
  <message>Mapping data to WeatherApiResponse object</message>
</record>
<record>
  <date>2026-09-07T16:45:24.065488364Z</date>
  <millis>1788799524065</millis>
  <nanos>488364</nanos>
  <sequence>11</sequence>
  <logger>global</logger>
  <level>INFO</level>
  <class>dev.asjordi.weather.DataMapper</class>
  <method>mapDataToObject</method>
  <thread>30</thread>
  <message>Data mapped to WeatherApiResponse object successfully</message>
</record>
<record>
  <date>2026-09-07T16:45:24.065928507Z</date>
  <millis>1788799524065</millis>
  <nanos>928507</nanos>
  <sequence>12</sequence>
  <logger>global</logger>
  <level>INFO</level>
  <class>dev.asjordi.weather.WeatherDataProcessor</class>
  <method>processData</method>
  <thread>30</thread>
  <message>Data processed successfully</message>
</record>
<record>
  <date>2026-09-07T16:45:24.066365216Z</date>
  <millis>1788799524066</millis>
  <nanos>365216</nanos>
  <sequence>13</sequence>
  <logger>global</logger>
  <level>INFO</level>
  <class>dev.asjordi.weather.WeatherDataProcessor</class>
  <method>generateReport</method>
  <thread>30</thread>
  <message>Generating weather report</message>
</record>
<record>
  <date>2026-09-07T16:45:24.068565752Z</date>
  <millis>1788799524068</millis>
  <nanos>565752</nanos>
  <sequence>14</sequence>
  <logger>global</logger>
  <level>INFO</level>
  <class>dev.asjordi.weather.WeatherDataProcessor</class>
  <method>generateReport</method>
  <thread>30</thread>
  <message>Weather report generated successfully</message>
</record>
<record>
  <date>2026-09-07T16:45:24.139075417Z</date>
  <millis>1788799524139</millis>
  <nanos>75417</nanos>
  <sequence>15</sequence>
  <logger>global</logger>
  <level>INFO</level>
  <class>dev.asjordi.bot.WeatherBot</class>
  <method>&lt;init&gt;</method>
  <thread>30</thread>
  <message>WeatherBot initialized</message>
</record>
<record>
  <date>2026-09-07T16:45:24.139614519Z</date>
  <millis>1788799524139</millis>
  <nanos>614519</nanos>
  <sequence>16</sequence>
  <logger>global</logger>
  <level>INFO</level>
  <class>dev.asjordi.bot.BotService</class>
  <method>&lt;init&gt;</method>
  <thread>30</thread>
  <message>BotService initialized</message>
</record>
<record>
  <date>2026-09-07T16:45:24.139990335Z</date>
  <millis>1788799524139</millis>
  <nanos>990335</nanos>
  <sequence>17</sequence>
  <logger>global</logger>
  <level>INFO</level>
  <class>dev.asjordi.bot.BotService</class>
  <method>sendWeatherReport</method>
  <thread>30</thread>
  <message>Sending weather report</message>
</record>
<record>
  <date>2026-09-07T16:45:25.917124172Z</date>
  <millis>1788799525917</millis>
  <nanos>124172</nanos>
  <sequence>18</sequence>
  <logger>global</logger>
  <level>INFO</level>
  <class>dev.asjordi.bot.BotService</class>
  <method>sendWeatherReport</method>
  <thread>30</thread>
  <message>Weather report sent successfully</message>
</record>
</log>
<?xml version="1.0" encoding="UTF-8" standalone="no"?>
<!DOCTYPE log SYSTEM "logger.dtd">
<log>
<record>
  <date>2026-09-07T22:21:02.630068849Z</date>
  <millis>1788819662630</millis>
  <nanos>68849</nanos>
  <sequence>0</sequence>
  <logger>global</logger>
  <level>INFO</level>
  <class>dev.asjordi.Main</class>
  <method>main</method>
  <thread>30</thread>
  <message>Starting application</message>
</record>
<record>
  <date>2026-09-07T22:21:02.636917207Z</date>
  <millis>1788819662636</millis>
  <nanos>917207</nanos>
  <sequence>1</sequence>
  <logger>global</logger>
  <level>INFO</level>
  <class>dev.asjordi.request.RequestManager</class>
  <method>buildURL</method>
  <thread>30</thread>
  <message>Building URL for OpenWeather API request</message>
</record>
<record>
  <date>2026-09-07T22:21:02.637438078Z</date>
  <millis>1788819662637</millis>
  <nanos>438078</nanos>
  <sequence>2</sequence>
  <logger>global</logger>
  <level>INFO</level>
  <class>dev.asjordi.request.RequestManager</class>
  <method>buildURL</method>
  <thread>30</thread>
  <message>URL built successfully</message>
</record>
<record>
  <date>2026-09-07T22:21:02.742164002Z</date>
  <millis>1788819662742</millis>
  <nanos>164002</nanos>
  <sequence>3</sequence>
  <logger>global</logger>
  <level>INFO</level>
  <class>dev.asjordi.weather.DataMapper</class>
  <method>&lt;init&gt;</method>
  <thread>30</thread>
  <message>DataMapper initialized</message>
</record>
<record>
  <date>2026-09-07T22:21:02.742893341Z</date>
  <millis>1788819662742</millis>
  <nanos>893341</nanos>
  <sequence>4</sequence>
  <logger>global</logger>
  <level>INFO</level>
  <class>dev.asjordi.weather.WeatherDataProcessor</class>
  <method>&lt;init&gt;</method>
  <thread>30</thread>
  <message>WeatherDataProcessor initialized</message>
</record>
<record>
  <date>2026-09-07T22:21:02.743296126Z</date>
  <millis>1788819662743</millis>
  <nanos>296126</nanos>
  <sequence>5</sequence>
  <logger>global</logger>
  <level>INFO</level>
  <class>dev.asjordi.weather.WeatherDataProcessor</class>
  <method>processData</method>
  <thread>30</thread>
  <message>Starting data processing</message>
</record>
<record>
  <date>2026-09-07T22:21:02.743693144Z</date>
  <millis>1788819662743</millis>
  <nanos>693144</nanos>
  <sequence>6</sequence>
  <logger>global</logger>
  <level>INFO</level>
  <class>dev.asjordi.request.RequestManager</class>
  <method>makeRequest</method>
  <thread>30</thread>
  <message>Starting HTTP request to OpenWeather API</message>
</record>
<record>
  <date>2026-09-07T22:21:02.764684279Z</date>
  <millis>1788819662764</millis>
  <nanos>684279</nanos>
  <sequence>7</sequence>
  <logger>global</logger>
  <level>INFO</level>
  <class>dev.asjordi.request.RequestManager</class>
  <method>makeRequest</method>
  <thread>30</thread>
  <message>HTTP request build successfully</message>
</record>
<record>
  <date>2026-09-07T22:21:02.816660091Z</date>
  <millis>1788819662816</millis>
  <nanos>660091</nanos>
  <sequence>8</sequence>
  <logger>global</logger>
  <level>INFO</level>
  <class>dev.asjordi.request.RequestManager</class>
  <method>makeRequest</method>
  <thread>30</thread>
  <message>HTTP client built successfully</message>
</record>
<record>
  <date>2026-09-07T22:21:03.054972742Z</date>
  <millis>1788819663054</millis>
  <nanos>972742</nanos>
  <sequence>9</sequence>
  <logger>global</logger>
  <level>INFO</level>
  <class>dev.asjordi.request.RequestManager</class>
  <method>makeRequest</method>
  <thread>30</thread>
  <message>HTTP request sent successfully</message>
</record>
<record>
  <date>2026-09-07T22:21:03.057146441Z</date>
  <millis>1788819663057</millis>
  <nanos>146441</nanos>
  <sequence>10</sequence>
  <logger>global</logger>
  <level>INFO</level>
  <class>dev.asjordi.weather.DataMapper</class>
  <method>mapDataToObject</method>
  <thread>30</thread>
  <message>Mapping data to WeatherApiResponse object</message>
</record>
<record>
  <date>2026-09-07T22:21:03.094611561Z</date>
  <millis>1788819663094</millis>
  <nanos>611561</nanos>
  <sequence>11</sequence>
  <logger>global</logger>
  <level>INFO</level>
  <class>dev.asjordi.weather.DataMapper</class>
  <method>mapDataToObject</method>
  <thread>30</thread>
  <message>Data mapped to WeatherApiResponse object successfully</message>
</record>
<record>
  <date>2026-09-07T22:21:03.094966086Z</date>
  <millis>1788819663094</millis>
  <nanos>966086</nanos>
  <sequence>12</sequence>
  <logger>global</logger>
  <level>INFO</level>
  <class>dev.asjordi.weather.WeatherDataProcessor</class>
  <method>processData</method>
  <thread>30</thread>
  <message>Data processed successfully</message>
</record>
<record>
  <date>2026-09-07T22:21:03.095316454Z</date>
  <millis>1788819663095</millis>
  <nanos>316454</nanos>
  <sequence>13</sequence>
  <logger>global</logger>
  <level>INFO</level>
  <class>dev.asjordi.weather.WeatherDataProcessor</class>
  <method>generateReport</method>
  <thread>30</thread>
  <message>Generating weather report</message>
</record>
<record>
  <date>2026-09-07T22:21:03.097296442Z</date>
  <millis>1788819663097</millis>
  <nanos>296442</nanos>
  <sequence>14</sequence>
  <logger>global</logger>
  <level>INFO</level>
  <class>dev.asjordi.weather.WeatherDataProcessor</class>
  <method>generateReport</method>
  <thread>30</thread>
  <message>Weather report generated successfully</message>
</record>
<record>
  <date>2026-09-07T22:21:03.143575047Z</date>
  <millis>1788819663143</millis>
  <nanos>575047</nanos>
  <sequence>15</sequence>
  <logger>global</logger>
  <level>INFO</level>
  <class>dev.asjordi.bot.WeatherBot</class>
  <method>&lt;init&gt;</method>
  <thread>30</thread>
  <message>WeatherBot initialized</message>
</record>
<record>
  <date>2026-09-07T22:21:03.144052884Z</date>
  <millis>1788819663144</millis>
  <nanos>52884</nanos>
  <sequence>16</sequence>
  <logger>global</logger>
  <level>INFO</level>
  <class>dev.asjordi.bot.BotService</class>
  <method>&lt;init&gt;</method>
  <thread>30</thread>
  <message>BotService initialized</message>
</record>
<record>
  <date>2026-09-07T22:21:03.144387699Z</date>
  <millis>1788819663144</millis>
  <nanos>387699</nanos>
  <sequence>17</sequence>
  <logger>global</logger>
  <level>INFO</level>
  <class>dev.asjordi.bot.BotService</class>
  <method>sendWeatherReport</method>
  <thread>30</thread>
  <message>Sending weather report</message>
</record>
<record>
  <date>2026-09-07T22:21:04.273125795Z</date>
  <millis>1788819664273</millis>
  <nanos>125795</nanos>
  <sequence>18</sequence>
  <logger>global</logger>
  <level>INFO</level>
  <class>dev.asjordi.bot.BotService</class>
  <method>sendWeatherReport</method>
  <thread>30</thread>
  <message>Weather report sent successfully</message>
</record>
</log>
<?xml version="1.0" encoding="UTF-8" standalone="no"?>
<!DOCTYPE log SYSTEM "logger.dtd">
<log>
<record>
  <date>2026-09-08T01:43:12.199098453Z</date>
  <millis>1788831792199</millis>
  <nanos>98453</nanos>
  <sequence>0</sequence>
  <logger>global</logger>
  <level>INFO</level>
  <class>dev.asjordi.Main</class>
  <method>main</method>
  <thread>30</thread>
  <message>Starting application</message>
</record>
<record>
  <date>2026-09-08T01:43:12.206490720Z</date>
  <millis>1788831792206</millis>
  <nanos>490720</nanos>
  <sequence>1</sequence>
  <logger>global</logger>
  <level>INFO</level>
  <class>dev.asjordi.request.RequestManager</class>
  <method>buildURL</method>
  <thread>30</thread>
  <message>Building URL for OpenWeather API request</message>
</record>
<record>
  <date>2026-09-08T01:43:12.206928617Z</date>
  <millis>1788831792206</millis>
  <nanos>928617</nanos>
  <sequence>2</sequence>
  <logger>global</logger>
  <level>INFO</level>
  <class>dev.asjordi.request.RequestManager</class>
  <method>buildURL</method>
  <thread>30</thread>
  <message>URL built successfully</message>
</record>
<record>
  <date>2026-09-08T01:43:12.323763337Z</date>
  <millis>1788831792323</millis>
  <nanos>763337</nanos>
  <sequence>3</sequence>
  <logger>global</logger>
  <level>INFO</level>
  <class>dev.asjordi.weather.DataMapper</class>
  <method>&lt;init&gt;</method>
  <thread>30</thread>
  <message>DataMapper initialized</message>
</record>
<record>
  <date>2026-09-08T01:43:12.324356268Z</date>
  <millis>1788831792324</millis>
  <nanos>356268</nanos>
  <sequence>4</sequence>
  <logger>global</logger>
  <level>INFO</level>
  <class>dev.asjordi.weather.WeatherDataProcessor</class>
  <method>&lt;init&gt;</method>
  <thread>30</thread>
  <message>WeatherDataProcessor initialized</message>
</record>
<record>
  <date>2026-09-08T01:43:12.324804462Z</date>
  <millis>1788831792324</millis>
  <nanos>804462</nanos>
  <sequence>5</sequence>
  <logger>global</logger>
  <level>INFO</level>
  <class>dev.asjordi.weather.WeatherDataProcessor</class>
  <method>processData</method>
  <thread>30</thread>
  <message>Starting data processing</message>
</record>
<record>
  <date>2026-09-08T01:43:12.325206916Z</date>
  <millis>1788831792325</millis>
  <nanos>206916</nanos>
  <sequence>6</sequence>
  <logger>global</logger>
  <level>INFO</level>
  <class>dev.asjordi.request.RequestManager</class>
  <method>makeRequest</method>
  <thread>30</thread>
  <message>Starting HTTP request to OpenWeather API</message>
</record>
<record>
  <date>2026-09-08T01:43:12.348221094Z</date>
  <millis>1788831792348</millis>
  <nanos>221094</nanos>
  <sequence>7</sequence>
  <logger>global</logger>
  <level>INFO</level>
  <class>dev.asjordi.request.RequestManager</class>
  <method>makeRequest</method>
  <thread>30</thread>
  <message>HTTP request build successfully</message>
</record>
<record>
  <date>2026-09-08T01:43:12.428349264Z</date>
  <millis>1788831792428</millis>
  <nanos>349264</nanos>
  <sequence>8</sequence>
  <logger>global</logger>
  <level>INFO</level>
  <class>dev.asjordi.request.RequestManager</class>
  <method>makeRequest</method>
  <thread>30</thread>
  <message>HTTP client built successfully</message>
</record>
<record>
  <date>2026-09-08T01:43:12.586983765Z</date>
  <millis>1788831792586</millis>
  <nanos>983765</nanos>
  <sequence>9</sequence>
  <logger>global</logger>
  <level>INFO</level>
  <class>dev.asjordi.request.RequestManager</class>
  <method>makeRequest</method>
  <thread>30</thread>
  <message>HTTP request sent successfully</message>
</record>
<record>
  <date>2026-09-08T01:43:12.589178292Z</date>
  <millis>1788831792589</millis>
  <nanos>178292</nanos>
  <sequence>10</sequence>
  <logger>global</logger>
  <level>INFO</level>
  <class>dev.asjordi.weather.DataMapper</class>
  <method>mapDataToObject</method>
  <thread>30</thread>
  <message>Mapping data to WeatherApiResponse object</message>
</record>
<record>
  <date>2026-09-08T01:43:12.627390174Z</date>
  <millis>1788831792627</millis>
  <nanos>390174</nanos>
  <sequence>11</sequence>
  <logger>global</logger>
  <level>INFO</level>
  <class>dev.asjordi.weather.DataMapper</class>
  <method>mapDataToObject</method>
  <thread>30</thread>
  <message>Data mapped to WeatherApiResponse object successfully</message>
</record>
<record>
  <date>2026-09-08T01:43:12.627796325Z</date>
  <millis>1788831792627</millis>
  <nanos>796325</nanos>
  <sequence>12</sequence>
  <logger>global</logger>
  <level>INFO</level>
  <class>dev.asjordi.weather.WeatherDataProcessor</class>
  <method>processData</method>
  <thread>30</thread>
  <message>Data processed successfully</message>
</record>
<record>
  <date>2026-09-08T01:43:12.628168113Z</date>
  <millis>1788831792628</millis>
  <nanos>168113</nanos>
  <sequence>13</sequence>
  <logger>global</logger>
  <level>INFO</level>
  <class>dev.asjordi.weather.WeatherDataProcessor</class>
  <method>generateReport</method>
  <thread>30</thread>
  <message>Generating weather report</message>
</record>
<record>
  <date>2026-09-08T01:43:12.630500838Z</date>
  <millis>1788831792630</millis>
  <nanos>500838</nanos>
  <sequence>14</sequence>
  <logger>global</logger>
  <level>INFO</level>
  <class>dev.asjordi.weather.WeatherDataProcessor</class>
  <method>generateReport</method>
  <thread>30</thread>
  <message>Weather report generated successfully</message>
</record>
<record>
  <date>2026-09-08T01:43:12.677167583Z</date>
  <millis>1788831792677</millis>
  <nanos>167583</nanos>
  <sequence>15</sequence>
  <logger>global</logger>
  <level>INFO</level>
  <class>dev.asjordi.bot.WeatherBot</class>
  <method>&lt;init&gt;</method>
  <thread>30</thread>
  <message>WeatherBot initialized</message>
</record>
<record>
  <date>2026-09-08T01:43:12.677638931Z</date>
  <millis>1788831792677</millis>
  <nanos>638931</nanos>
  <sequence>16</sequence>
  <logger>global</logger>
  <level>INFO</level>
  <class>dev.asjordi.bot.BotService</class>
  <method>&lt;init&gt;</method>
  <thread>30</thread>
  <message>BotService initialized</message>
</record>
<record>
  <date>2026-09-08T01:43:12.677981205Z</date>
  <millis>1788831792677</millis>
  <nanos>981205</nanos>
  <sequence>17</sequence>
  <logger>global</logger>
  <level>INFO</level>
  <class>dev.asjordi.bot.BotService</class>
  <method>sendWeatherReport</method>
  <thread>30</thread>
  <message>Sending weather report</message>
</record>
<record>
  <date>2026-09-08T01:43:13.776431483Z</date>
  <millis>1788831793776</millis>
  <nanos>431483</nanos>
  <sequence>18</sequence>
  <logger>global</logger>
  <level>INFO</level>
  <class>dev.asjordi.bot.BotService</class>
  <method>sendWeatherReport</method>
  <thread>30</thread>
  <message>Weather report sent successfully</message>
</record>
</log>
<?xml version="1.0" encoding="UTF-8" standalone="no"?>
<!DOCTYPE log SYSTEM "logger.dtd">
<log>
<record>
  <date>2026-09-08T08:23:02.722727599Z</date>
  <millis>1788855782722</millis>
  <nanos>727599</nanos>
  <sequence>0</sequence>
  <logger>global</logger>
  <level>INFO</level>
  <class>dev.asjordi.Main</class>
  <method>main</method>
  <thread>30</thread>
  <message>Starting application</message>
</record>
<record>
  <date>2026-09-08T08:23:02.730467726Z</date>
  <millis>1788855782730</millis>
  <nanos>467726</nanos>
  <sequence>1</sequence>
  <logger>global</logger>
  <level>INFO</level>
  <class>dev.asjordi.request.RequestManager</class>
  <method>buildURL</method>
  <thread>30</thread>
  <message>Building URL for OpenWeather API request</message>
</record>
<record>
  <date>2026-09-08T08:23:02.731014144Z</date>
  <millis>1788855782731</millis>
  <nanos>14144</nanos>
  <sequence>2</sequence>
  <logger>global</logger>
  <level>INFO</level>
  <class>dev.asjordi.request.RequestManager</class>
  <method>buildURL</method>
  <thread>30</thread>
  <message>URL built successfully</message>
</record>
<record>
  <date>2026-09-08T08:23:02.829325932Z</date>
  <millis>1788855782829</millis>
  <nanos>325932</nanos>
  <sequence>3</sequence>
  <logger>global</logger>
  <level>INFO</level>
  <class>dev.asjordi.weather.DataMapper</class>
  <method>&lt;init&gt;</method>
  <thread>30</thread>
  <message>DataMapper initialized</message>
</record>
<record>
  <date>2026-09-08T08:23:02.829988175Z</date>
  <millis>1788855782829</millis>
  <nanos>988175</nanos>
  <sequence>4</sequence>
  <logger>global</logger>
  <level>INFO</level>
  <class>dev.asjordi.weather.WeatherDataProcessor</class>
  <method>&lt;init&gt;</method>
  <thread>30</thread>
  <message>WeatherDataProcessor initialized</message>
</record>
<record>
  <date>2026-09-08T08:23:02.830456024Z</date>
  <millis>1788855782830</millis>
  <nanos>456024</nanos>
  <sequence>5</sequence>
  <logger>global</logger>
  <level>INFO</level>
  <class>dev.asjordi.weather.WeatherDataProcessor</class>
  <method>processData</method>
  <thread>30</thread>
  <message>Starting data processing</message>
</record>
<record>
  <date>2026-09-08T08:23:02.830876290Z</date>
  <millis>1788855782830</millis>
  <nanos>876290</nanos>
  <sequence>6</sequence>
  <logger>global</logger>
  <level>INFO</level>
  <class>dev.asjordi.request.RequestManager</class>
  <method>makeRequest</method>
  <thread>30</thread>
  <message>Starting HTTP request to OpenWeather API</message>
</record>
<record>
  <date>2026-09-08T08:23:02.847513186Z</date>
  <millis>1788855782847</millis>
  <nanos>513186</nanos>
  <sequence>7</sequence>
  <logger>global</logger>
  <level>INFO</level>
  <class>dev.asjordi.request.RequestManager</class>
  <method>makeRequest</method>
  <thread>30</thread>
  <message>HTTP request build successfully</message>
</record>
<record>
  <date>2026-09-08T08:23:02.914351800Z</date>
  <millis>1788855782914</millis>
  <nanos>351800</nanos>
  <sequence>8</sequence>
  <logger>global</logger>
  <level>INFO</level>
  <class>dev.asjordi.request.RequestManager</class>
  <method>makeRequest</method>
  <thread>30</thread>
  <message>HTTP client built successfully</message>
</record>
<record>
  <date>2026-09-08T08:23:03.181194201Z</date>
  <millis>1788855783181</millis>
  <nanos>194201</nanos>
  <sequence>9</sequence>
  <logger>global</logger>
  <level>INFO</level>
  <class>dev.asjordi.request.RequestManager</class>
  <method>makeRequest</method>
  <thread>30</thread>
  <message>HTTP request sent successfully</message>
</record>
<record>
  <date>2026-09-08T08:23:03.183279801Z</date>
  <millis>1788855783183</millis>
  <nanos>279801</nanos>
  <sequence>10</sequence>
  <logger>global</logger>
  <level>INFO</level>
  <class>dev.asjordi.weather.DataMapper</class>
  <method>mapDataToObject</method>
  <thread>30</thread>
  <message>Mapping data to WeatherApiResponse object</message>
</record>
<record>
  <date>2026-09-08T08:23:03.224055208Z</date>
  <millis>1788855783224</millis>
  <nanos>55208</nanos>
  <sequence>11</sequence>
  <logger>global</logger>
  <level>INFO</level>
  <class>dev.asjordi.weather.DataMapper</class>
  <method>mapDataToObject</method>
  <thread>30</thread>
  <message>Data mapped to WeatherApiResponse object successfully</message>
</record>
<record>
  <date>2026-09-08T08:23:03.224518049Z</date>
  <millis>1788855783224</millis>
  <nanos>518049</nanos>
  <sequence>12</sequence>
  <logger>global</logger>
  <level>INFO</level>
  <class>dev.asjordi.weather.WeatherDataProcessor</class>
  <method>processData</method>
  <thread>30</thread>
  <message>Data processed successfully</message>
</record>
<record>
  <date>2026-09-08T08:23:03.224958286Z</date>
  <millis>1788855783224</millis>
  <nanos>958286</nanos>
  <sequence>13</sequence>
  <logger>global</logger>
  <level>INFO</level>
  <class>dev.asjordi.weather.WeatherDataProcessor</class>
  <method>generateReport</method>
  <thread>30</thread>
  <message>Generating weather report</message>
</record>
<record>
  <date>2026-09-08T08:23:03.266532373Z</date>
  <millis>1788855783266</millis>
  <nanos>532373</nanos>
  <sequence>14</sequence>
  <logger>global</logger>
  <level>INFO</level>
  <class>dev.asjordi.weather.WeatherDataProcessor</class>
  <method>generateReport</method>
  <thread>30</thread>
  <message>Weather report generated successfully</message>
</record>
<record>
  <date>2026-09-08T08:23:03.319101726Z</date>
  <millis>1788855783319</millis>
  <nanos>101726</nanos>
  <sequence>15</sequence>
  <logger>global</logger>
  <level>INFO</level>
  <class>dev.asjordi.bot.WeatherBot</class>
  <method>&lt;init&gt;</method>
  <thread>30</thread>
  <message>WeatherBot initialized</message>
</record>
<record>
  <date>2026-09-08T08:23:03.319825370Z</date>
  <millis>1788855783319</millis>
  <nanos>825370</nanos>
  <sequence>16</sequence>
  <logger>global</logger>
  <level>INFO</level>
  <class>dev.asjordi.bot.BotService</class>
  <method>&lt;init&gt;</method>
  <thread>30</thread>
  <message>BotService initialized</message>
</record>
<record>
  <date>2026-09-08T08:23:03.320403978Z</date>
  <millis>1788855783320</millis>
  <nanos>403978</nanos>
  <sequence>17</sequence>
  <logger>global</logger>
  <level>INFO</level>
  <class>dev.asjordi.bot.BotService</class>
  <method>sendWeatherReport</method>
  <thread>30</thread>
  <message>Sending weather report</message>
</record>
<record>
  <date>2026-09-08T08:23:04.763192764Z</date>
  <millis>1788855784763</millis>
  <nanos>192764</nanos>
  <sequence>18</sequence>
  <logger>global</logger>
  <level>INFO</level>
  <class>dev.asjordi.bot.BotService</class>
  <method>sendWeatherReport</method>
  <thread>30</thread>
  <message>Weather report sent successfully</message>
</record>
</log>
<?xml version="1.0" encoding="UTF-8" standalone="no"?>
<!DOCTYPE log SYSTEM "logger.dtd">
<log>
<record>
  <date>2026-09-08T15:29:59.199212980Z</date>
  <millis>1788881399199</millis>
  <nanos>212980</nanos>
  <sequence>0</sequence>
  <logger>global</logger>
  <level>INFO</level>
  <class>dev.asjordi.Main</class>
  <method>main</method>
  <thread>30</thread>
  <message>Starting application</message>
</record>
<record>
  <date>2026-09-08T15:29:59.207792634Z</date>
  <millis>1788881399207</millis>
  <nanos>792634</nanos>
  <sequence>1</sequence>
  <logger>global</logger>
  <level>INFO</level>
  <class>dev.asjordi.request.RequestManager</class>
  <method>buildURL</method>
  <thread>30</thread>
  <message>Building URL for OpenWeather API request</message>
</record>
<record>
  <date>2026-09-08T15:29:59.208378225Z</date>
  <millis>1788881399208</millis>
  <nanos>378225</nanos>
  <sequence>2</sequence>
  <logger>global</logger>
  <level>INFO</level>
  <class>dev.asjordi.request.RequestManager</class>
  <method>buildURL</method>
  <thread>30</thread>
  <message>URL built successfully</message>
</record>
<record>
  <date>2026-09-08T15:29:59.315576810Z</date>
  <millis>1788881399315</millis>
  <nanos>576810</nanos>
  <sequence>3</sequence>
  <logger>global</logger>
  <level>INFO</level>
  <class>dev.asjordi.weather.DataMapper</class>
  <method>&lt;init&gt;</method>
  <thread>30</thread>
  <message>DataMapper initialized</message>
</record>
<record>
  <date>2026-09-08T15:29:59.316399338Z</date>
  <millis>1788881399316</millis>
  <nanos>399338</nanos>
  <sequence>4</sequence>
  <logger>global</logger>
  <level>INFO</level>
  <class>dev.asjordi.weather.WeatherDataProcessor</class>
  <method>&lt;init&gt;</method>
  <thread>30</thread>
  <message>WeatherDataProcessor initialized</message>
</record>
<record>
  <date>2026-09-08T15:29:59.316954043Z</date>
  <millis>1788881399316</millis>
  <nanos>954043</nanos>
  <sequence>5</sequence>
  <logger>global</logger>
  <level>INFO</level>
  <class>dev.asjordi.weather.WeatherDataProcessor</class>
  <method>processData</method>
  <thread>30</thread>
  <message>Starting data processing</message>
</record>
<record>
  <date>2026-09-08T15:29:59.317465953Z</date>
  <millis>1788881399317</millis>
  <nanos>465953</nanos>
  <sequence>6</sequence>
  <logger>global</logger>
  <level>INFO</level>
  <class>dev.asjordi.request.RequestManager</class>
  <method>makeRequest</method>
  <thread>30</thread>
  <message>Starting HTTP request to OpenWeather API</message>
</record>
<record>
  <date>2026-09-08T15:29:59.374414552Z</date>
  <millis>1788881399374</millis>
  <nanos>414552</nanos>
  <sequence>7</sequence>
  <logger>global</logger>
  <level>INFO</level>
  <class>dev.asjordi.request.RequestManager</class>
  <method>makeRequest</method>
  <thread>30</thread>
  <message>HTTP request build successfully</message>
</record>
<record>
  <date>2026-09-08T15:29:59.559774685Z</date>
  <millis>1788881399559</millis>
  <nanos>774685</nanos>
  <sequence>8</sequence>
  <logger>global</logger>
  <level>INFO</level>
  <class>dev.asjordi.request.RequestManager</class>
  <method>makeRequest</method>
  <thread>30</thread>
  <message>HTTP client built successfully</message>
</record>
<record>
  <date>2026-09-08T15:29:59.749867040Z</date>
  <millis>1788881399749</millis>
  <nanos>867040</nanos>
  <sequence>9</sequence>
  <logger>global</logger>
  <level>INFO</level>
  <class>dev.asjordi.request.RequestManager</class>
  <method>makeRequest</method>
  <thread>30</thread>
  <message>HTTP request sent successfully</message>
</record>
<record>
  <date>2026-09-08T15:29:59.752605302Z</date>
  <millis>1788881399752</millis>
  <nanos>605302</nanos>
  <sequence>10</sequence>
  <logger>global</logger>
  <level>INFO</level>
  <class>dev.asjordi.weather.DataMapper</class>
  <method>mapDataToObject</method>
  <thread>30</thread>
  <message>Mapping data to WeatherApiResponse object</message>
</record>
<record>
  <date>2026-09-08T15:29:59.794263135Z</date>
  <millis>1788881399794</millis>
  <nanos>263135</nanos>
  <sequence>11</sequence>
  <logger>global</logger>
  <level>INFO</level>
  <class>dev.asjordi.weather.DataMapper</class>
  <method>mapDataToObject</method>
  <thread>30</thread>
  <message>Data mapped to WeatherApiResponse object successfully</message>
</record>
<record>
  <date>2026-09-08T15:29:59.794741255Z</date>
  <millis>1788881399794</millis>
  <nanos>741255</nanos>
  <sequence>12</sequence>
  <logger>global</logger>
  <level>INFO</level>
  <class>dev.asjordi.weather.WeatherDataProcessor</class>
  <method>processData</method>
  <thread>30</thread>
  <message>Data processed successfully</message>
</record>
<record>
  <date>2026-09-08T15:29:59.795224432Z</date>
  <millis>1788881399795</millis>
  <nanos>224432</nanos>
  <sequence>13</sequence>
  <logger>global</logger>
  <level>INFO</level>
  <class>dev.asjordi.weather.WeatherDataProcessor</class>
  <method>generateReport</method>
  <thread>30</thread>
  <message>Generating weather report</message>
</record>
<record>
  <date>2026-09-08T15:29:59.797809994Z</date>
  <millis>1788881399797</millis>
  <nanos>809994</nanos>
  <sequence>14</sequence>
  <logger>global</logger>
  <level>INFO</level>
  <class>dev.asjordi.weather.WeatherDataProcessor</class>
  <method>generateReport</method>
  <thread>30</thread>
  <message>Weather report generated successfully</message>
</record>
<record>
  <date>2026-09-08T15:29:59.853379827Z</date>
  <millis>1788881399853</millis>
  <nanos>379827</nanos>
  <sequence>15</sequence>
  <logger>global</logger>
  <level>INFO</level>
  <class>dev.asjordi.bot.WeatherBot</class>
  <method>&lt;init&gt;</method>
  <thread>30</thread>
  <message>WeatherBot initialized</message>
</record>
<record>
  <date>2026-09-08T15:29:59.854040001Z</date>
  <millis>1788881399854</millis>
  <nanos>40001</nanos>
  <sequence>16</sequence>
  <logger>global</logger>
  <level>INFO</level>
  <class>dev.asjordi.bot.BotService</class>
  <method>&lt;init&gt;</method>
  <thread>30</thread>
  <message>BotService initialized</message>
</record>
<record>
  <date>2026-09-08T15:29:59.854587855Z</date>
  <millis>1788881399854</millis>
  <nanos>587855</nanos>
  <sequence>17</sequence>
  <logger>global</logger>
  <level>INFO</level>
  <class>dev.asjordi.bot.BotService</class>
  <method>sendWeatherReport</method>
  <thread>30</thread>
  <message>Sending weather report</message>
</record>
<record>
  <date>2026-09-08T15:30:00.985086702Z</date>
  <millis>1788881400985</millis>
  <nanos>86702</nanos>
  <sequence>18</sequence>
  <logger>global</logger>
  <level>INFO</level>
  <class>dev.asjordi.bot.BotService</class>
  <method>sendWeatherReport</method>
  <thread>30</thread>
  <message>Weather report sent successfully</message>
</record>
</log>
<?xml version="1.0" encoding="UTF-8" standalone="no"?>
<!DOCTYPE log SYSTEM "logger.dtd">
<log>
<record>
  <date>2026-09-08T19:03:22.139402462Z</date>
  <millis>1788894202139</millis>
  <nanos>402462</nanos>
  <sequence>0</sequence>
  <logger>global</logger>
  <level>INFO</level>
  <class>dev.asjordi.Main</class>
  <method>main</method>
  <thread>30</thread>
  <message>Starting application</message>
</record>
<record>
  <date>2026-09-08T19:03:22.148544389Z</date>
  <millis>1788894202148</millis>
  <nanos>544389</nanos>
  <sequence>1</sequence>
  <logger>global</logger>
  <level>INFO</level>
  <class>dev.asjordi.request.RequestManager</class>
  <method>buildURL</method>
  <thread>30</thread>
  <message>Building URL for OpenWeather API request</message>
</record>
<record>
  <date>2026-09-08T19:03:22.149179122Z</date>
  <millis>1788894202149</millis>
  <nanos>179122</nanos>
  <sequence>2</sequence>
  <logger>global</logger>
  <level>INFO</level>
  <class>dev.asjordi.request.RequestManager</class>
  <method>buildURL</method>
  <thread>30</thread>
  <message>URL built successfully</message>
</record>
<record>
  <date>2026-09-08T19:03:22.292578064Z</date>
  <millis>1788894202292</millis>
  <nanos>578064</nanos>
  <sequence>3</sequence>
  <logger>global</logger>
  <level>INFO</level>
  <class>dev.asjordi.weather.DataMapper</class>
  <method>&lt;init&gt;</method>
  <thread>30</thread>
  <message>DataMapper initialized</message>
</record>
<record>
  <date>2026-09-08T19:03:22.293508686Z</date>
  <millis>1788894202293</millis>
  <nanos>508686</nanos>
  <sequence>4</sequence>
  <logger>global</logger>
  <level>INFO</level>
  <class>dev.asjordi.weather.WeatherDataProcessor</class>
  <method>&lt;init&gt;</method>
  <thread>30</thread>
  <message>WeatherDataProcessor initialized</message>
</record>
<record>
  <date>2026-09-08T19:03:22.294049299Z</date>
  <millis>1788894202294</millis>
  <nanos>49299</nanos>
  <sequence>5</sequence>
  <logger>global</logger>
  <level>INFO</level>
  <class>dev.asjordi.weather.WeatherDataProcessor</class>
  <method>processData</method>
  <thread>30</thread>
  <message>Starting data processing</message>
</record>
<record>
  <date>2026-09-08T19:03:22.294583182Z</date>
  <millis>1788894202294</millis>
  <nanos>583182</nanos>
  <sequence>6</sequence>
  <logger>global</logger>
  <level>INFO</level>
  <class>dev.asjordi.request.RequestManager</class>
  <method>makeRequest</method>
  <thread>30</thread>
  <message>Starting HTTP request to OpenWeather API</message>
</record>
<record>
  <date>2026-09-08T19:03:22.334841874Z</date>
  <millis>1788894202334</millis>
  <nanos>841874</nanos>
  <sequence>7</sequence>
  <logger>global</logger>
  <level>INFO</level>
  <class>dev.asjordi.request.RequestManager</class>
  <method>makeRequest</method>
  <thread>30</thread>
  <message>HTTP request build successfully</message>
</record>
<record>
  <date>2026-09-08T19:03:22.429082578Z</date>
  <millis>1788894202429</millis>
  <nanos>82578</nanos>
  <sequence>8</sequence>
  <logger>global</logger>
  <level>INFO</level>
  <class>dev.asjordi.request.RequestManager</class>
  <method>makeRequest</method>
  <thread>30</thread>
  <message>HTTP client built successfully</message>
</record>
<record>
  <date>2026-09-08T19:03:22.647351931Z</date>
  <millis>1788894202647</millis>
  <nanos>351931</nanos>
  <sequence>9</sequence>
  <logger>global</logger>
  <level>INFO</level>
  <class>dev.asjordi.request.RequestManager</class>
  <method>makeRequest</method>
  <thread>30</thread>
  <message>HTTP request sent successfully</message>
</record>
<record>
  <date>2026-09-08T19:03:22.649690013Z</date>
  <millis>1788894202649</millis>
  <nanos>690013</nanos>
  <sequence>10</sequence>
  <logger>global</logger>
  <level>INFO</level>
  <class>dev.asjordi.weather.DataMapper</class>
  <method>mapDataToObject</method>
  <thread>30</thread>
  <message>Mapping data to WeatherApiResponse object</message>
</record>
<record>
  <date>2026-09-08T19:03:22.696954259Z</date>
  <millis>1788894202696</millis>
  <nanos>954259</nanos>
  <sequence>11</sequence>
  <logger>global</logger>
  <level>INFO</level>
  <class>dev.asjordi.weather.DataMapper</class>
  <method>mapDataToObject</method>
  <thread>30</thread>
  <message>Data mapped to WeatherApiResponse object successfully</message>
</record>
<record>
  <date>2026-09-08T19:03:22.697421683Z</date>
  <millis>1788894202697</millis>
  <nanos>421683</nanos>
  <sequence>12</sequence>
  <logger>global</logger>
  <level>INFO</level>
  <class>dev.asjordi.weather.WeatherDataProcessor</class>
  <method>processData</method>
  <thread>30</thread>
  <message>Data processed successfully</message>
</record>
<record>
  <date>2026-09-08T19:03:22.697924780Z</date>
  <millis>1788894202697</millis>
  <nanos>924780</nanos>
  <sequence>13</sequence>
  <logger>global</logger>
  <level>INFO</level>
  <class>dev.asjordi.weather.WeatherDataProcessor</class>
  <method>generateReport</method>
  <thread>30</thread>
  <message>Generating weather report</message>
</record>
<record>
  <date>2026-09-08T19:03:22.708249905Z</date>
  <millis>1788894202708</millis>
  <nanos>249905</nanos>
  <sequence>14</sequence>
  <logger>global</logger>
  <level>INFO</level>
  <class>dev.asjordi.weather.WeatherDataProcessor</class>
  <method>generateReport</method>
  <thread>30</thread>
  <message>Weather report generated successfully</message>
</record>
<record>
  <date>2026-09-08T19:03:22.771139477Z</date>
  <millis>1788894202771</millis>
  <nanos>139477</nanos>
  <sequence>15</sequence>
  <logger>global</logger>
  <level>INFO</level>
  <class>dev.asjordi.bot.WeatherBot</class>
  <method>&lt;init&gt;</method>
  <thread>30</thread>
  <message>WeatherBot initialized</message>
</record>
<record>
  <date>2026-09-08T19:03:22.771812927Z</date>
  <millis>1788894202771</millis>
  <nanos>812927</nanos>
  <sequence>16</sequence>
  <logger>global</logger>
  <level>INFO</level>
  <class>dev.asjordi.bot.BotService</class>
  <method>&lt;init&gt;</method>
  <thread>30</thread>
  <message>BotService initialized</message>
</record>
<record>
  <date>2026-09-08T19:03:22.772226812Z</date>
  <millis>1788894202772</millis>
  <nanos>226812</nanos>
  <sequence>17</sequence>
  <logger>global</logger>
  <level>INFO</level>
  <class>dev.asjordi.bot.BotService</class>
  <method>sendWeatherReport</method>
  <thread>30</thread>
  <message>Sending weather report</message>
</record>
<record>
  <date>2026-09-08T19:03:23.943303161Z</date>
  <millis>1788894203943</millis>
  <nanos>303161</nanos>
  <sequence>18</sequence>
  <logger>global</logger>
  <level>INFO</level>
  <class>dev.asjordi.bot.BotService</class>
  <method>sendWeatherReport</method>
  <thread>30</thread>
  <message>Weather report sent successfully</message>
</record>
</log>
<?xml version="1.0" encoding="UTF-8" standalone="no"?>
<!DOCTYPE log SYSTEM "logger.dtd">
<log>
<record>
  <date>2026-09-08T22:05:47.501006373Z</date>
  <millis>1788905147501</millis>
  <nanos>6373</nanos>
  <sequence>0</sequence>
  <logger>global</logger>
  <level>INFO</level>
  <class>dev.asjordi.Main</class>
  <method>main</method>
  <thread>30</thread>
  <message>Starting application</message>
</record>
<record>
  <date>2026-09-08T22:05:47.510784676Z</date>
  <millis>1788905147510</millis>
  <nanos>784676</nanos>
  <sequence>1</sequence>
  <logger>global</logger>
  <level>INFO</level>
  <class>dev.asjordi.request.RequestManager</class>
  <method>buildURL</method>
  <thread>30</thread>
  <message>Building URL for OpenWeather API request</message>
</record>
<record>
  <date>2026-09-08T22:05:47.511480755Z</date>
  <millis>1788905147511</millis>
  <nanos>480755</nanos>
  <sequence>2</sequence>
  <logger>global</logger>
  <level>INFO</level>
  <class>dev.asjordi.request.RequestManager</class>
  <method>buildURL</method>
  <thread>30</thread>
  <message>URL built successfully</message>
</record>
<record>
  <date>2026-09-08T22:05:47.645714983Z</date>
  <millis>1788905147645</millis>
  <nanos>714983</nanos>
  <sequence>3</sequence>
  <logger>global</logger>
  <level>INFO</level>
  <class>dev.asjordi.weather.DataMapper</class>
  <method>&lt;init&gt;</method>
  <thread>30</thread>
  <message>DataMapper initialized</message>
</record>
<record>
  <date>2026-09-08T22:05:47.646496209Z</date>
  <millis>1788905147646</millis>
  <nanos>496209</nanos>
  <sequence>4</sequence>
  <logger>global</logger>
  <level>INFO</level>
  <class>dev.asjordi.weather.WeatherDataProcessor</class>
  <method>&lt;init&gt;</method>
  <thread>30</thread>
  <message>WeatherDataProcessor initialized</message>
</record>
<record>
  <date>2026-09-08T22:05:47.647130982Z</date>
  <millis>1788905147647</millis>
  <nanos>130982</nanos>
  <sequence>5</sequence>
  <logger>global</logger>
  <level>INFO</level>
  <class>dev.asjordi.weather.WeatherDataProcessor</class>
  <method>processData</method>
  <thread>30</thread>
  <message>Starting data processing</message>
</record>
<record>
  <date>2026-09-08T22:05:47.647642793Z</date>
  <millis>1788905147647</millis>
  <nanos>642793</nanos>
  <sequence>6</sequence>
  <logger>global</logger>
  <level>INFO</level>
  <class>dev.asjordi.request.RequestManager</class>
  <method>makeRequest</method>
  <thread>30</thread>
  <message>Starting HTTP request to OpenWeather API</message>
</record>
<record>
  <date>2026-09-08T22:05:47.694753220Z</date>
  <millis>1788905147694</millis>
  <nanos>753220</nanos>
  <sequence>7</sequence>
  <logger>global</logger>
  <level>INFO</level>
  <class>dev.asjordi.request.RequestManager</class>
  <method>makeRequest</method>
  <thread>30</thread>
  <message>HTTP request build successfully</message>
</record>
<record>
  <date>2026-09-08T22:05:47.760712945Z</date>
  <millis>1788905147760</millis>
  <nanos>712945</nanos>
  <sequence>8</sequence>
  <logger>global</logger>
  <level>INFO</level>
  <class>dev.asjordi.request.RequestManager</class>
  <method>makeRequest</method>
  <thread>30</thread>
  <message>HTTP client built successfully</message>
</record>
<record>
  <date>2026-09-08T22:05:48.170758605Z</date>
  <millis>1788905148170</millis>
  <nanos>758605</nanos>
  <sequence>9</sequence>
  <logger>global</logger>
  <level>INFO</level>
  <class>dev.asjordi.request.RequestManager</class>
  <method>makeRequest</method>
  <thread>30</thread>
  <message>HTTP request sent successfully</message>
</record>
<record>
  <date>2026-09-08T22:05:48.173720759Z</date>
  <millis>1788905148173</millis>
  <nanos>720759</nanos>
  <sequence>10</sequence>
  <logger>global</logger>
  <level>INFO</level>
  <class>dev.asjordi.weather.DataMapper</class>
  <method>mapDataToObject</method>
  <thread>30</thread>
  <message>Mapping data to WeatherApiResponse object</message>
</record>
<record>
  <date>2026-09-08T22:05:48.222646405Z</date>
  <millis>1788905148222</millis>
  <nanos>646405</nanos>
  <sequence>11</sequence>
  <logger>global</logger>
  <level>INFO</level>
  <class>dev.asjordi.weather.DataMapper</class>
  <method>mapDataToObject</method>
  <thread>30</thread>
  <message>Data mapped to WeatherApiResponse object successfully</message>
</record>
<record>
  <date>2026-09-08T22:05:48.223189866Z</date>
  <millis>1788905148223</millis>
  <nanos>189866</nanos>
  <sequence>12</sequence>
  <logger>global</logger>
  <level>INFO</level>
  <class>dev.asjordi.weather.WeatherDataProcessor</class>
  <method>processData</method>
  <thread>30</thread>
  <message>Data processed successfully</message>
</record>
<record>
  <date>2026-09-08T22:05:48.223680959Z</date>
  <millis>1788905148223</millis>
  <nanos>680959</nanos>
  <sequence>13</sequence>
  <logger>global</logger>
  <level>INFO</level>
  <class>dev.asjordi.weather.WeatherDataProcessor</class>
  <method>generateReport</method>
  <thread>30</thread>
  <message>Generating weather report</message>
</record>
<record>
  <date>2026-09-08T22:05:48.226342849Z</date>
  <millis>1788905148226</millis>
  <nanos>342849</nanos>
  <sequence>14</sequence>
  <logger>global</logger>
  <level>INFO</level>
  <class>dev.asjordi.weather.WeatherDataProcessor</class>
  <method>generateReport</method>
  <thread>30</thread>
  <message>Weather report generated successfully</message>
</record>
<record>
  <date>2026-09-08T22:05:48.286777244Z</date>
  <millis>1788905148286</millis>
  <nanos>777244</nanos>
  <sequence>15</sequence>
  <logger>global</logger>
  <level>INFO</level>
  <class>dev.asjordi.bot.WeatherBot</class>
  <method>&lt;init&gt;</method>
  <thread>30</thread>
  <message>WeatherBot initialized</message>
</record>
<record>
  <date>2026-09-08T22:05:48.287537111Z</date>
  <millis>1788905148287</millis>
  <nanos>537111</nanos>
  <sequence>16</sequence>
  <logger>global</logger>
  <level>INFO</level>
  <class>dev.asjordi.bot.BotService</class>
  <method>&lt;init&gt;</method>
  <thread>30</thread>
  <message>BotService initialized</message>
</record>
<record>
  <date>2026-09-08T22:05:48.288070172Z</date>
  <millis>1788905148288</millis>
  <nanos>70172</nanos>
  <sequence>17</sequence>
  <logger>global</logger>
  <level>INFO</level>
  <class>dev.asjordi.bot.BotService</class>
  <method>sendWeatherReport</method>
  <thread>30</thread>
  <message>Sending weather report</message>
</record>
<record>
  <date>2026-09-08T22:05:49.827516016Z</date>
  <millis>1788905149827</millis>
  <nanos>516016</nanos>
  <sequence>18</sequence>
  <logger>global</logger>
  <level>INFO</level>
  <class>dev.asjordi.bot.BotService</class>
  <method>sendWeatherReport</method>
  <thread>30</thread>
  <message>Weather report sent successfully</message>
</record>
</log>
<?xml version="1.0" encoding="UTF-8" standalone="no"?>
<!DOCTYPE log SYSTEM "logger.dtd">
<log>
<record>
  <date>2026-09-09T01:50:08.304238615Z</date>
  <millis>1788918608304</millis>
  <nanos>238615</nanos>
  <sequence>0</sequence>
  <logger>global</logger>
  <level>INFO</level>
  <class>dev.asjordi.Main</class>
  <method>main</method>
  <thread>30</thread>
  <message>Starting application</message>
</record>
<record>
  <date>2026-09-09T01:50:08.315677689Z</date>
  <millis>1788918608315</millis>
  <nanos>677689</nanos>
  <sequence>1</sequence>
  <logger>global</logger>
  <level>INFO</level>
  <class>dev.asjordi.request.RequestManager</class>
  <method>buildURL</method>
  <thread>30</thread>
  <message>Building URL for OpenWeather API request</message>
</record>
<record>
  <date>2026-09-09T01:50:08.316411282Z</date>
  <millis>1788918608316</millis>
  <nanos>411282</nanos>
  <sequence>2</sequence>
  <logger>global</logger>
  <level>INFO</level>
  <class>dev.asjordi.request.RequestManager</class>
  <method>buildURL</method>
  <thread>30</thread>
  <message>URL built successfully</message>
</record>
<record>
  <date>2026-09-09T01:50:08.470023568Z</date>
  <millis>1788918608470</millis>
  <nanos>23568</nanos>
  <sequence>3</sequence>
  <logger>global</logger>
  <level>INFO</level>
  <class>dev.asjordi.weather.DataMapper</class>
  <method>&lt;init&gt;</method>
  <thread>30</thread>
  <message>DataMapper initialized</message>
</record>
<record>
  <date>2026-09-09T01:50:08.470868591Z</date>
  <millis>1788918608470</millis>
  <nanos>868591</nanos>
  <sequence>4</sequence>
  <logger>global</logger>
  <level>INFO</level>
  <class>dev.asjordi.weather.WeatherDataProcessor</class>
  <method>&lt;init&gt;</method>
  <thread>30</thread>
  <message>WeatherDataProcessor initialized</message>
</record>
<record>
  <date>2026-09-09T01:50:08.471469945Z</date>
  <millis>1788918608471</millis>
  <nanos>469945</nanos>
  <sequence>5</sequence>
  <logger>global</logger>
  <level>INFO</level>
  <class>dev.asjordi.weather.WeatherDataProcessor</class>
  <method>processData</method>
  <thread>30</thread>
  <message>Starting data processing</message>
</record>
<record>
  <date>2026-09-09T01:50:08.472010784Z</date>
  <millis>1788918608472</millis>
  <nanos>10784</nanos>
  <sequence>6</sequence>
  <logger>global</logger>
  <level>INFO</level>
  <class>dev.asjordi.request.RequestManager</class>
  <method>makeRequest</method>
  <thread>30</thread>
  <message>Starting HTTP request to OpenWeather API</message>
</record>
<record>
  <date>2026-09-09T01:50:08.494126585Z</date>
  <millis>1788918608494</millis>
  <nanos>126585</nanos>
  <sequence>7</sequence>
  <logger>global</logger>
  <level>INFO</level>
  <class>dev.asjordi.request.RequestManager</class>
  <method>makeRequest</method>
  <thread>30</thread>
  <message>HTTP request build successfully</message>
</record>
<record>
  <date>2026-09-09T01:50:08.565627482Z</date>
  <millis>1788918608565</millis>
  <nanos>627482</nanos>
  <sequence>8</sequence>
  <logger>global</logger>
  <level>INFO</level>
  <class>dev.asjordi.request.RequestManager</class>
  <method>makeRequest</method>
  <thread>30</thread>
  <message>HTTP client built successfully</message>
</record>
<record>
  <date>2026-09-09T01:50:08.724811527Z</date>
  <millis>1788918608724</millis>
  <nanos>811527</nanos>
  <sequence>9</sequence>
  <logger>global</logger>
  <level>INFO</level>
  <class>dev.asjordi.request.RequestManager</class>
  <method>makeRequest</method>
  <thread>30</thread>
  <message>HTTP request sent successfully</message>
</record>
<record>
  <date>2026-09-09T01:50:08.727413652Z</date>
  <millis>1788918608727</millis>
  <nanos>413652</nanos>
  <sequence>10</sequence>
  <logger>global</logger>
  <level>INFO</level>
  <class>dev.asjordi.weather.DataMapper</class>
  <method>mapDataToObject</method>
  <thread>30</thread>
  <message>Mapping data to WeatherApiResponse object</message>
</record>
<record>
  <date>2026-09-09T01:50:08.779098234Z</date>
  <millis>1788918608779</millis>
  <nanos>98234</nanos>
  <sequence>11</sequence>
  <logger>global</logger>
  <level>INFO</level>
  <class>dev.asjordi.weather.DataMapper</class>
  <method>mapDataToObject</method>
  <thread>30</thread>
  <message>Data mapped to WeatherApiResponse object successfully</message>
</record>
<record>
  <date>2026-09-09T01:50:08.779640686Z</date>
  <millis>1788918608779</millis>
  <nanos>640686</nanos>
  <sequence>12</sequence>
  <logger>global</logger>
  <level>INFO</level>
  <class>dev.asjordi.weather.WeatherDataProcessor</class>
  <method>processData</method>
  <thread>30</thread>
  <message>Data processed successfully</message>
</record>
<record>
  <date>2026-09-09T01:50:08.780182688Z</date>
  <millis>1788918608780</millis>
  <nanos>182688</nanos>
  <sequence>13</sequence>
  <logger>global</logger>
  <level>INFO</level>
  <class>dev.asjordi.weather.WeatherDataProcessor</class>
  <method>generateReport</method>
  <thread>30</thread>
  <message>Generating weather report</message>
</record>
<record>
  <date>2026-09-09T01:50:08.783078217Z</date>
  <millis>1788918608783</millis>
  <nanos>78217</nanos>
  <sequence>14</sequence>
  <logger>global</logger>
  <level>INFO</level>
  <class>dev.asjordi.weather.WeatherDataProcessor</class>
  <method>generateReport</method>
  <thread>30</thread>
  <message>Weather report generated successfully</message>
</record>
<record>
  <date>2026-09-09T01:50:08.842760890Z</date>
  <millis>1788918608842</millis>
  <nanos>760890</nanos>
  <sequence>15</sequence>
  <logger>global</logger>
  <level>INFO</level>
  <class>dev.asjordi.bot.WeatherBot</class>
  <method>&lt;init&gt;</method>
  <thread>30</thread>
  <message>WeatherBot initialized</message>
</record>
<record>
  <date>2026-09-09T01:50:08.843428268Z</date>
  <millis>1788918608843</millis>
  <nanos>428268</nanos>
  <sequence>16</sequence>
  <logger>global</logger>
  <level>INFO</level>
  <class>dev.asjordi.bot.BotService</class>
  <method>&lt;init&gt;</method>
  <thread>30</thread>
  <message>BotService initialized</message>
</record>
<record>
  <date>2026-09-09T01:50:08.843872255Z</date>
  <millis>1788918608843</millis>
  <nanos>872255</nanos>
  <sequence>17</sequence>
  <logger>global</logger>
  <level>INFO</level>
  <class>dev.asjordi.bot.BotService</class>
  <method>sendWeatherReport</method>
  <thread>30</thread>
  <message>Sending weather report</message>
</record>
<record>
  <date>2026-09-09T01:50:09.981788256Z</date>
  <millis>1788918609981</millis>
  <nanos>788256</nanos>
  <sequence>18</sequence>
  <logger>global</logger>
  <level>INFO</level>
  <class>dev.asjordi.bot.BotService</class>
  <method>sendWeatherReport</method>
  <thread>30</thread>
  <message>Weather report sent successfully</message>
</record>
</log>
<?xml version="1.0" encoding="UTF-8" standalone="no"?>
<!DOCTYPE log SYSTEM "logger.dtd">
<log>
<record>
  <date>2026-09-09T08:25:35.999975136Z</date>
  <millis>1788942335999</millis>
  <nanos>975136</nanos>
  <sequence>0</sequence>
  <logger>global</logger>
  <level>INFO</level>
  <class>dev.asjordi.Main</class>
  <method>main</method>
  <thread>30</thread>
  <message>Starting application</message>
</record>
<record>
  <date>2026-09-09T08:25:36.010545941Z</date>
  <millis>1788942336010</millis>
  <nanos>545941</nanos>
  <sequence>1</sequence>
  <logger>global</logger>
  <level>INFO</level>
  <class>dev.asjordi.request.RequestManager</class>
  <method>buildURL</method>
  <thread>30</thread>
  <message>Building URL for OpenWeather API request</message>
</record>
<record>
  <date>2026-09-09T08:25:36.011204455Z</date>
  <millis>1788942336011</millis>
  <nanos>204455</nanos>
  <sequence>2</sequence>
  <logger>global</logger>
  <level>INFO</level>
  <class>dev.asjordi.request.RequestManager</class>
  <method>buildURL</method>
  <thread>30</thread>
  <message>URL built successfully</message>
</record>
<record>
  <date>2026-09-09T08:25:36.355409957Z</date>
  <millis>1788942336355</millis>
  <nanos>409957</nanos>
  <sequence>3</sequence>
  <logger>global</logger>
  <level>INFO</level>
  <class>dev.asjordi.weather.DataMapper</class>
  <method>&lt;init&gt;</method>
  <thread>30</thread>
  <message>DataMapper initialized</message>
</record>
<record>
  <date>2026-09-09T08:25:36.356294091Z</date>
  <millis>1788942336356</millis>
  <nanos>294091</nanos>
  <sequence>4</sequence>
  <logger>global</logger>
  <level>INFO</level>
  <class>dev.asjordi.weather.WeatherDataProcessor</class>
  <method>&lt;init&gt;</method>
  <thread>30</thread>
  <message>WeatherDataProcessor initialized</message>
</record>
<record>
  <date>2026-09-09T08:25:36.356985256Z</date>
  <millis>1788942336356</millis>
  <nanos>985256</nanos>
  <sequence>5</sequence>
  <logger>global</logger>
  <level>INFO</level>
  <class>dev.asjordi.weather.WeatherDataProcessor</class>
  <method>processData</method>
  <thread>30</thread>
  <message>Starting data processing</message>
</record>
<record>
  <date>2026-09-09T08:25:36.357573831Z</date>
  <millis>1788942336357</millis>
  <nanos>573831</nanos>
  <sequence>6</sequence>
  <logger>global</logger>
  <level>INFO</level>
  <class>dev.asjordi.request.RequestManager</class>
  <method>makeRequest</method>
  <thread>30</thread>
  <message>Starting HTTP request to OpenWeather API</message>
</record>
<record>
  <date>2026-09-09T08:25:36.694748781Z</date>
  <millis>1788942336694</millis>
  <nanos>748781</nanos>
  <sequence>7</sequence>
  <logger>global</logger>
  <level>INFO</level>
  <class>dev.asjordi.request.RequestManager</class>
  <method>makeRequest</method>
  <thread>30</thread>
  <message>HTTP request build successfully</message>
</record>
<record>
  <date>2026-09-09T08:25:37.203497783Z</date>
  <millis>1788942337203</millis>
  <nanos>497783</nanos>
  <sequence>8</sequence>
  <logger>global</logger>
  <level>INFO</level>
  <class>dev.asjordi.request.RequestManager</class>
  <method>makeRequest</method>
  <thread>30</thread>
  <message>HTTP client built successfully</message>
</record>
<record>
  <date>2026-09-09T08:25:37.418146427Z</date>
  <millis>1788942337418</millis>
  <nanos>146427</nanos>
  <sequence>9</sequence>
  <logger>global</logger>
  <level>INFO</level>
  <class>dev.asjordi.request.RequestManager</class>
  <method>makeRequest</method>
  <thread>30</thread>
  <message>HTTP request sent successfully</message>
</record>
<record>
  <date>2026-09-09T08:25:37.420525158Z</date>
  <millis>1788942337420</millis>
  <nanos>525158</nanos>
  <sequence>10</sequence>
  <logger>global</logger>
  <level>INFO</level>
  <class>dev.asjordi.weather.DataMapper</class>
  <method>mapDataToObject</method>
  <thread>30</thread>
  <message>Mapping data to WeatherApiResponse object</message>
</record>
<record>
  <date>2026-09-09T08:25:37.465263480Z</date>
  <millis>1788942337465</millis>
  <nanos>263480</nanos>
  <sequence>11</sequence>
  <logger>global</logger>
  <level>INFO</level>
  <class>dev.asjordi.weather.DataMapper</class>
  <method>mapDataToObject</method>
  <thread>30</thread>
  <message>Data mapped to WeatherApiResponse object successfully</message>
</record>
<record>
  <date>2026-09-09T08:25:37.465746785Z</date>
  <millis>1788942337465</millis>
  <nanos>746785</nanos>
  <sequence>12</sequence>
  <logger>global</logger>
  <level>INFO</level>
  <class>dev.asjordi.weather.WeatherDataProcessor</class>
  <method>processData</method>
  <thread>30</thread>
  <message>Data processed successfully</message>
</record>
<record>
  <date>2026-09-09T08:25:37.466245772Z</date>
  <millis>1788942337466</millis>
  <nanos>245772</nanos>
  <sequence>13</sequence>
  <logger>global</logger>
  <level>INFO</level>
  <class>dev.asjordi.weather.WeatherDataProcessor</class>
  <method>generateReport</method>
  <thread>30</thread>
  <message>Generating weather report</message>
</record>
<record>
  <date>2026-09-09T08:25:37.468715335Z</date>
  <millis>1788942337468</millis>
  <nanos>715335</nanos>
  <sequence>14</sequence>
  <logger>global</logger>
  <level>INFO</level>
  <class>dev.asjordi.weather.WeatherDataProcessor</class>
  <method>generateReport</method>
  <thread>30</thread>
  <message>Weather report generated successfully</message>
</record>
<record>
  <date>2026-09-09T08:25:37.526411253Z</date>
  <millis>1788942337526</millis>
  <nanos>411253</nanos>
  <sequence>15</sequence>
  <logger>global</logger>
  <level>INFO</level>
  <class>dev.asjordi.bot.WeatherBot</class>
  <method>&lt;init&gt;</method>
  <thread>30</thread>
  <message>WeatherBot initialized</message>
</record>
<record>
  <date>2026-09-09T08:25:37.527029448Z</date>
  <millis>1788942337527</millis>
  <nanos>29448</nanos>
  <sequence>16</sequence>
  <logger>global</logger>
  <level>INFO</level>
  <class>dev.asjordi.bot.BotService</class>
  <method>&lt;init&gt;</method>
  <thread>30</thread>
  <message>BotService initialized</message>
</record>
<record>
  <date>2026-09-09T08:25:37.527560588Z</date>
  <millis>1788942337527</millis>
  <nanos>560588</nanos>
  <sequence>17</sequence>
  <logger>global</logger>
  <level>INFO</level>
  <class>dev.asjordi.bot.BotService</class>
  <method>sendWeatherReport</method>
  <thread>30</thread>
  <message>Sending weather report</message>
</record>
<record>
  <date>2026-09-09T08:25:38.657155510Z</date>
  <millis>1788942338657</millis>
  <nanos>155510</nanos>
  <sequence>18</sequence>
  <logger>global</logger>
  <level>INFO</level>
  <class>dev.asjordi.bot.BotService</class>
  <method>sendWeatherReport</method>
  <thread>30</thread>
  <message>Weather report sent successfully</message>
</record>
</log>
<?xml version="1.0" encoding="UTF-8" standalone="no"?>
<!DOCTYPE log SYSTEM "logger.dtd">
<log>
<record>
  <date>2026-09-09T15:25:45.287709827Z</date>
  <millis>1788967545287</millis>
  <nanos>709827</nanos>
  <sequence>0</sequence>
  <logger>global</logger>
  <level>INFO</level>
  <class>dev.asjordi.Main</class>
  <method>main</method>
  <thread>30</thread>
  <message>Starting application</message>
</record>
<record>
  <date>2026-09-09T15:25:45.293192475Z</date>
  <millis>1788967545293</millis>
  <nanos>192475</nanos>
  <sequence>1</sequence>
  <logger>global</logger>
  <level>INFO</level>
  <class>dev.asjordi.request.RequestManager</class>
  <method>buildURL</method>
  <thread>30</thread>
  <message>Building URL for OpenWeather API request</message>
</record>
<record>
  <date>2026-09-09T15:25:45.293555554Z</date>
  <millis>1788967545293</millis>
  <nanos>555554</nanos>
  <sequence>2</sequence>
  <logger>global</logger>
  <level>INFO</level>
  <class>dev.asjordi.request.RequestManager</class>
  <method>buildURL</method>
  <thread>30</thread>
  <message>URL built successfully</message>
</record>
<record>
  <date>2026-09-09T15:25:45.385942329Z</date>
  <millis>1788967545385</millis>
  <nanos>942329</nanos>
  <sequence>3</sequence>
  <logger>global</logger>
  <level>INFO</level>
  <class>dev.asjordi.weather.DataMapper</class>
  <method>&lt;init&gt;</method>
  <thread>30</thread>
  <message>DataMapper initialized</message>
</record>
<record>
  <date>2026-09-09T15:25:45.386671732Z</date>
  <millis>1788967545386</millis>
  <nanos>671732</nanos>
  <sequence>4</sequence>
  <logger>global</logger>
  <level>INFO</level>
  <class>dev.asjordi.weather.WeatherDataProcessor</class>
  <method>&lt;init&gt;</method>
  <thread>30</thread>
  <message>WeatherDataProcessor initialized</message>
</record>
<record>
  <date>2026-09-09T15:25:45.387003563Z</date>
  <millis>1788967545387</millis>
  <nanos>3563</nanos>
  <sequence>5</sequence>
  <logger>global</logger>
  <level>INFO</level>
  <class>dev.asjordi.weather.WeatherDataProcessor</class>
  <method>processData</method>
  <thread>30</thread>
  <message>Starting data processing</message>
</record>
<record>
  <date>2026-09-09T15:25:45.387318720Z</date>
  <millis>1788967545387</millis>
  <nanos>318720</nanos>
  <sequence>6</sequence>
  <logger>global</logger>
  <level>INFO</level>
  <class>dev.asjordi.request.RequestManager</class>
  <method>makeRequest</method>
  <thread>30</thread>
  <message>Starting HTTP request to OpenWeather API</message>
</record>
<record>
  <date>2026-09-09T15:25:45.501660078Z</date>
  <millis>1788967545501</millis>
  <nanos>660078</nanos>
  <sequence>7</sequence>
  <logger>global</logger>
  <level>INFO</level>
  <class>dev.asjordi.request.RequestManager</class>
  <method>makeRequest</method>
  <thread>30</thread>
  <message>HTTP request build successfully</message>
</record>
<record>
  <date>2026-09-09T15:25:45.639685342Z</date>
  <millis>1788967545639</millis>
  <nanos>685342</nanos>
  <sequence>8</sequence>
  <logger>global</logger>
  <level>INFO</level>
  <class>dev.asjordi.request.RequestManager</class>
  <method>makeRequest</method>
  <thread>30</thread>
  <message>HTTP client built successfully</message>
</record>
<record>
  <date>2026-09-09T15:25:45.953645687Z</date>
  <millis>1788967545953</millis>
  <nanos>645687</nanos>
  <sequence>9</sequence>
  <logger>global</logger>
  <level>INFO</level>
  <class>dev.asjordi.request.RequestManager</class>
  <method>makeRequest</method>
  <thread>30</thread>
  <message>HTTP request sent successfully</message>
</record>
<record>
  <date>2026-09-09T15:25:45.955372968Z</date>
  <millis>1788967545955</millis>
  <nanos>372968</nanos>
  <sequence>10</sequence>
  <logger>global</logger>
  <level>INFO</level>
  <class>dev.asjordi.weather.DataMapper</class>
  <method>mapDataToObject</method>
  <thread>30</thread>
  <message>Mapping data to WeatherApiResponse object</message>
</record>
<record>
  <date>2026-09-09T15:25:45.985629779Z</date>
  <millis>1788967545985</millis>
  <nanos>629779</nanos>
  <sequence>11</sequence>
  <logger>global</logger>
  <level>INFO</level>
  <class>dev.asjordi.weather.DataMapper</class>
  <method>mapDataToObject</method>
  <thread>30</thread>
  <message>Data mapped to WeatherApiResponse object successfully</message>
</record>
<record>
  <date>2026-09-09T15:25:45.986082434Z</date>
  <millis>1788967545986</millis>
  <nanos>82434</nanos>
  <sequence>12</sequence>
  <logger>global</logger>
  <level>INFO</level>
  <class>dev.asjordi.weather.WeatherDataProcessor</class>
  <method>processData</method>
  <thread>30</thread>
  <message>Data processed successfully</message>
</record>
<record>
  <date>2026-09-09T15:25:45.986416479Z</date>
  <millis>1788967545986</millis>
  <nanos>416479</nanos>
  <sequence>13</sequence>
  <logger>global</logger>
  <level>INFO</level>
  <class>dev.asjordi.weather.WeatherDataProcessor</class>
  <method>generateReport</method>
  <thread>30</thread>
  <message>Generating weather report</message>
</record>
<record>
  <date>2026-09-09T15:25:46.061473338Z</date>
  <millis>1788967546061</millis>
  <nanos>473338</nanos>
  <sequence>14</sequence>
  <logger>global</logger>
  <level>INFO</level>
  <class>dev.asjordi.weather.WeatherDataProcessor</class>
  <method>generateReport</method>
  <thread>30</thread>
  <message>Weather report generated successfully</message>
</record>
<record>
  <date>2026-09-09T15:25:46.099827702Z</date>
  <millis>1788967546099</millis>
  <nanos>827702</nanos>
  <sequence>15</sequence>
  <logger>global</logger>
  <level>INFO</level>
  <class>dev.asjordi.bot.WeatherBot</class>
  <method>&lt;init&gt;</method>
  <thread>30</thread>
  <message>WeatherBot initialized</message>
</record>
<record>
  <date>2026-09-09T15:25:46.100321078Z</date>
  <millis>1788967546100</millis>
  <nanos>321078</nanos>
  <sequence>16</sequence>
  <logger>global</logger>
  <level>INFO</level>
  <class>dev.asjordi.bot.BotService</class>
  <method>&lt;init&gt;</method>
  <thread>30</thread>
  <message>BotService initialized</message>
</record>
<record>
  <date>2026-09-09T15:25:46.100624857Z</date>
  <millis>1788967546100</millis>
  <nanos>624857</nanos>
  <sequence>17</sequence>
  <logger>global</logger>
  <level>INFO</level>
  <class>dev.asjordi.bot.BotService</class>
  <method>sendWeatherReport</method>
  <thread>30</thread>
  <message>Sending weather report</message>
</record>
<record>
  <date>2026-09-09T15:25:47.777035207Z</date>
  <millis>1788967547777</millis>
  <nanos>35207</nanos>
  <sequence>18</sequence>
  <logger>global</logger>
  <level>INFO</level>
  <class>dev.asjordi.bot.BotService</class>
  <method>sendWeatherReport</method>
  <thread>30</thread>
  <message>Weather report sent successfully</message>
</record>
</log>
<?xml version="1.0" encoding="UTF-8" standalone="no"?>
<!DOCTYPE log SYSTEM "logger.dtd">
<log>
<record>
  <date>2026-09-09T18:53:59.449984176Z</date>
  <millis>1788980039449</millis>
  <nanos>984176</nanos>
  <sequence>0</sequence>
  <logger>global</logger>
  <level>INFO</level>
  <class>dev.asjordi.Main</class>
  <method>main</method>
  <thread>30</thread>
  <message>Starting application</message>
</record>
<record>
  <date>2026-09-09T18:53:59.459756225Z</date>
  <millis>1788980039459</millis>
  <nanos>756225</nanos>
  <sequence>1</sequence>
  <logger>global</logger>
  <level>INFO</level>
  <class>dev.asjordi.request.RequestManager</class>
  <method>buildURL</method>
  <thread>30</thread>
  <message>Building URL for OpenWeather API request</message>
</record>
<record>
  <date>2026-09-09T18:53:59.460404038Z</date>
  <millis>1788980039460</millis>
  <nanos>404038</nanos>
  <sequence>2</sequence>
  <logger>global</logger>
  <level>INFO</level>
  <class>dev.asjordi.request.RequestManager</class>
  <method>buildURL</method>
  <thread>30</thread>
  <message>URL built successfully</message>
</record>
<record>
  <date>2026-09-09T18:53:59.602050019Z</date>
  <millis>1788980039602</millis>
  <nanos>50019</nanos>
  <sequence>3</sequence>
  <logger>global</logger>
  <level>INFO</level>
  <class>dev.asjordi.weather.DataMapper</class>
  <method>&lt;init&gt;</method>
  <thread>30</thread>
  <message>DataMapper initialized</message>
</record>
<record>
  <date>2026-09-09T18:53:59.602947127Z</date>
  <millis>1788980039602</millis>
  <nanos>947127</nanos>
  <sequence>4</sequence>
  <logger>global</logger>
  <level>INFO</level>
  <class>dev.asjordi.weather.WeatherDataProcessor</class>
  <method>&lt;init&gt;</method>
  <thread>30</thread>
  <message>WeatherDataProcessor initialized</message>
</record>
<record>
  <date>2026-09-09T18:53:59.603550256Z</date>
  <millis>1788980039603</millis>
  <nanos>550256</nanos>
  <sequence>5</sequence>
  <logger>global</logger>
  <level>INFO</level>
  <class>dev.asjordi.weather.WeatherDataProcessor</class>
  <method>processData</method>
  <thread>30</thread>
  <message>Starting data processing</message>
</record>
<record>
  <date>2026-09-09T18:53:59.604090217Z</date>
  <millis>1788980039604</millis>
  <nanos>90217</nanos>
  <sequence>6</sequence>
  <logger>global</logger>
  <level>INFO</level>
  <class>dev.asjordi.request.RequestManager</class>
  <method>makeRequest</method>
  <thread>30</thread>
  <message>Starting HTTP request to OpenWeather API</message>
</record>
<record>
  <date>2026-09-09T18:53:59.628086918Z</date>
  <millis>1788980039628</millis>
  <nanos>86918</nanos>
  <sequence>7</sequence>
  <logger>global</logger>
  <level>INFO</level>
  <class>dev.asjordi.request.RequestManager</class>
  <method>makeRequest</method>
  <thread>30</thread>
  <message>HTTP request build successfully</message>
</record>
<record>
  <date>2026-09-09T18:53:59.690976271Z</date>
  <millis>1788980039690</millis>
  <nanos>976271</nanos>
  <sequence>8</sequence>
  <logger>global</logger>
  <level>INFO</level>
  <class>dev.asjordi.request.RequestManager</class>
  <method>makeRequest</method>
  <thread>30</thread>
  <message>HTTP client built successfully</message>
</record>
<record>
  <date>2026-09-09T18:53:59.973085779Z</date>
  <millis>1788980039973</millis>
  <nanos>85779</nanos>
  <sequence>9</sequence>
  <logger>global</logger>
  <level>INFO</level>
  <class>dev.asjordi.request.RequestManager</class>
  <method>makeRequest</method>
  <thread>30</thread>
  <message>HTTP request sent successfully</message>
</record>
<record>
  <date>2026-09-09T18:53:59.976294626Z</date>
  <millis>1788980039976</millis>
  <nanos>294626</nanos>
  <sequence>10</sequence>
  <logger>global</logger>
  <level>INFO</level>
  <class>dev.asjordi.weather.DataMapper</class>
  <method>mapDataToObject</method>
  <thread>30</thread>
  <message>Mapping data to WeatherApiResponse object</message>
</record>
<record>
  <date>2026-09-09T18:54:00.028421906Z</date>
  <millis>1788980040028</millis>
  <nanos>421906</nanos>
  <sequence>11</sequence>
  <logger>global</logger>
  <level>INFO</level>
  <class>dev.asjordi.weather.DataMapper</class>
  <method>mapDataToObject</method>
  <thread>30</thread>
  <message>Data mapped to WeatherApiResponse object successfully</message>
</record>
<record>
  <date>2026-09-09T18:54:00.028973188Z</date>
  <millis>1788980040028</millis>
  <nanos>973188</nanos>
  <sequence>12</sequence>
  <logger>global</logger>
  <level>INFO</level>
  <class>dev.asjordi.weather.WeatherDataProcessor</class>
  <method>processData</method>
  <thread>30</thread>
  <message>Data processed successfully</message>
</record>
<record>
  <date>2026-09-09T18:54:00.029487621Z</date>
  <millis>1788980040029</millis>
  <nanos>487621</nanos>
  <sequence>13</sequence>
  <logger>global</logger>
  <level>INFO</level>
  <class>dev.asjordi.weather.WeatherDataProcessor</class>
  <method>generateReport</method>
  <thread>30</thread>
  <message>Generating weather report</message>
</record>
<record>
  <date>2026-09-09T18:54:00.032372931Z</date>
  <millis>1788980040032</millis>
  <nanos>372931</nanos>
  <sequence>14</sequence>
  <logger>global</logger>
  <level>INFO</level>
  <class>dev.asjordi.weather.WeatherDataProcessor</class>
  <method>generateReport</method>
  <thread>30</thread>
  <message>Weather report generated successfully</message>
</record>
<record>
  <date>2026-09-09T18:54:00.093431344Z</date>
  <millis>1788980040093</millis>
  <nanos>431344</nanos>
  <sequence>15</sequence>
  <logger>global</logger>
  <level>INFO</level>
  <class>dev.asjordi.bot.WeatherBot</class>
  <method>&lt;init&gt;</method>
  <thread>30</thread>
  <message>WeatherBot initialized</message>
</record>
<record>
  <date>2026-09-09T18:54:00.094056274Z</date>
  <millis>1788980040094</millis>
  <nanos>56274</nanos>
  <sequence>16</sequence>
  <logger>global</logger>
  <level>INFO</level>
  <class>dev.asjordi.bot.BotService</class>
  <method>&lt;init&gt;</method>
  <thread>30</thread>
  <message>BotService initialized</message>
</record>
<record>
  <date>2026-09-09T18:54:00.094610662Z</date>
  <millis>1788980040094</millis>
  <nanos>610662</nanos>
  <sequence>17</sequence>
  <logger>global</logger>
  <level>INFO</level>
  <class>dev.asjordi.bot.BotService</class>
  <method>sendWeatherReport</method>
  <thread>30</thread>
  <message>Sending weather report</message>
</record>
<record>
  <date>2026-09-09T18:54:01.417217537Z</date>
  <millis>1788980041417</millis>
  <nanos>217537</nanos>
  <sequence>18</sequence>
  <logger>global</logger>
  <level>INFO</level>
  <class>dev.asjordi.bot.BotService</class>
  <method>sendWeatherReport</method>
  <thread>30</thread>
  <message>Weather report sent successfully</message>
</record>
</log>
<?xml version="1.0" encoding="UTF-8" standalone="no"?>
<!DOCTYPE log SYSTEM "logger.dtd">
<log>
<record>
  <date>2026-09-09T22:02:55.380517289Z</date>
  <millis>1788991375380</millis>
  <nanos>517289</nanos>
  <sequence>0</sequence>
  <logger>global</logger>
  <level>INFO</level>
  <class>dev.asjordi.Main</class>
  <method>main</method>
  <thread>30</thread>
  <message>Starting application</message>
</record>
<record>
  <date>2026-09-09T22:02:55.387754044Z</date>
  <millis>1788991375387</millis>
  <nanos>754044</nanos>
  <sequence>1</sequence>
  <logger>global</logger>
  <level>INFO</level>
  <class>dev.asjordi.request.RequestManager</class>
  <method>buildURL</method>
  <thread>30</thread>
  <message>Building URL for OpenWeather API request</message>
</record>
<record>
  <date>2026-09-09T22:02:55.388242705Z</date>
  <millis>1788991375388</millis>
  <nanos>242705</nanos>
  <sequence>2</sequence>
  <logger>global</logger>
  <level>INFO</level>
  <class>dev.asjordi.request.RequestManager</class>
  <method>buildURL</method>
  <thread>30</thread>
  <message>URL built successfully</message>
</record>
<record>
  <date>2026-09-09T22:02:55.488976165Z</date>
  <millis>1788991375488</millis>
  <nanos>976165</nanos>
  <sequence>3</sequence>
  <logger>global</logger>
  <level>INFO</level>
  <class>dev.asjordi.weather.DataMapper</class>
  <method>&lt;init&gt;</method>
  <thread>30</thread>
  <message>DataMapper initialized</message>
</record>
<record>
  <date>2026-09-09T22:02:55.489632484Z</date>
  <millis>1788991375489</millis>
  <nanos>632484</nanos>
  <sequence>4</sequence>
  <logger>global</logger>
  <level>INFO</level>
  <class>dev.asjordi.weather.WeatherDataProcessor</class>
  <method>&lt;init&gt;</method>
  <thread>30</thread>
  <message>WeatherDataProcessor initialized</message>
</record>
<record>
  <date>2026-09-09T22:02:55.490230237Z</date>
  <millis>1788991375490</millis>
  <nanos>230237</nanos>
  <sequence>5</sequence>
  <logger>global</logger>
  <level>INFO</level>
  <class>dev.asjordi.weather.WeatherDataProcessor</class>
  <method>processData</method>
  <thread>30</thread>
  <message>Starting data processing</message>
</record>
<record>
  <date>2026-09-09T22:02:55.490637027Z</date>
  <millis>1788991375490</millis>
  <nanos>637027</nanos>
  <sequence>6</sequence>
  <logger>global</logger>
  <level>INFO</level>
  <class>dev.asjordi.request.RequestManager</class>
  <method>makeRequest</method>
  <thread>30</thread>
  <message>Starting HTTP request to OpenWeather API</message>
</record>
<record>
  <date>2026-09-09T22:02:55.509603120Z</date>
  <millis>1788991375509</millis>
  <nanos>603120</nanos>
  <sequence>7</sequence>
  <logger>global</logger>
  <level>INFO</level>
  <class>dev.asjordi.request.RequestManager</class>
  <method>makeRequest</method>
  <thread>30</thread>
  <message>HTTP request build successfully</message>
</record>
<record>
  <date>2026-09-09T22:02:55.589057994Z</date>
  <millis>1788991375589</millis>
  <nanos>57994</nanos>
  <sequence>8</sequence>
  <logger>global</logger>
  <level>INFO</level>
  <class>dev.asjordi.request.RequestManager</class>
  <method>makeRequest</method>
  <thread>30</thread>
  <message>HTTP client built successfully</message>
</record>
<record>
  <date>2026-09-09T22:02:55.845876189Z</date>
  <millis>1788991375845</millis>
  <nanos>876189</nanos>
  <sequence>9</sequence>
  <logger>global</logger>
  <level>INFO</level>
  <class>dev.asjordi.request.RequestManager</class>
  <method>makeRequest</method>
  <thread>30</thread>
  <message>HTTP request sent successfully</message>
</record>
<record>
  <date>2026-09-09T22:02:55.847859792Z</date>
  <millis>1788991375847</millis>
  <nanos>859792</nanos>
  <sequence>10</sequence>
  <logger>global</logger>
  <level>INFO</level>
  <class>dev.asjordi.weather.DataMapper</class>
  <method>mapDataToObject</method>
  <thread>30</thread>
  <message>Mapping data to WeatherApiResponse object</message>
</record>
<record>
  <date>2026-09-09T22:02:55.886233220Z</date>
  <millis>1788991375886</millis>
  <nanos>233220</nanos>
  <sequence>11</sequence>
  <logger>global</logger>
  <level>INFO</level>
  <class>dev.asjordi.weather.DataMapper</class>
  <method>mapDataToObject</method>
  <thread>30</thread>
  <message>Data mapped to WeatherApiResponse object successfully</message>
</record>
<record>
  <date>2026-09-09T22:02:55.886671808Z</date>
  <millis>1788991375886</millis>
  <nanos>671808</nanos>
  <sequence>12</sequence>
  <logger>global</logger>
  <level>INFO</level>
  <class>dev.asjordi.weather.WeatherDataProcessor</class>
  <method>processData</method>
  <thread>30</thread>
  <message>Data processed successfully</message>
</record>
<record>
  <date>2026-09-09T22:02:55.887012931Z</date>
  <millis>1788991375887</millis>
  <nanos>12931</nanos>
  <sequence>13</sequence>
  <logger>global</logger>
  <level>INFO</level>
  <class>dev.asjordi.weather.WeatherDataProcessor</class>
  <method>generateReport</method>
  <thread>30</thread>
  <message>Generating weather report</message>
</record>
<record>
  <date>2026-09-09T22:02:55.889085361Z</date>
  <millis>1788991375889</millis>
  <nanos>85361</nanos>
  <sequence>14</sequence>
  <logger>global</logger>
  <level>INFO</level>
  <class>dev.asjordi.weather.WeatherDataProcessor</class>
  <method>generateReport</method>
  <thread>30</thread>
  <message>Weather report generated successfully</message>
</record>
<record>
  <date>2026-09-09T22:02:55.935841090Z</date>
  <millis>1788991375935</millis>
  <nanos>841090</nanos>
  <sequence>15</sequence>
  <logger>global</logger>
  <level>INFO</level>
  <class>dev.asjordi.bot.WeatherBot</class>
  <method>&lt;init&gt;</method>
  <thread>30</thread>
  <message>WeatherBot initialized</message>
</record>
<record>
  <date>2026-09-09T22:02:55.936313618Z</date>
  <millis>1788991375936</millis>
  <nanos>313618</nanos>
  <sequence>16</sequence>
  <logger>global</logger>
  <level>INFO</level>
  <class>dev.asjordi.bot.BotService</class>
  <method>&lt;init&gt;</method>
  <thread>30</thread>
  <message>BotService initialized</message>
</record>
<record>
  <date>2026-09-09T22:02:55.936702202Z</date>
  <millis>1788991375936</millis>
  <nanos>702202</nanos>
  <sequence>17</sequence>
  <logger>global</logger>
  <level>INFO</level>
  <class>dev.asjordi.bot.BotService</class>
  <method>sendWeatherReport</method>
  <thread>30</thread>
  <message>Sending weather report</message>
</record>
<record>
  <date>2026-09-09T22:02:57.363917007Z</date>
  <millis>1788991377363</millis>
  <nanos>917007</nanos>
  <sequence>18</sequence>
  <logger>global</logger>
  <level>INFO</level>
  <class>dev.asjordi.bot.BotService</class>
  <method>sendWeatherReport</method>
  <thread>30</thread>
  <message>Weather report sent successfully</message>
</record>
</log>
<?xml version="1.0" encoding="UTF-8" standalone="no"?>
<!DOCTYPE log SYSTEM "logger.dtd">
<log>
<record>
  <date>2026-09-10T01:46:37.006689702Z</date>
  <millis>1789004797006</millis>
  <nanos>689702</nanos>
  <sequence>0</sequence>
  <logger>global</logger>
  <level>INFO</level>
  <class>dev.asjordi.Main</class>
  <method>main</method>
  <thread>30</thread>
  <message>Starting application</message>
</record>
<record>
  <date>2026-09-10T01:46:37.017277176Z</date>
  <millis>1789004797017</millis>
  <nanos>277176</nanos>
  <sequence>1</sequence>
  <logger>global</logger>
  <level>INFO</level>
  <class>dev.asjordi.request.RequestManager</class>
  <method>buildURL</method>
  <thread>30</thread>
  <message>Building URL for OpenWeather API request</message>
</record>
<record>
  <date>2026-09-10T01:46:37.017922149Z</date>
  <millis>1789004797017</millis>
  <nanos>922149</nanos>
  <sequence>2</sequence>
  <logger>global</logger>
  <level>INFO</level>
  <class>dev.asjordi.request.RequestManager</class>
  <method>buildURL</method>
  <thread>30</thread>
  <message>URL built successfully</message>
</record>
<record>
  <date>2026-09-10T01:46:37.219531131Z</date>
  <millis>1789004797219</millis>
  <nanos>531131</nanos>
  <sequence>3</sequence>
  <logger>global</logger>
  <level>INFO</level>
  <class>dev.asjordi.weather.DataMapper</class>
  <method>&lt;init&gt;</method>
  <thread>30</thread>
  <message>DataMapper initialized</message>
</record>
<record>
  <date>2026-09-10T01:46:37.220335902Z</date>
  <millis>1789004797220</millis>
  <nanos>335902</nanos>
  <sequence>4</sequence>
  <logger>global</logger>
  <level>INFO</level>
  <class>dev.asjordi.weather.WeatherDataProcessor</class>
  <method>&lt;init&gt;</method>
  <thread>30</thread>
  <message>WeatherDataProcessor initialized</message>
</record>
<record>
  <date>2026-09-10T01:46:37.221031340Z</date>
  <millis>1789004797221</millis>
  <nanos>31340</nanos>
  <sequence>5</sequence>
  <logger>global</logger>
  <level>INFO</level>
  <class>dev.asjordi.weather.WeatherDataProcessor</class>
  <method>processData</method>
  <thread>30</thread>
  <message>Starting data processing</message>
</record>
<record>
  <date>2026-09-10T01:46:37.221837834Z</date>
  <millis>1789004797221</millis>
  <nanos>837834</nanos>
  <sequence>6</sequence>
  <logger>global</logger>
  <level>INFO</level>
  <class>dev.asjordi.request.RequestManager</class>
  <method>makeRequest</method>
  <thread>30</thread>
  <message>Starting HTTP request to OpenWeather API</message>
</record>
<record>
  <date>2026-09-10T01:46:37.299011896Z</date>
  <millis>1789004797299</millis>
  <nanos>11896</nanos>
  <sequence>7</sequence>
  <logger>global</logger>
  <level>INFO</level>
  <class>dev.asjordi.request.RequestManager</class>
  <method>makeRequest</method>
  <thread>30</thread>
  <message>HTTP request build successfully</message>
</record>
<record>
  <date>2026-09-10T01:46:37.490639143Z</date>
  <millis>1789004797490</millis>
  <nanos>639143</nanos>
  <sequence>8</sequence>
  <logger>global</logger>
  <level>INFO</level>
  <class>dev.asjordi.request.RequestManager</class>
  <method>makeRequest</method>
  <thread>30</thread>
  <message>HTTP client built successfully</message>
</record>
<record>
  <date>2026-09-10T01:46:37.839259949Z</date>
  <millis>1789004797839</millis>
  <nanos>259949</nanos>
  <sequence>9</sequence>
  <logger>global</logger>
  <level>INFO</level>
  <class>dev.asjordi.request.RequestManager</class>
  <method>makeRequest</method>
  <thread>30</thread>
  <message>HTTP request sent successfully</message>
</record>
<record>
  <date>2026-09-10T01:46:37.842076845Z</date>
  <millis>1789004797842</millis>
  <nanos>76845</nanos>
  <sequence>10</sequence>
  <logger>global</logger>
  <level>INFO</level>
  <class>dev.asjordi.weather.DataMapper</class>
  <method>mapDataToObject</method>
  <thread>30</thread>
  <message>Mapping data to WeatherApiResponse object</message>
</record>
<record>
  <date>2026-09-10T01:46:37.887100059Z</date>
  <millis>1789004797887</millis>
  <nanos>100059</nanos>
  <sequence>11</sequence>
  <logger>global</logger>
  <level>INFO</level>
  <class>dev.asjordi.weather.DataMapper</class>
  <method>mapDataToObject</method>
  <thread>30</thread>
  <message>Data mapped to WeatherApiResponse object successfully</message>
</record>
<record>
  <date>2026-09-10T01:46:37.887565077Z</date>
  <millis>1789004797887</millis>
  <nanos>565077</nanos>
  <sequence>12</sequence>
  <logger>global</logger>
  <level>INFO</level>
  <class>dev.asjordi.weather.WeatherDataProcessor</class>
  <method>processData</method>
  <thread>30</thread>
  <message>Data processed successfully</message>
</record>
<record>
  <date>2026-09-10T01:46:37.888052666Z</date>
  <millis>1789004797888</millis>
  <nanos>52666</nanos>
  <sequence>13</sequence>
  <logger>global</logger>
  <level>INFO</level>
  <class>dev.asjordi.weather.WeatherDataProcessor</class>
  <method>generateReport</method>
  <thread>30</thread>
  <message>Generating weather report</message>
</record>
<record>
  <date>2026-09-10T01:46:37.890721816Z</date>
  <millis>1789004797890</millis>
  <nanos>721816</nanos>
  <sequence>14</sequence>
  <logger>global</logger>
  <level>INFO</level>
  <class>dev.asjordi.weather.WeatherDataProcessor</class>
  <method>generateReport</method>
  <thread>30</thread>
  <message>Weather report generated successfully</message>
</record>
<record>
  <date>2026-09-10T01:46:37.950644943Z</date>
  <millis>1789004797950</millis>
  <nanos>644943</nanos>
  <sequence>15</sequence>
  <logger>global</logger>
  <level>INFO</level>
  <class>dev.asjordi.bot.WeatherBot</class>
  <method>&lt;init&gt;</method>
  <thread>30</thread>
  <message>WeatherBot initialized</message>
</record>
<record>
  <date>2026-09-10T01:46:37.951255953Z</date>
  <millis>1789004797951</millis>
  <nanos>255953</nanos>
  <sequence>16</sequence>
  <logger>global</logger>
  <level>INFO</level>
  <class>dev.asjordi.bot.BotService</class>
  <method>&lt;init&gt;</method>
  <thread>30</thread>
  <message>BotService initialized</message>
</record>
<record>
  <date>2026-09-10T01:46:37.951753341Z</date>
  <millis>1789004797951</millis>
  <nanos>753341</nanos>
  <sequence>17</sequence>
  <logger>global</logger>
  <level>INFO</level>
  <class>dev.asjordi.bot.BotService</class>
  <method>sendWeatherReport</method>
  <thread>30</thread>
  <message>Sending weather report</message>
</record>
<record>
  <date>2026-09-10T01:46:40.033096805Z</date>
  <millis>1789004800033</millis>
  <nanos>96805</nanos>
  <sequence>18</sequence>
  <logger>global</logger>
  <level>INFO</level>
  <class>dev.asjordi.bot.BotService</class>
  <method>sendWeatherReport</method>
  <thread>30</thread>
  <message>Weather report sent successfully</message>
</record>
</log>
<?xml version="1.0" encoding="UTF-8" standalone="no"?>
<!DOCTYPE log SYSTEM "logger.dtd">
<log>
<record>
  <date>2026-09-10T08:27:38.461637774Z</date>
  <millis>1789028858461</millis>
  <nanos>637774</nanos>
  <sequence>0</sequence>
  <logger>global</logger>
  <level>INFO</level>
  <class>dev.asjordi.Main</class>
  <method>main</method>
  <thread>30</thread>
  <message>Starting application</message>
</record>
<record>
  <date>2026-09-10T08:27:38.469413657Z</date>
  <millis>1789028858469</millis>
  <nanos>413657</nanos>
  <sequence>1</sequence>
  <logger>global</logger>
  <level>INFO</level>
  <class>dev.asjordi.request.RequestManager</class>
  <method>buildURL</method>
  <thread>30</thread>
  <message>Building URL for OpenWeather API request</message>
</record>
<record>
  <date>2026-09-10T08:27:38.469883068Z</date>
  <millis>1789028858469</millis>
  <nanos>883068</nanos>
  <sequence>2</sequence>
  <logger>global</logger>
  <level>INFO</level>
  <class>dev.asjordi.request.RequestManager</class>
  <method>buildURL</method>
  <thread>30</thread>
  <message>URL built successfully</message>
</record>
<record>
  <date>2026-09-10T08:27:38.646801327Z</date>
  <millis>1789028858646</millis>
  <nanos>801327</nanos>
  <sequence>3</sequence>
  <logger>global</logger>
  <level>INFO</level>
  <class>dev.asjordi.weather.DataMapper</class>
  <method>&lt;init&gt;</method>
  <thread>30</thread>
  <message>DataMapper initialized</message>
</record>
<record>
  <date>2026-09-10T08:27:38.647466872Z</date>
  <millis>1789028858647</millis>
  <nanos>466872</nanos>
  <sequence>4</sequence>
  <logger>global</logger>
  <level>INFO</level>
  <class>dev.asjordi.weather.WeatherDataProcessor</class>
  <method>&lt;init&gt;</method>
  <thread>30</thread>
  <message>WeatherDataProcessor initialized</message>
</record>
<record>
  <date>2026-09-10T08:27:38.647904997Z</date>
  <millis>1789028858647</millis>
  <nanos>904997</nanos>
  <sequence>5</sequence>
  <logger>global</logger>
  <level>INFO</level>
  <class>dev.asjordi.weather.WeatherDataProcessor</class>
  <method>processData</method>
  <thread>30</thread>
  <message>Starting data processing</message>
</record>
<record>
  <date>2026-09-10T08:27:38.648257545Z</date>
  <millis>1789028858648</millis>
  <nanos>257545</nanos>
  <sequence>6</sequence>
  <logger>global</logger>
  <level>INFO</level>
  <class>dev.asjordi.request.RequestManager</class>
  <method>makeRequest</method>
  <thread>30</thread>
  <message>Starting HTTP request to OpenWeather API</message>
</record>
<record>
  <date>2026-09-10T08:27:38.703305679Z</date>
  <millis>1789028858703</millis>
  <nanos>305679</nanos>
  <sequence>7</sequence>
  <logger>global</logger>
  <level>INFO</level>
  <class>dev.asjordi.request.RequestManager</class>
  <method>makeRequest</method>
  <thread>30</thread>
  <message>HTTP request build successfully</message>
</record>
<record>
  <date>2026-09-10T08:27:38.766405302Z</date>
  <millis>1789028858766</millis>
  <nanos>405302</nanos>
  <sequence>8</sequence>
  <logger>global</logger>
  <level>INFO</level>
  <class>dev.asjordi.request.RequestManager</class>
  <method>makeRequest</method>
  <thread>30</thread>
  <message>HTTP client built successfully</message>
</record>
<record>
  <date>2026-09-10T08:27:39.141629738Z</date>
  <millis>1789028859141</millis>
  <nanos>629738</nanos>
  <sequence>9</sequence>
  <logger>global</logger>
  <level>INFO</level>
  <class>dev.asjordi.request.RequestManager</class>
  <method>makeRequest</method>
  <thread>30</thread>
  <message>HTTP request sent successfully</message>
</record>
<record>
  <date>2026-09-10T08:27:39.144043845Z</date>
  <millis>1789028859144</millis>
  <nanos>43845</nanos>
  <sequence>10</sequence>
  <logger>global</logger>
  <level>INFO</level>
  <class>dev.asjordi.weather.DataMapper</class>
  <method>mapDataToObject</method>
  <thread>30</thread>
  <message>Mapping data to WeatherApiResponse object</message>
</record>
<record>
  <date>2026-09-10T08:27:39.176777815Z</date>
  <millis>1789028859176</millis>
  <nanos>777815</nanos>
  <sequence>11</sequence>
  <logger>global</logger>
  <level>INFO</level>
  <class>dev.asjordi.weather.DataMapper</class>
  <method>mapDataToObject</method>
  <thread>30</thread>
  <message>Data mapped to WeatherApiResponse object successfully</message>
</record>
<record>
  <date>2026-09-10T08:27:39.177120199Z</date>
  <millis>1789028859177</millis>
  <nanos>120199</nanos>
  <sequence>12</sequence>
  <logger>global</logger>
  <level>INFO</level>
  <class>dev.asjordi.weather.WeatherDataProcessor</class>
  <method>processData</method>
  <thread>30</thread>
  <message>Data processed successfully</message>
</record>
<record>
  <date>2026-09-10T08:27:39.177418461Z</date>
  <millis>1789028859177</millis>
  <nanos>418461</nanos>
  <sequence>13</sequence>
  <logger>global</logger>
  <level>INFO</level>
  <class>dev.asjordi.weather.WeatherDataProcessor</class>
  <method>generateReport</method>
  <thread>30</thread>
  <message>Generating weather report</message>
</record>
<record>
  <date>2026-09-10T08:27:39.179494528Z</date>
  <millis>1789028859179</millis>
  <nanos>494528</nanos>
  <sequence>14</sequence>
  <logger>global</logger>
  <level>INFO</level>
  <class>dev.asjordi.weather.WeatherDataProcessor</class>
  <method>generateReport</method>
  <thread>30</thread>
  <message>Weather report generated successfully</message>
</record>
<record>
  <date>2026-09-10T08:27:39.225357216Z</date>
  <millis>1789028859225</millis>
  <nanos>357216</nanos>
  <sequence>15</sequence>
  <logger>global</logger>
  <level>INFO</level>
  <class>dev.asjordi.bot.WeatherBot</class>
  <method>&lt;init&gt;</method>
  <thread>30</thread>
  <message>WeatherBot initialized</message>
</record>
<record>
  <date>2026-09-10T08:27:39.225896988Z</date>
  <millis>1789028859225</millis>
  <nanos>896988</nanos>
  <sequence>16</sequence>
  <logger>global</logger>
  <level>INFO</level>
  <class>dev.asjordi.bot.BotService</class>
  <method>&lt;init&gt;</method>
  <thread>30</thread>
  <message>BotService initialized</message>
</record>
<record>
  <date>2026-09-10T08:27:39.226356157Z</date>
  <millis>1789028859226</millis>
  <nanos>356157</nanos>
  <sequence>17</sequence>
  <logger>global</logger>
  <level>INFO</level>
  <class>dev.asjordi.bot.BotService</class>
  <method>sendWeatherReport</method>
  <thread>30</thread>
  <message>Sending weather report</message>
</record>
<record>
  <date>2026-09-10T08:27:40.515777015Z</date>
  <millis>1789028860515</millis>
  <nanos>777015</nanos>
  <sequence>18</sequence>
  <logger>global</logger>
  <level>INFO</level>
  <class>dev.asjordi.bot.BotService</class>
  <method>sendWeatherReport</method>
  <thread>30</thread>
  <message>Weather report sent successfully</message>
</record>
</log>
<?xml version="1.0" encoding="UTF-8" standalone="no"?>
<!DOCTYPE log SYSTEM "logger.dtd">
<log>
<record>
  <date>2026-09-10T15:20:38.764922301Z</date>
  <millis>1789053638764</millis>
  <nanos>922301</nanos>
  <sequence>0</sequence>
  <logger>global</logger>
  <level>INFO</level>
  <class>dev.asjordi.Main</class>
  <method>main</method>
  <thread>30</thread>
  <message>Starting application</message>
</record>
<record>
  <date>2026-09-10T15:20:38.774563551Z</date>
  <millis>1789053638774</millis>
  <nanos>563551</nanos>
  <sequence>1</sequence>
  <logger>global</logger>
  <level>INFO</level>
  <class>dev.asjordi.request.RequestManager</class>
  <method>buildURL</method>
  <thread>30</thread>
  <message>Building URL for OpenWeather API request</message>
</record>
<record>
  <date>2026-09-10T15:20:38.775261011Z</date>
  <millis>1789053638775</millis>
  <nanos>261011</nanos>
  <sequence>2</sequence>
  <logger>global</logger>
  <level>INFO</level>
  <class>dev.asjordi.request.RequestManager</class>
  <method>buildURL</method>
  <thread>30</thread>
  <message>URL built successfully</message>
</record>
<record>
  <date>2026-09-10T15:20:38.927492281Z</date>
  <millis>1789053638927</millis>
  <nanos>492281</nanos>
  <sequence>3</sequence>
  <logger>global</logger>
  <level>INFO</level>
  <class>dev.asjordi.weather.DataMapper</class>
  <method>&lt;init&gt;</method>
  <thread>30</thread>
  <message>DataMapper initialized</message>
</record>
<record>
  <date>2026-09-10T15:20:38.928325486Z</date>
  <millis>1789053638928</millis>
  <nanos>325486</nanos>
  <sequence>4</sequence>
  <logger>global</logger>
  <level>INFO</level>
  <class>dev.asjordi.weather.WeatherDataProcessor</class>
  <method>&lt;init&gt;</method>
  <thread>30</thread>
  <message>WeatherDataProcessor initialized</message>
</record>
<record>
  <date>2026-09-10T15:20:38.929028757Z</date>
  <millis>1789053638929</millis>
  <nanos>28757</nanos>
  <sequence>5</sequence>
  <logger>global</logger>
  <level>INFO</level>
  <class>dev.asjordi.weather.WeatherDataProcessor</class>
  <method>processData</method>
  <thread>30</thread>
  <message>Starting data processing</message>
</record>
<record>
  <date>2026-09-10T15:20:38.929721359Z</date>
  <millis>1789053638929</millis>
  <nanos>721359</nanos>
  <sequence>6</sequence>
  <logger>global</logger>
  <level>INFO</level>
  <class>dev.asjordi.request.RequestManager</class>
  <method>makeRequest</method>
  <thread>30</thread>
  <message>Starting HTTP request to OpenWeather API</message>
</record>
<record>
  <date>2026-09-10T15:20:38.998418830Z</date>
  <millis>1789053638998</millis>
  <nanos>418830</nanos>
  <sequence>7</sequence>
  <logger>global</logger>
  <level>INFO</level>
  <class>dev.asjordi.request.RequestManager</class>
  <method>makeRequest</method>
  <thread>30</thread>
  <message>HTTP request build successfully</message>
</record>
<record>
  <date>2026-09-10T15:20:39.133570960Z</date>
  <millis>1789053639133</millis>
  <nanos>570960</nanos>
  <sequence>8</sequence>
  <logger>global</logger>
  <level>INFO</level>
  <class>dev.asjordi.request.RequestManager</class>
  <method>makeRequest</method>
  <thread>30</thread>
  <message>HTTP client built successfully</message>
</record>
<record>
  <date>2026-09-10T15:20:39.399641996Z</date>
  <millis>1789053639399</millis>
  <nanos>641996</nanos>
  <sequence>9</sequence>
  <logger>global</logger>
  <level>INFO</level>
  <class>dev.asjordi.request.RequestManager</class>
  <method>makeRequest</method>
  <thread>30</thread>
  <message>HTTP request sent successfully</message>
</record>
<record>
  <date>2026-09-10T15:20:39.402549148Z</date>
  <millis>1789053639402</millis>
  <nanos>549148</nanos>
  <sequence>10</sequence>
  <logger>global</logger>
  <level>INFO</level>
  <class>dev.asjordi.weather.DataMapper</class>
  <method>mapDataToObject</method>
  <thread>30</thread>
  <message>Mapping data to WeatherApiResponse object</message>
</record>
<record>
  <date>2026-09-10T15:20:39.452191060Z</date>
  <millis>1789053639452</millis>
  <nanos>191060</nanos>
  <sequence>11</sequence>
  <logger>global</logger>
  <level>INFO</level>
  <class>dev.asjordi.weather.DataMapper</class>
  <method>mapDataToObject</method>
  <thread>30</thread>
  <message>Data mapped to WeatherApiResponse object successfully</message>
</record>
<record>
  <date>2026-09-10T15:20:39.452772322Z</date>
  <millis>1789053639452</millis>
  <nanos>772322</nanos>
  <sequence>12</sequence>
  <logger>global</logger>
  <level>INFO</level>
  <class>dev.asjordi.weather.WeatherDataProcessor</class>
  <method>processData</method>
  <thread>30</thread>
  <message>Data processed successfully</message>
</record>
<record>
  <date>2026-09-10T15:20:39.453352853Z</date>
  <millis>1789053639453</millis>
  <nanos>352853</nanos>
  <sequence>13</sequence>
  <logger>global</logger>
  <level>INFO</level>
  <class>dev.asjordi.weather.WeatherDataProcessor</class>
  <method>generateReport</method>
  <thread>30</thread>
  <message>Generating weather report</message>
</record>
<record>
  <date>2026-09-10T15:20:39.456581308Z</date>
  <millis>1789053639456</millis>
  <nanos>581308</nanos>
  <sequence>14</sequence>
  <logger>global</logger>
  <level>INFO</level>
  <class>dev.asjordi.weather.WeatherDataProcessor</class>
  <method>generateReport</method>
  <thread>30</thread>
  <message>Weather report generated successfully</message>
</record>
<record>
  <date>2026-09-10T15:20:39.524628510Z</date>
  <millis>1789053639524</millis>
  <nanos>628510</nanos>
  <sequence>15</sequence>
  <logger>global</logger>
  <level>INFO</level>
  <class>dev.asjordi.bot.WeatherBot</class>
  <method>&lt;init&gt;</method>
  <thread>30</thread>
  <message>WeatherBot initialized</message>
</record>
<record>
  <date>2026-09-10T15:20:39.525342021Z</date>
  <millis>1789053639525</millis>
  <nanos>342021</nanos>
  <sequence>16</sequence>
  <logger>global</logger>
  <level>INFO</level>
  <class>dev.asjordi.bot.BotService</class>
  <method>&lt;init&gt;</method>
  <thread>30</thread>
  <message>BotService initialized</message>
</record>
<record>
  <date>2026-09-10T15:20:39.525905489Z</date>
  <millis>1789053639525</millis>
  <nanos>905489</nanos>
  <sequence>17</sequence>
  <logger>global</logger>
  <level>INFO</level>
  <class>dev.asjordi.bot.BotService</class>
  <method>sendWeatherReport</method>
  <thread>30</thread>
  <message>Sending weather report</message>
</record>
<record>
  <date>2026-09-10T15:20:41.249132108Z</date>
  <millis>1789053641249</millis>
  <nanos>132108</nanos>
  <sequence>18</sequence>
  <logger>global</logger>
  <level>INFO</level>
  <class>dev.asjordi.bot.BotService</class>
  <method>sendWeatherReport</method>
  <thread>30</thread>
  <message>Weather report sent successfully</message>
</record>
</log>
<?xml version="1.0" encoding="UTF-8" standalone="no"?>
<!DOCTYPE log SYSTEM "logger.dtd">
<log>
<record>
  <date>2026-09-10T18:45:42.710648763Z</date>
  <millis>1789065942710</millis>
  <nanos>648763</nanos>
  <sequence>0</sequence>
  <logger>global</logger>
  <level>INFO</level>
  <class>dev.asjordi.Main</class>
  <method>main</method>
  <thread>30</thread>
  <message>Starting application</message>
</record>
<record>
  <date>2026-09-10T18:45:42.720603177Z</date>
  <millis>1789065942720</millis>
  <nanos>603177</nanos>
  <sequence>1</sequence>
  <logger>global</logger>
  <level>INFO</level>
  <class>dev.asjordi.request.RequestManager</class>
  <method>buildURL</method>
  <thread>30</thread>
  <message>Building URL for OpenWeather API request</message>
</record>
<record>
  <date>2026-09-10T18:45:42.721290015Z</date>
  <millis>1789065942721</millis>
  <nanos>290015</nanos>
  <sequence>2</sequence>
  <logger>global</logger>
  <level>INFO</level>
  <class>dev.asjordi.request.RequestManager</class>
  <method>buildURL</method>
  <thread>30</thread>
  <message>URL built successfully</message>
</record>
<record>
  <date>2026-09-10T18:45:42.919776871Z</date>
  <millis>1789065942919</millis>
  <nanos>776871</nanos>
  <sequence>3</sequence>
  <logger>global</logger>
  <level>INFO</level>
  <class>dev.asjordi.weather.DataMapper</class>
  <method>&lt;init&gt;</method>
  <thread>30</thread>
  <message>DataMapper initialized</message>
</record>
<record>
  <date>2026-09-10T18:45:42.920665068Z</date>
  <millis>1789065942920</millis>
  <nanos>665068</nanos>
  <sequence>4</sequence>
  <logger>global</logger>
  <level>INFO</level>
  <class>dev.asjordi.weather.WeatherDataProcessor</class>
  <method>&lt;init&gt;</method>
  <thread>30</thread>
  <message>WeatherDataProcessor initialized</message>
</record>
<record>
  <date>2026-09-10T18:45:42.921271155Z</date>
  <millis>1789065942921</millis>
  <nanos>271155</nanos>
  <sequence>5</sequence>
  <logger>global</logger>
  <level>INFO</level>
  <class>dev.asjordi.weather.WeatherDataProcessor</class>
  <method>processData</method>
  <thread>30</thread>
  <message>Starting data processing</message>
</record>
<record>
  <date>2026-09-10T18:45:42.921858026Z</date>
  <millis>1789065942921</millis>
  <nanos>858026</nanos>
  <sequence>6</sequence>
  <logger>global</logger>
  <level>INFO</level>
  <class>dev.asjordi.request.RequestManager</class>
  <method>makeRequest</method>
  <thread>30</thread>
  <message>Starting HTTP request to OpenWeather API</message>
</record>
<record>
  <date>2026-09-10T18:45:43.004678802Z</date>
  <millis>1789065943004</millis>
  <nanos>678802</nanos>
  <sequence>7</sequence>
  <logger>global</logger>
  <level>INFO</level>
  <class>dev.asjordi.request.RequestManager</class>
  <method>makeRequest</method>
  <thread>30</thread>
  <message>HTTP request build successfully</message>
</record>
<record>
  <date>2026-09-10T18:45:43.208327010Z</date>
  <millis>1789065943208</millis>
  <nanos>327010</nanos>
  <sequence>8</sequence>
  <logger>global</logger>
  <level>INFO</level>
  <class>dev.asjordi.request.RequestManager</class>
  <method>makeRequest</method>
  <thread>30</thread>
  <message>HTTP client built successfully</message>
</record>
<record>
  <date>2026-09-10T18:45:43.562626661Z</date>
  <millis>1789065943562</millis>
  <nanos>626661</nanos>
  <sequence>9</sequence>
  <logger>global</logger>
  <level>INFO</level>
  <class>dev.asjordi.request.RequestManager</class>
  <method>makeRequest</method>
  <thread>30</thread>
  <message>HTTP request sent successfully</message>
</record>
<record>
  <date>2026-09-10T18:45:43.565994982Z</date>
  <millis>1789065943565</millis>
  <nanos>994982</nanos>
  <sequence>10</sequence>
  <logger>global</logger>
  <level>INFO</level>
  <class>dev.asjordi.weather.DataMapper</class>
  <method>mapDataToObject</method>
  <thread>30</thread>
  <message>Mapping data to WeatherApiResponse object</message>
</record>
<record>
  <date>2026-09-10T18:45:43.615509279Z</date>
  <millis>1789065943615</millis>
  <nanos>509279</nanos>
  <sequence>11</sequence>
  <logger>global</logger>
  <level>INFO</level>
  <class>dev.asjordi.weather.DataMapper</class>
  <method>mapDataToObject</method>
  <thread>30</thread>
  <message>Data mapped to WeatherApiResponse object successfully</message>
</record>
<record>
  <date>2026-09-10T18:45:43.615893841Z</date>
  <millis>1789065943615</millis>
  <nanos>893841</nanos>
  <sequence>12</sequence>
  <logger>global</logger>
  <level>INFO</level>
  <class>dev.asjordi.weather.WeatherDataProcessor</class>
  <method>processData</method>
  <thread>30</thread>
  <message>Data processed successfully</message>
</record>
<record>
  <date>2026-09-10T18:45:43.616451727Z</date>
  <millis>1789065943616</millis>
  <nanos>451727</nanos>
  <sequence>13</sequence>
  <logger>global</logger>
  <level>INFO</level>
  <class>dev.asjordi.weather.WeatherDataProcessor</class>
  <method>generateReport</method>
  <thread>30</thread>
  <message>Generating weather report</message>
</record>
<record>
  <date>2026-09-10T18:45:43.618970623Z</date>
  <millis>1789065943618</millis>
  <nanos>970623</nanos>
  <sequence>14</sequence>
  <logger>global</logger>
  <level>INFO</level>
  <class>dev.asjordi.weather.WeatherDataProcessor</class>
  <method>generateReport</method>
  <thread>30</thread>
  <message>Weather report generated successfully</message>
</record>
<record>
  <date>2026-09-10T18:45:43.680921646Z</date>
  <millis>1789065943680</millis>
  <nanos>921646</nanos>
  <sequence>15</sequence>
  <logger>global</logger>
  <level>INFO</level>
  <class>dev.asjordi.bot.WeatherBot</class>
  <method>&lt;init&gt;</method>
  <thread>30</thread>
  <message>WeatherBot initialized</message>
</record>
<record>
  <date>2026-09-10T18:45:43.681738017Z</date>
  <millis>1789065943681</millis>
  <nanos>738017</nanos>
  <sequence>16</sequence>
  <logger>global</logger>
  <level>INFO</level>
  <class>dev.asjordi.bot.BotService</class>
  <method>&lt;init&gt;</method>
  <thread>30</thread>
  <message>BotService initialized</message>
</record>
<record>
  <date>2026-09-10T18:45:43.682278160Z</date>
  <millis>1789065943682</millis>
  <nanos>278160</nanos>
  <sequence>17</sequence>
  <logger>global</logger>
  <level>INFO</level>
  <class>dev.asjordi.bot.BotService</class>
  <method>sendWeatherReport</method>
  <thread>30</thread>
  <message>Sending weather report</message>
</record>
<record>
  <date>2026-09-10T18:45:44.876195634Z</date>
  <millis>1789065944876</millis>
  <nanos>195634</nanos>
  <sequence>18</sequence>
  <logger>global</logger>
  <level>INFO</level>
  <class>dev.asjordi.bot.BotService</class>
  <method>sendWeatherReport</method>
  <thread>30</thread>
  <message>Weather report sent successfully</message>
</record>
</log>
<?xml version="1.0" encoding="UTF-8" standalone="no"?>
<!DOCTYPE log SYSTEM "logger.dtd">
<log>
<record>
  <date>2026-09-10T22:00:56.256851615Z</date>
  <millis>1789077656256</millis>
  <nanos>851615</nanos>
  <sequence>0</sequence>
  <logger>global</logger>
  <level>INFO</level>
  <class>dev.asjordi.Main</class>
  <method>main</method>
  <thread>30</thread>
  <message>Starting application</message>
</record>
<record>
  <date>2026-09-10T22:00:56.266137407Z</date>
  <millis>1789077656266</millis>
  <nanos>137407</nanos>
  <sequence>1</sequence>
  <logger>global</logger>
  <level>INFO</level>
  <class>dev.asjordi.request.RequestManager</class>
  <method>buildURL</method>
  <thread>30</thread>
  <message>Building URL for OpenWeather API request</message>
</record>
<record>
  <date>2026-09-10T22:00:56.266685109Z</date>
  <millis>1789077656266</millis>
  <nanos>685109</nanos>
  <sequence>2</sequence>
  <logger>global</logger>
  <level>INFO</level>
  <class>dev.asjordi.request.RequestManager</class>
  <method>buildURL</method>
  <thread>30</thread>
  <message>URL built successfully</message>
</record>
<record>
  <date>2026-09-10T22:00:56.393762118Z</date>
  <millis>1789077656393</millis>
  <nanos>762118</nanos>
  <sequence>3</sequence>
  <logger>global</logger>
  <level>INFO</level>
  <class>dev.asjordi.weather.DataMapper</class>
  <method>&lt;init&gt;</method>
  <thread>30</thread>
  <message>DataMapper initialized</message>
</record>
<record>
  <date>2026-09-10T22:00:56.394527632Z</date>
  <millis>1789077656394</millis>
  <nanos>527632</nanos>
  <sequence>4</sequence>
  <logger>global</logger>
  <level>INFO</level>
  <class>dev.asjordi.weather.WeatherDataProcessor</class>
  <method>&lt;init&gt;</method>
  <thread>30</thread>
  <message>WeatherDataProcessor initialized</message>
</record>
<record>
  <date>2026-09-10T22:00:56.395075263Z</date>
  <millis>1789077656395</millis>
  <nanos>75263</nanos>
  <sequence>5</sequence>
  <logger>global</logger>
  <level>INFO</level>
  <class>dev.asjordi.weather.WeatherDataProcessor</class>
  <method>processData</method>
  <thread>30</thread>
  <message>Starting data processing</message>
</record>
<record>
  <date>2026-09-10T22:00:56.395642292Z</date>
  <millis>1789077656395</millis>
  <nanos>642292</nanos>
  <sequence>6</sequence>
  <logger>global</logger>
  <level>INFO</level>
  <class>dev.asjordi.request.RequestManager</class>
  <method>makeRequest</method>
  <thread>30</thread>
  <message>Starting HTTP request to OpenWeather API</message>
</record>
<record>
  <date>2026-09-10T22:00:56.452553332Z</date>
  <millis>1789077656452</millis>
  <nanos>553332</nanos>
  <sequence>7</sequence>
  <logger>global</logger>
  <level>INFO</level>
  <class>dev.asjordi.request.RequestManager</class>
  <method>makeRequest</method>
  <thread>30</thread>
  <message>HTTP request build successfully</message>
</record>
<record>
  <date>2026-09-10T22:00:56.544594451Z</date>
  <millis>1789077656544</millis>
  <nanos>594451</nanos>
  <sequence>8</sequence>
  <logger>global</logger>
  <level>INFO</level>
  <class>dev.asjordi.request.RequestManager</class>
  <method>makeRequest</method>
  <thread>30</thread>
  <message>HTTP client built successfully</message>
</record>
<record>
  <date>2026-09-10T22:00:56.949568364Z</date>
  <millis>1789077656949</millis>
  <nanos>568364</nanos>
  <sequence>9</sequence>
  <logger>global</logger>
  <level>INFO</level>
  <class>dev.asjordi.request.RequestManager</class>
  <method>makeRequest</method>
  <thread>30</thread>
  <message>HTTP request sent successfully</message>
</record>
<record>
  <date>2026-09-10T22:00:56.952081236Z</date>
  <millis>1789077656952</millis>
  <nanos>81236</nanos>
  <sequence>10</sequence>
  <logger>global</logger>
  <level>INFO</level>
  <class>dev.asjordi.weather.DataMapper</class>
  <method>mapDataToObject</method>
  <thread>30</thread>
  <message>Mapping data to WeatherApiResponse object</message>
</record>
<record>
  <date>2026-09-10T22:00:56.996480785Z</date>
  <millis>1789077656996</millis>
  <nanos>480785</nanos>
  <sequence>11</sequence>
  <logger>global</logger>
  <level>INFO</level>
  <class>dev.asjordi.weather.DataMapper</class>
  <method>mapDataToObject</method>
  <thread>30</thread>
  <message>Data mapped to WeatherApiResponse object successfully</message>
</record>
<record>
  <date>2026-09-10T22:00:56.996946084Z</date>
  <millis>1789077656996</millis>
  <nanos>946084</nanos>
  <sequence>12</sequence>
  <logger>global</logger>
  <level>INFO</level>
  <class>dev.asjordi.weather.WeatherDataProcessor</class>
  <method>processData</method>
  <thread>30</thread>
  <message>Data processed successfully</message>
</record>
<record>
  <date>2026-09-10T22:00:56.997363262Z</date>
  <millis>1789077656997</millis>
  <nanos>363262</nanos>
  <sequence>13</sequence>
  <logger>global</logger>
  <level>INFO</level>
  <class>dev.asjordi.weather.WeatherDataProcessor</class>
  <method>generateReport</method>
  <thread>30</thread>
  <message>Generating weather report</message>
</record>
<record>
  <date>2026-09-10T22:00:56.999729396Z</date>
  <millis>1789077656999</millis>
  <nanos>729396</nanos>
  <sequence>14</sequence>
  <logger>global</logger>
  <level>INFO</level>
  <class>dev.asjordi.weather.WeatherDataProcessor</class>
  <method>generateReport</method>
  <thread>30</thread>
  <message>Weather report generated successfully</message>
</record>
<record>
  <date>2026-09-10T22:00:57.063863192Z</date>
  <millis>1789077657063</millis>
  <nanos>863192</nanos>
  <sequence>15</sequence>
  <logger>global</logger>
  <level>INFO</level>
  <class>dev.asjordi.bot.WeatherBot</class>
  <method>&lt;init&gt;</method>
  <thread>30</thread>
  <message>WeatherBot initialized</message>
</record>
<record>
  <date>2026-09-10T22:00:57.064631971Z</date>
  <millis>1789077657064</millis>
  <nanos>631971</nanos>
  <sequence>16</sequence>
  <logger>global</logger>
  <level>INFO</level>
  <class>dev.asjordi.bot.BotService</class>
  <method>&lt;init&gt;</method>
  <thread>30</thread>
  <message>BotService initialized</message>
</record>
<record>
  <date>2026-09-10T22:00:57.065115948Z</date>
  <millis>1789077657065</millis>
  <nanos>115948</nanos>
  <sequence>17</sequence>
  <logger>global</logger>
  <level>INFO</level>
  <class>dev.asjordi.bot.BotService</class>
  <method>sendWeatherReport</method>
  <thread>30</thread>
  <message>Sending weather report</message>
</record>
<record>
  <date>2026-09-10T22:00:58.334071660Z</date>
  <millis>1789077658334</millis>
  <nanos>71660</nanos>
  <sequence>18</sequence>
  <logger>global</logger>
  <level>INFO</level>
  <class>dev.asjordi.bot.BotService</class>
  <method>sendWeatherReport</method>
  <thread>30</thread>
  <message>Weather report sent successfully</message>
</record>
</log>
<?xml version="1.0" encoding="UTF-8" standalone="no"?>
<!DOCTYPE log SYSTEM "logger.dtd">
<log>
<record>
  <date>2026-09-11T01:45:01.753867917Z</date>
  <millis>1789091101753</millis>
  <nanos>867917</nanos>
  <sequence>0</sequence>
  <logger>global</logger>
  <level>INFO</level>
  <class>dev.asjordi.Main</class>
  <method>main</method>
  <thread>29</thread>
  <message>Starting application</message>
</record>
<record>
  <date>2026-09-11T01:45:01.763420746Z</date>
  <millis>1789091101763</millis>
  <nanos>420746</nanos>
  <sequence>1</sequence>
  <logger>global</logger>
  <level>INFO</level>
  <class>dev.asjordi.request.RequestManager</class>
  <method>buildURL</method>
  <thread>29</thread>
  <message>Building URL for OpenWeather API request</message>
</record>
<record>
  <date>2026-09-11T01:45:01.764213019Z</date>
  <millis>1789091101764</millis>
  <nanos>213019</nanos>
  <sequence>2</sequence>
  <logger>global</logger>
  <level>INFO</level>
  <class>dev.asjordi.request.RequestManager</class>
  <method>buildURL</method>
  <thread>29</thread>
  <message>URL built successfully</message>
</record>
<record>
  <date>2026-09-11T01:45:01.902590597Z</date>
  <millis>1789091101902</millis>
  <nanos>590597</nanos>
  <sequence>3</sequence>
  <logger>global</logger>
  <level>INFO</level>
  <class>dev.asjordi.weather.DataMapper</class>
  <method>&lt;init&gt;</method>
  <thread>29</thread>
  <message>DataMapper initialized</message>
</record>
<record>
  <date>2026-09-11T01:45:01.903465281Z</date>
  <millis>1789091101903</millis>
  <nanos>465281</nanos>
  <sequence>4</sequence>
  <logger>global</logger>
  <level>INFO</level>
  <class>dev.asjordi.weather.WeatherDataProcessor</class>
  <method>&lt;init&gt;</method>
  <thread>29</thread>
  <message>WeatherDataProcessor initialized</message>
</record>
<record>
  <date>2026-09-11T01:45:01.904016848Z</date>
  <millis>1789091101904</millis>
  <nanos>16848</nanos>
  <sequence>5</sequence>
  <logger>global</logger>
  <level>INFO</level>
  <class>dev.asjordi.weather.WeatherDataProcessor</class>
  <method>processData</method>
  <thread>29</thread>
  <message>Starting data processing</message>
</record>
<record>
  <date>2026-09-11T01:45:01.904552370Z</date>
  <millis>1789091101904</millis>
  <nanos>552370</nanos>
  <sequence>6</sequence>
  <logger>global</logger>
  <level>INFO</level>
  <class>dev.asjordi.request.RequestManager</class>
  <method>makeRequest</method>
  <thread>29</thread>
  <message>Starting HTTP request to OpenWeather API</message>
</record>
<record>
  <date>2026-09-11T01:45:02.009348288Z</date>
  <millis>1789091102009</millis>
  <nanos>348288</nanos>
  <sequence>7</sequence>
  <logger>global</logger>
  <level>INFO</level>
  <class>dev.asjordi.request.RequestManager</class>
  <method>makeRequest</method>
  <thread>29</thread>
  <message>HTTP request build successfully</message>
</record>
<record>
  <date>2026-09-11T01:45:02.133598280Z</date>
  <millis>1789091102133</millis>
  <nanos>598280</nanos>
  <sequence>8</sequence>
  <logger>global</logger>
  <level>INFO</level>
  <class>dev.asjordi.request.RequestManager</class>
  <method>makeRequest</method>
  <thread>29</thread>
  <message>HTTP client built successfully</message>
</record>
<record>
  <date>2026-09-11T01:45:02.515886173Z</date>
  <millis>1789091102515</millis>
  <nanos>886173</nanos>
  <sequence>9</sequence>
  <logger>global</logger>
  <level>INFO</level>
  <class>dev.asjordi.request.RequestManager</class>
  <method>makeRequest</method>
  <thread>29</thread>
  <message>HTTP request sent successfully</message>
</record>
<record>
  <date>2026-09-11T01:45:02.518449537Z</date>
  <millis>1789091102518</millis>
  <nanos>449537</nanos>
  <sequence>10</sequence>
  <logger>global</logger>
  <level>INFO</level>
  <class>dev.asjordi.weather.DataMapper</class>
  <method>mapDataToObject</method>
  <thread>29</thread>
  <message>Mapping data to WeatherApiResponse object</message>
</record>
<record>
  <date>2026-09-11T01:45:02.567924956Z</date>
  <millis>1789091102567</millis>
  <nanos>924956</nanos>
  <sequence>11</sequence>
  <logger>global</logger>
  <level>INFO</level>
  <class>dev.asjordi.weather.DataMapper</class>
  <method>mapDataToObject</method>
  <thread>29</thread>
  <message>Data mapped to WeatherApiResponse object successfully</message>
</record>
<record>
  <date>2026-09-11T01:45:02.568453748Z</date>
  <millis>1789091102568</millis>
  <nanos>453748</nanos>
  <sequence>12</sequence>
  <logger>global</logger>
  <level>INFO</level>
  <class>dev.asjordi.weather.WeatherDataProcessor</class>
  <method>processData</method>
  <thread>29</thread>
  <message>Data processed successfully</message>
</record>
<record>
  <date>2026-09-11T01:45:02.568902222Z</date>
  <millis>1789091102568</millis>
  <nanos>902222</nanos>
  <sequence>13</sequence>
  <logger>global</logger>
  <level>INFO</level>
  <class>dev.asjordi.weather.WeatherDataProcessor</class>
  <method>generateReport</method>
  <thread>29</thread>
  <message>Generating weather report</message>
</record>
<record>
  <date>2026-09-11T01:45:02.571475501Z</date>
  <millis>1789091102571</millis>
  <nanos>475501</nanos>
  <sequence>14</sequence>
  <logger>global</logger>
  <level>INFO</level>
  <class>dev.asjordi.weather.WeatherDataProcessor</class>
  <method>generateReport</method>
  <thread>29</thread>
  <message>Weather report generated successfully</message>
</record>
<record>
  <date>2026-09-11T01:45:02.631298485Z</date>
  <millis>1789091102631</millis>
  <nanos>298485</nanos>
  <sequence>15</sequence>
  <logger>global</logger>
  <level>INFO</level>
  <class>dev.asjordi.bot.WeatherBot</class>
  <method>&lt;init&gt;</method>
  <thread>29</thread>
  <message>WeatherBot initialized</message>
</record>
<record>
  <date>2026-09-11T01:45:02.632055936Z</date>
  <millis>1789091102632</millis>
  <nanos>55936</nanos>
  <sequence>16</sequence>
  <logger>global</logger>
  <level>INFO</level>
  <class>dev.asjordi.bot.BotService</class>
  <method>&lt;init&gt;</method>
  <thread>29</thread>
  <message>BotService initialized</message>
</record>
<record>
  <date>2026-09-11T01:45:02.632563247Z</date>
  <millis>1789091102632</millis>
  <nanos>563247</nanos>
  <sequence>17</sequence>
  <logger>global</logger>
  <level>INFO</level>
  <class>dev.asjordi.bot.BotService</class>
  <method>sendWeatherReport</method>
  <thread>29</thread>
  <message>Sending weather report</message>
</record>
<record>
  <date>2026-09-11T01:45:04.129798950Z</date>
  <millis>1789091104129</millis>
  <nanos>798950</nanos>
  <sequence>18</sequence>
  <logger>global</logger>
  <level>INFO</level>
  <class>dev.asjordi.bot.BotService</class>
  <method>sendWeatherReport</method>
  <thread>29</thread>
  <message>Weather report sent successfully</message>
</record>
</log>
<?xml version="1.0" encoding="UTF-8" standalone="no"?>
<!DOCTYPE log SYSTEM "logger.dtd">
<log>
<record>
  <date>2026-09-11T08:21:42.613276615Z</date>
  <millis>1789114902613</millis>
  <nanos>276615</nanos>
  <sequence>0</sequence>
  <logger>global</logger>
  <level>INFO</level>
  <class>dev.asjordi.Main</class>
  <method>main</method>
  <thread>30</thread>
  <message>Starting application</message>
</record>
<record>
  <date>2026-09-11T08:21:42.623043176Z</date>
  <millis>1789114902623</millis>
  <nanos>43176</nanos>
  <sequence>1</sequence>
  <logger>global</logger>
  <level>INFO</level>
  <class>dev.asjordi.request.RequestManager</class>
  <method>buildURL</method>
  <thread>30</thread>
  <message>Building URL for OpenWeather API request</message>
</record>
<record>
  <date>2026-09-11T08:21:42.623618861Z</date>
  <millis>1789114902623</millis>
  <nanos>618861</nanos>
  <sequence>2</sequence>
  <logger>global</logger>
  <level>INFO</level>
  <class>dev.asjordi.request.RequestManager</class>
  <method>buildURL</method>
  <thread>30</thread>
  <message>URL built successfully</message>
</record>
<record>
  <date>2026-09-11T08:21:42.756364271Z</date>
  <millis>1789114902756</millis>
  <nanos>364271</nanos>
  <sequence>3</sequence>
  <logger>global</logger>
  <level>INFO</level>
  <class>dev.asjordi.weather.DataMapper</class>
  <method>&lt;init&gt;</method>
  <thread>30</thread>
  <message>DataMapper initialized</message>
</record>
<record>
  <date>2026-09-11T08:21:42.757230553Z</date>
  <millis>1789114902757</millis>
  <nanos>230553</nanos>
  <sequence>4</sequence>
  <logger>global</logger>
  <level>INFO</level>
  <class>dev.asjordi.weather.WeatherDataProcessor</class>
  <method>&lt;init&gt;</method>
  <thread>30</thread>
  <message>WeatherDataProcessor initialized</message>
</record>
<record>
  <date>2026-09-11T08:21:42.757775983Z</date>
  <millis>1789114902757</millis>
  <nanos>775983</nanos>
  <sequence>5</sequence>
  <logger>global</logger>
  <level>INFO</level>
  <class>dev.asjordi.weather.WeatherDataProcessor</class>
  <method>processData</method>
  <thread>30</thread>
  <message>Starting data processing</message>
</record>
<record>
  <date>2026-09-11T08:21:42.758290566Z</date>
  <millis>1789114902758</millis>
  <nanos>290566</nanos>
  <sequence>6</sequence>
  <logger>global</logger>
  <level>INFO</level>
  <class>dev.asjordi.request.RequestManager</class>
  <method>makeRequest</method>
  <thread>30</thread>
  <message>Starting HTTP request to OpenWeather API</message>
</record>
<record>
  <date>2026-09-11T08:21:42.847649188Z</date>
  <millis>1789114902847</millis>
  <nanos>649188</nanos>
  <sequence>7</sequence>
  <logger>global</logger>
  <level>INFO</level>
  <class>dev.asjordi.request.RequestManager</class>
  <method>makeRequest</method>
  <thread>30</thread>
  <message>HTTP request build successfully</message>
</record>
<record>
  <date>2026-09-11T08:21:42.941431669Z</date>
  <millis>1789114902941</millis>
  <nanos>431669</nanos>
  <sequence>8</sequence>
  <logger>global</logger>
  <level>INFO</level>
  <class>dev.asjordi.request.RequestManager</class>
  <method>makeRequest</method>
  <thread>30</thread>
  <message>HTTP client built successfully</message>
</record>
<record>
  <date>2026-09-11T08:21:43.487222097Z</date>
  <millis>1789114903487</millis>
  <nanos>222097</nanos>
  <sequence>9</sequence>
  <logger>global</logger>
  <level>INFO</level>
  <class>dev.asjordi.request.RequestManager</class>
  <method>makeRequest</method>
  <thread>30</thread>
  <message>HTTP request sent successfully</message>
</record>
<record>
  <date>2026-09-11T08:21:43.489747853Z</date>
  <millis>1789114903489</millis>
  <nanos>747853</nanos>
  <sequence>10</sequence>
  <logger>global</logger>
  <level>INFO</level>
  <class>dev.asjordi.weather.DataMapper</class>
  <method>mapDataToObject</method>
  <thread>30</thread>
  <message>Mapping data to WeatherApiResponse object</message>
</record>
<record>
  <date>2026-09-11T08:21:43.534426893Z</date>
  <millis>1789114903534</millis>
  <nanos>426893</nanos>
  <sequence>11</sequence>
  <logger>global</logger>
  <level>INFO</level>
  <class>dev.asjordi.weather.DataMapper</class>
  <method>mapDataToObject</method>
  <thread>30</thread>
  <message>Data mapped to WeatherApiResponse object successfully</message>
</record>
<record>
  <date>2026-09-11T08:21:43.534899404Z</date>
  <millis>1789114903534</millis>
  <nanos>899404</nanos>
  <sequence>12</sequence>
  <logger>global</logger>
  <level>INFO</level>
  <class>dev.asjordi.weather.WeatherDataProcessor</class>
  <method>processData</method>
  <thread>30</thread>
  <message>Data processed successfully</message>
</record>
<record>
  <date>2026-09-11T08:21:43.535380537Z</date>
  <millis>1789114903535</millis>
  <nanos>380537</nanos>
  <sequence>13</sequence>
  <logger>global</logger>
  <level>INFO</level>
  <class>dev.asjordi.weather.WeatherDataProcessor</class>
  <method>generateReport</method>
  <thread>30</thread>
  <message>Generating weather report</message>
</record>
<record>
  <date>2026-09-11T08:21:43.537939594Z</date>
  <millis>1789114903537</millis>
  <nanos>939594</nanos>
  <sequence>14</sequence>
  <logger>global</logger>
  <level>INFO</level>
  <class>dev.asjordi.weather.WeatherDataProcessor</class>
  <method>generateReport</method>
  <thread>30</thread>
  <message>Weather report generated successfully</message>
</record>
<record>
  <date>2026-09-11T08:21:43.598001327Z</date>
  <millis>1789114903598</millis>
  <nanos>1327</nanos>
  <sequence>15</sequence>
  <logger>global</logger>
  <level>INFO</level>
  <class>dev.asjordi.bot.WeatherBot</class>
  <method>&lt;init&gt;</method>
  <thread>30</thread>
  <message>WeatherBot initialized</message>
</record>
<record>
  <date>2026-09-11T08:21:43.598629652Z</date>
  <millis>1789114903598</millis>
  <nanos>629652</nanos>
  <sequence>16</sequence>
  <logger>global</logger>
  <level>INFO</level>
  <class>dev.asjordi.bot.BotService</class>
  <method>&lt;init&gt;</method>
  <thread>30</thread>
  <message>BotService initialized</message>
</record>
<record>
  <date>2026-09-11T08:21:43.599101541Z</date>
  <millis>1789114903599</millis>
  <nanos>101541</nanos>
  <sequence>17</sequence>
  <logger>global</logger>
  <level>INFO</level>
  <class>dev.asjordi.bot.BotService</class>
  <method>sendWeatherReport</method>
  <thread>30</thread>
  <message>Sending weather report</message>
</record>
<record>
  <date>2026-09-11T08:21:44.879604831Z</date>
  <millis>1789114904879</millis>
  <nanos>604831</nanos>
  <sequence>18</sequence>
  <logger>global</logger>
  <level>INFO</level>
  <class>dev.asjordi.bot.BotService</class>
  <method>sendWeatherReport</method>
  <thread>30</thread>
  <message>Weather report sent successfully</message>
</record>
</log>
<?xml version="1.0" encoding="UTF-8" standalone="no"?>
<!DOCTYPE log SYSTEM "logger.dtd">
<log>
<record>
  <date>2026-09-11T15:22:45.183625230Z</date>
  <millis>1789140165183</millis>
  <nanos>625230</nanos>
  <sequence>0</sequence>
  <logger>global</logger>
  <level>INFO</level>
  <class>dev.asjordi.Main</class>
  <method>main</method>
  <thread>30</thread>
  <message>Starting application</message>
</record>
<record>
  <date>2026-09-11T15:22:45.191621798Z</date>
  <millis>1789140165191</millis>
  <nanos>621798</nanos>
  <sequence>1</sequence>
  <logger>global</logger>
  <level>INFO</level>
  <class>dev.asjordi.request.RequestManager</class>
  <method>buildURL</method>
  <thread>30</thread>
  <message>Building URL for OpenWeather API request</message>
</record>
<record>
  <date>2026-09-11T15:22:45.192210167Z</date>
  <millis>1789140165192</millis>
  <nanos>210167</nanos>
  <sequence>2</sequence>
  <logger>global</logger>
  <level>INFO</level>
  <class>dev.asjordi.request.RequestManager</class>
  <method>buildURL</method>
  <thread>30</thread>
  <message>URL built successfully</message>
</record>
<record>
  <date>2026-09-11T15:22:45.307364575Z</date>
  <millis>1789140165307</millis>
  <nanos>364575</nanos>
  <sequence>3</sequence>
  <logger>global</logger>
  <level>INFO</level>
  <class>dev.asjordi.weather.DataMapper</class>
  <method>&lt;init&gt;</method>
  <thread>30</thread>
  <message>DataMapper initialized</message>
</record>
<record>
  <date>2026-09-11T15:22:45.308282762Z</date>
  <millis>1789140165308</millis>
  <nanos>282762</nanos>
  <sequence>4</sequence>
  <logger>global</logger>
  <level>INFO</level>
  <class>dev.asjordi.weather.WeatherDataProcessor</class>
  <method>&lt;init&gt;</method>
  <thread>30</thread>
  <message>WeatherDataProcessor initialized</message>
</record>
<record>
  <date>2026-09-11T15:22:45.308925813Z</date>
  <millis>1789140165308</millis>
  <nanos>925813</nanos>
  <sequence>5</sequence>
  <logger>global</logger>
  <level>INFO</level>
  <class>dev.asjordi.weather.WeatherDataProcessor</class>
  <method>processData</method>
  <thread>30</thread>
  <message>Starting data processing</message>
</record>
<record>
  <date>2026-09-11T15:22:45.309452040Z</date>
  <millis>1789140165309</millis>
  <nanos>452040</nanos>
  <sequence>6</sequence>
  <logger>global</logger>
  <level>INFO</level>
  <class>dev.asjordi.request.RequestManager</class>
  <method>makeRequest</method>
  <thread>30</thread>
  <message>Starting HTTP request to OpenWeather API</message>
</record>
<record>
  <date>2026-09-11T15:22:45.324262309Z</date>
  <millis>1789140165324</millis>
  <nanos>262309</nanos>
  <sequence>7</sequence>
  <logger>global</logger>
  <level>INFO</level>
  <class>dev.asjordi.request.RequestManager</class>
  <method>makeRequest</method>
  <thread>30</thread>
  <message>HTTP request build successfully</message>
</record>
<record>
  <date>2026-09-11T15:22:45.352642823Z</date>
  <millis>1789140165352</millis>
  <nanos>642823</nanos>
  <sequence>8</sequence>
  <logger>global</logger>
  <level>INFO</level>
  <class>dev.asjordi.request.RequestManager</class>
  <method>makeRequest</method>
  <thread>30</thread>
  <message>HTTP client built successfully</message>
</record>
<record>
  <date>2026-09-11T15:22:45.566128909Z</date>
  <millis>1789140165566</millis>
  <nanos>128909</nanos>
  <sequence>9</sequence>
  <logger>global</logger>
  <level>INFO</level>
  <class>dev.asjordi.request.RequestManager</class>
  <method>makeRequest</method>
  <thread>30</thread>
  <message>HTTP request sent successfully</message>
</record>
<record>
  <date>2026-09-11T15:22:45.568655867Z</date>
  <millis>1789140165568</millis>
  <nanos>655867</nanos>
  <sequence>10</sequence>
  <logger>global</logger>
  <level>INFO</level>
  <class>dev.asjordi.weather.DataMapper</class>
  <method>mapDataToObject</method>
  <thread>30</thread>
  <message>Mapping data to WeatherApiResponse object</message>
</record>
<record>
  <date>2026-09-11T15:22:45.616065511Z</date>
  <millis>1789140165616</millis>
  <nanos>65511</nanos>
  <sequence>11</sequence>
  <logger>global</logger>
  <level>INFO</level>
  <class>dev.asjordi.weather.DataMapper</class>
  <method>mapDataToObject</method>
  <thread>30</thread>
  <message>Data mapped to WeatherApiResponse object successfully</message>
</record>
<record>
  <date>2026-09-11T15:22:45.616591973Z</date>
  <millis>1789140165616</millis>
  <nanos>591973</nanos>
  <sequence>12</sequence>
  <logger>global</logger>
  <level>INFO</level>
  <class>dev.asjordi.weather.WeatherDataProcessor</class>
  <method>processData</method>
  <thread>30</thread>
  <message>Data processed successfully</message>
</record>
<record>
  <date>2026-09-11T15:22:45.616977543Z</date>
  <millis>1789140165616</millis>
  <nanos>977543</nanos>
  <sequence>13</sequence>
  <logger>global</logger>
  <level>INFO</level>
  <class>dev.asjordi.weather.WeatherDataProcessor</class>
  <method>generateReport</method>
  <thread>30</thread>
  <message>Generating weather report</message>
</record>
<record>
  <date>2026-09-11T15:22:45.619444768Z</date>
  <millis>1789140165619</millis>
  <nanos>444768</nanos>
  <sequence>14</sequence>
  <logger>global</logger>
  <level>INFO</level>
  <class>dev.asjordi.weather.WeatherDataProcessor</class>
  <method>generateReport</method>
  <thread>30</thread>
  <message>Weather report generated successfully</message>
</record>
<record>
  <date>2026-09-11T15:22:45.678933206Z</date>
  <millis>1789140165678</millis>
  <nanos>933206</nanos>
  <sequence>15</sequence>
  <logger>global</logger>
  <level>INFO</level>
  <class>dev.asjordi.bot.WeatherBot</class>
  <method>&lt;init&gt;</method>
  <thread>30</thread>
  <message>WeatherBot initialized</message>
</record>
<record>
  <date>2026-09-11T15:22:45.679734368Z</date>
  <millis>1789140165679</millis>
  <nanos>734368</nanos>
  <sequence>16</sequence>
  <logger>global</logger>
  <level>INFO</level>
  <class>dev.asjordi.bot.BotService</class>
  <method>&lt;init&gt;</method>
  <thread>30</thread>
  <message>BotService initialized</message>
</record>
<record>
  <date>2026-09-11T15:22:45.680311666Z</date>
  <millis>1789140165680</millis>
  <nanos>311666</nanos>
  <sequence>17</sequence>
  <logger>global</logger>
  <level>INFO</level>
  <class>dev.asjordi.bot.BotService</class>
  <method>sendWeatherReport</method>
  <thread>30</thread>
  <message>Sending weather report</message>
</record>
<record>
  <date>2026-09-11T15:22:46.866237662Z</date>
  <millis>1789140166866</millis>
  <nanos>237662</nanos>
  <sequence>18</sequence>
  <logger>global</logger>
  <level>INFO</level>
  <class>dev.asjordi.bot.BotService</class>
  <method>sendWeatherReport</method>
  <thread>30</thread>
  <message>Weather report sent successfully</message>
</record>
</log>
<?xml version="1.0" encoding="UTF-8" standalone="no"?>
<!DOCTYPE log SYSTEM "logger.dtd">
<log>
<record>
  <date>2026-09-11T18:48:55.734122019Z</date>
  <millis>1789152535734</millis>
  <nanos>122019</nanos>
  <sequence>0</sequence>
  <logger>global</logger>
  <level>INFO</level>
  <class>dev.asjordi.Main</class>
  <method>main</method>
  <thread>30</thread>
  <message>Starting application</message>
</record>
<record>
  <date>2026-09-11T18:48:55.744083149Z</date>
  <millis>1789152535744</millis>
  <nanos>83149</nanos>
  <sequence>1</sequence>
  <logger>global</logger>
  <level>INFO</level>
  <class>dev.asjordi.request.RequestManager</class>
  <method>buildURL</method>
  <thread>30</thread>
  <message>Building URL for OpenWeather API request</message>
</record>
<record>
  <date>2026-09-11T18:48:55.744743847Z</date>
  <millis>1789152535744</millis>
  <nanos>743847</nanos>
  <sequence>2</sequence>
  <logger>global</logger>
  <level>INFO</level>
  <class>dev.asjordi.request.RequestManager</class>
  <method>buildURL</method>
  <thread>30</thread>
  <message>URL built successfully</message>
</record>
<record>
  <date>2026-09-11T18:48:55.841272658Z</date>
  <millis>1789152535841</millis>
  <nanos>272658</nanos>
  <sequence>3</sequence>
  <logger>global</logger>
  <level>INFO</level>
  <class>dev.asjordi.weather.DataMapper</class>
  <method>&lt;init&gt;</method>
  <thread>30</thread>
  <message>DataMapper initialized</message>
</record>
<record>
  <date>2026-09-11T18:48:55.841940965Z</date>
  <millis>1789152535841</millis>
  <nanos>940965</nanos>
  <sequence>4</sequence>
  <logger>global</logger>
  <level>INFO</level>
  <class>dev.asjordi.weather.WeatherDataProcessor</class>
  <method>&lt;init&gt;</method>
  <thread>30</thread>
  <message>WeatherDataProcessor initialized</message>
</record>
<record>
  <date>2026-09-11T18:48:55.842541244Z</date>
  <millis>1789152535842</millis>
  <nanos>541244</nanos>
  <sequence>5</sequence>
  <logger>global</logger>
  <level>INFO</level>
  <class>dev.asjordi.weather.WeatherDataProcessor</class>
  <method>processData</method>
  <thread>30</thread>
  <message>Starting data processing</message>
</record>
<record>
  <date>2026-09-11T18:48:55.843108389Z</date>
  <millis>1789152535843</millis>
  <nanos>108389</nanos>
  <sequence>6</sequence>
  <logger>global</logger>
  <level>INFO</level>
  <class>dev.asjordi.request.RequestManager</class>
  <method>makeRequest</method>
  <thread>30</thread>
  <message>Starting HTTP request to OpenWeather API</message>
</record>
<record>
  <date>2026-09-11T18:48:55.865830554Z</date>
  <millis>1789152535865</millis>
  <nanos>830554</nanos>
  <sequence>7</sequence>
  <logger>global</logger>
  <level>INFO</level>
  <class>dev.asjordi.request.RequestManager</class>
  <method>makeRequest</method>
  <thread>30</thread>
  <message>HTTP request build successfully</message>
</record>
<record>
  <date>2026-09-11T18:48:55.923785537Z</date>
  <millis>1789152535923</millis>
  <nanos>785537</nanos>
  <sequence>8</sequence>
  <logger>global</logger>
  <level>INFO</level>
  <class>dev.asjordi.request.RequestManager</class>
  <method>makeRequest</method>
  <thread>30</thread>
  <message>HTTP client built successfully</message>
</record>
<record>
  <date>2026-09-11T18:48:56.158250517Z</date>
  <millis>1789152536158</millis>
  <nanos>250517</nanos>
  <sequence>9</sequence>
  <logger>global</logger>
  <level>INFO</level>
  <class>dev.asjordi.request.RequestManager</class>
  <method>makeRequest</method>
  <thread>30</thread>
  <message>HTTP request sent successfully</message>
</record>
<record>
  <date>2026-09-11T18:48:56.160527398Z</date>
  <millis>1789152536160</millis>
  <nanos>527398</nanos>
  <sequence>10</sequence>
  <logger>global</logger>
  <level>INFO</level>
  <class>dev.asjordi.weather.DataMapper</class>
  <method>mapDataToObject</method>
  <thread>30</thread>
  <message>Mapping data to WeatherApiResponse object</message>
</record>
<record>
  <date>2026-09-11T18:48:56.215883404Z</date>
  <millis>1789152536215</millis>
  <nanos>883404</nanos>
  <sequence>11</sequence>
  <logger>global</logger>
  <level>INFO</level>
  <class>dev.asjordi.weather.DataMapper</class>
  <method>mapDataToObject</method>
  <thread>30</thread>
  <message>Data mapped to WeatherApiResponse object successfully</message>
</record>
<record>
  <date>2026-09-11T18:48:56.216318330Z</date>
  <millis>1789152536216</millis>
  <nanos>318330</nanos>
  <sequence>12</sequence>
  <logger>global</logger>
  <level>INFO</level>
  <class>dev.asjordi.weather.WeatherDataProcessor</class>
  <method>processData</method>
  <thread>30</thread>
  <message>Data processed successfully</message>
</record>
<record>
  <date>2026-09-11T18:48:56.216798075Z</date>
  <millis>1789152536216</millis>
  <nanos>798075</nanos>
  <sequence>13</sequence>
  <logger>global</logger>
  <level>INFO</level>
  <class>dev.asjordi.weather.WeatherDataProcessor</class>
  <method>generateReport</method>
  <thread>30</thread>
  <message>Generating weather report</message>
</record>
<record>
  <date>2026-09-11T18:48:56.219232812Z</date>
  <millis>1789152536219</millis>
  <nanos>232812</nanos>
  <sequence>14</sequence>
  <logger>global</logger>
  <level>INFO</level>
  <class>dev.asjordi.weather.WeatherDataProcessor</class>
  <method>generateReport</method>
  <thread>30</thread>
  <message>Weather report generated successfully</message>
</record>
<record>
  <date>2026-09-11T18:48:56.271540216Z</date>
  <millis>1789152536271</millis>
  <nanos>540216</nanos>
  <sequence>15</sequence>
  <logger>global</logger>
  <level>INFO</level>
  <class>dev.asjordi.bot.WeatherBot</class>
  <method>&lt;init&gt;</method>
  <thread>30</thread>
  <message>WeatherBot initialized</message>
</record>
<record>
  <date>2026-09-11T18:48:56.272227733Z</date>
  <millis>1789152536272</millis>
  <nanos>227733</nanos>
  <sequence>16</sequence>
  <logger>global</logger>
  <level>INFO</level>
  <class>dev.asjordi.bot.BotService</class>
  <method>&lt;init&gt;</method>
  <thread>30</thread>
  <message>BotService initialized</message>
</record>
<record>
  <date>2026-09-11T18:48:56.272786721Z</date>
  <millis>1789152536272</millis>
  <nanos>786721</nanos>
  <sequence>17</sequence>
  <logger>global</logger>
  <level>INFO</level>
  <class>dev.asjordi.bot.BotService</class>
  <method>sendWeatherReport</method>
  <thread>30</thread>
  <message>Sending weather report</message>
</record>
<record>
  <date>2026-09-11T18:48:57.608506954Z</date>
  <millis>1789152537608</millis>
  <nanos>506954</nanos>
  <sequence>18</sequence>
  <logger>global</logger>
  <level>INFO</level>
  <class>dev.asjordi.bot.BotService</class>
  <method>sendWeatherReport</method>
  <thread>30</thread>
  <message>Weather report sent successfully</message>
</record>
</log>
<?xml version="1.0" encoding="UTF-8" standalone="no"?>
<!DOCTYPE log SYSTEM "logger.dtd">
<log>
<record>
  <date>2026-09-11T22:03:16.905222296Z</date>
  <millis>1789164196905</millis>
  <nanos>222296</nanos>
  <sequence>0</sequence>
  <logger>global</logger>
  <level>INFO</level>
  <class>dev.asjordi.Main</class>
  <method>main</method>
  <thread>30</thread>
  <message>Starting application</message>
</record>
<record>
  <date>2026-09-11T22:03:16.915627699Z</date>
  <millis>1789164196915</millis>
  <nanos>627699</nanos>
  <sequence>1</sequence>
  <logger>global</logger>
  <level>INFO</level>
  <class>dev.asjordi.request.RequestManager</class>
  <method>buildURL</method>
  <thread>30</thread>
  <message>Building URL for OpenWeather API request</message>
</record>
<record>
  <date>2026-09-11T22:03:16.916386428Z</date>
  <millis>1789164196916</millis>
  <nanos>386428</nanos>
  <sequence>2</sequence>
  <logger>global</logger>
  <level>INFO</level>
  <class>dev.asjordi.request.RequestManager</class>
  <method>buildURL</method>
  <thread>30</thread>
  <message>URL built successfully</message>
</record>
<record>
  <date>2026-09-11T22:03:17.162400518Z</date>
  <millis>1789164197162</millis>
  <nanos>400518</nanos>
  <sequence>3</sequence>
  <logger>global</logger>
  <level>INFO</level>
  <class>dev.asjordi.weather.DataMapper</class>
  <method>&lt;init&gt;</method>
  <thread>30</thread>
  <message>DataMapper initialized</message>
</record>
<record>
  <date>2026-09-11T22:03:17.163295380Z</date>
  <millis>1789164197163</millis>
  <nanos>295380</nanos>
  <sequence>4</sequence>
  <logger>global</logger>
  <level>INFO</level>
  <class>dev.asjordi.weather.WeatherDataProcessor</class>
  <method>&lt;init&gt;</method>
  <thread>30</thread>
  <message>WeatherDataProcessor initialized</message>
</record>
<record>
  <date>2026-09-11T22:03:17.163866861Z</date>
  <millis>1789164197163</millis>
  <nanos>866861</nanos>
  <sequence>5</sequence>
  <logger>global</logger>
  <level>INFO</level>
  <class>dev.asjordi.weather.WeatherDataProcessor</class>
  <method>processData</method>
  <thread>30</thread>
  <message>Starting data processing</message>
</record>
<record>
  <date>2026-09-11T22:03:17.164517830Z</date>
  <millis>1789164197164</millis>
  <nanos>517830</nanos>
  <sequence>6</sequence>
  <logger>global</logger>
  <level>INFO</level>
  <class>dev.asjordi.request.RequestManager</class>
  <method>makeRequest</method>
  <thread>30</thread>
  <message>Starting HTTP request to OpenWeather API</message>
</record>
<record>
  <date>2026-09-11T22:03:17.456801484Z</date>
  <millis>1789164197456</millis>
  <nanos>801484</nanos>
  <sequence>7</sequence>
  <logger>global</logger>
  <level>INFO</level>
  <class>dev.asjordi.request.RequestManager</class>
  <method>makeRequest</method>
  <thread>30</thread>
  <message>HTTP request build successfully</message>
</record>
<record>
  <date>2026-09-11T22:03:17.762069004Z</date>
  <millis>1789164197762</millis>
  <nanos>69004</nanos>
  <sequence>8</sequence>
  <logger>global</logger>
  <level>INFO</level>
  <class>dev.asjordi.request.RequestManager</class>
  <method>makeRequest</method>
  <thread>30</thread>
  <message>HTTP client built successfully</message>
</record>
<record>
  <date>2026-09-11T22:03:18.154453998Z</date>
  <millis>1789164198154</millis>
  <nanos>453998</nanos>
  <sequence>9</sequence>
  <logger>global</logger>
  <level>INFO</level>
  <class>dev.asjordi.request.RequestManager</class>
  <method>makeRequest</method>
  <thread>30</thread>
  <message>HTTP request sent successfully</message>
</record>
<record>
  <date>2026-09-11T22:03:18.157262778Z</date>
  <millis>1789164198157</millis>
  <nanos>262778</nanos>
  <sequence>10</sequence>
  <logger>global</logger>
  <level>INFO</level>
  <class>dev.asjordi.weather.DataMapper</class>
  <method>mapDataToObject</method>
  <thread>30</thread>
  <message>Mapping data to WeatherApiResponse object</message>
</record>
<record>
  <date>2026-09-11T22:03:18.204761926Z</date>
  <millis>1789164198204</millis>
  <nanos>761926</nanos>
  <sequence>11</sequence>
  <logger>global</logger>
  <level>INFO</level>
  <class>dev.asjordi.weather.DataMapper</class>
  <method>mapDataToObject</method>
  <thread>30</thread>
  <message>Data mapped to WeatherApiResponse object successfully</message>
</record>
<record>
  <date>2026-09-11T22:03:18.205236543Z</date>
  <millis>1789164198205</millis>
  <nanos>236543</nanos>
  <sequence>12</sequence>
  <logger>global</logger>
  <level>INFO</level>
  <class>dev.asjordi.weather.WeatherDataProcessor</class>
  <method>processData</method>
  <thread>30</thread>
  <message>Data processed successfully</message>
</record>
<record>
  <date>2026-09-11T22:03:18.205716420Z</date>
  <millis>1789164198205</millis>
  <nanos>716420</nanos>
  <sequence>13</sequence>
  <logger>global</logger>
  <level>INFO</level>
  <class>dev.asjordi.weather.WeatherDataProcessor</class>
  <method>generateReport</method>
  <thread>30</thread>
  <message>Generating weather report</message>
</record>
<record>
  <date>2026-09-11T22:03:18.208305509Z</date>
  <millis>1789164198208</millis>
  <nanos>305509</nanos>
  <sequence>14</sequence>
  <logger>global</logger>
  <level>INFO</level>
  <class>dev.asjordi.weather.WeatherDataProcessor</class>
  <method>generateReport</method>
  <thread>30</thread>
  <message>Weather report generated successfully</message>
</record>
<record>
  <date>2026-09-11T22:03:18.267945158Z</date>
  <millis>1789164198267</millis>
  <nanos>945158</nanos>
  <sequence>15</sequence>
  <logger>global</logger>
  <level>INFO</level>
  <class>dev.asjordi.bot.WeatherBot</class>
  <method>&lt;init&gt;</method>
  <thread>30</thread>
  <message>WeatherBot initialized</message>
</record>
<record>
  <date>2026-09-11T22:03:18.268591506Z</date>
  <millis>1789164198268</millis>
  <nanos>591506</nanos>
  <sequence>16</sequence>
  <logger>global</logger>
  <level>INFO</level>
  <class>dev.asjordi.bot.BotService</class>
  <method>&lt;init&gt;</method>
  <thread>30</thread>
  <message>BotService initialized</message>
</record>
<record>
  <date>2026-09-11T22:03:18.269060703Z</date>
  <millis>1789164198269</millis>
  <nanos>60703</nanos>
  <sequence>17</sequence>
  <logger>global</logger>
  <level>INFO</level>
  <class>dev.asjordi.bot.BotService</class>
  <method>sendWeatherReport</method>
  <thread>30</thread>
  <message>Sending weather report</message>
</record>
<record>
  <date>2026-09-11T22:03:19.409018119Z</date>
  <millis>1789164199409</millis>
  <nanos>18119</nanos>
  <sequence>18</sequence>
  <logger>global</logger>
  <level>INFO</level>
  <class>dev.asjordi.bot.BotService</class>
  <method>sendWeatherReport</method>
  <thread>30</thread>
  <message>Weather report sent successfully</message>
</record>
</log>
<?xml version="1.0" encoding="UTF-8" standalone="no"?>
<!DOCTYPE log SYSTEM "logger.dtd">
<log>
<record>
  <date>2026-09-12T01:51:20.765360336Z</date>
  <millis>1789177880765</millis>
  <nanos>360336</nanos>
  <sequence>0</sequence>
  <logger>global</logger>
  <level>INFO</level>
  <class>dev.asjordi.Main</class>
  <method>main</method>
  <thread>30</thread>
  <message>Starting application</message>
</record>
<record>
  <date>2026-09-12T01:51:20.775157479Z</date>
  <millis>1789177880775</millis>
  <nanos>157479</nanos>
  <sequence>1</sequence>
  <logger>global</logger>
  <level>INFO</level>
  <class>dev.asjordi.request.RequestManager</class>
  <method>buildURL</method>
  <thread>30</thread>
  <message>Building URL for OpenWeather API request</message>
</record>
<record>
  <date>2026-09-12T01:51:20.775825682Z</date>
  <millis>1789177880775</millis>
  <nanos>825682</nanos>
  <sequence>2</sequence>
  <logger>global</logger>
  <level>INFO</level>
  <class>dev.asjordi.request.RequestManager</class>
  <method>buildURL</method>
  <thread>30</thread>
  <message>URL built successfully</message>
</record>
<record>
  <date>2026-09-12T01:51:20.907923380Z</date>
  <millis>1789177880907</millis>
  <nanos>923380</nanos>
  <sequence>3</sequence>
  <logger>global</logger>
  <level>INFO</level>
  <class>dev.asjordi.weather.DataMapper</class>
  <method>&lt;init&gt;</method>
  <thread>30</thread>
  <message>DataMapper initialized</message>
</record>
<record>
  <date>2026-09-12T01:51:20.908780644Z</date>
  <millis>1789177880908</millis>
  <nanos>780644</nanos>
  <sequence>4</sequence>
  <logger>global</logger>
  <level>INFO</level>
  <class>dev.asjordi.weather.WeatherDataProcessor</class>
  <method>&lt;init&gt;</method>
  <thread>30</thread>
  <message>WeatherDataProcessor initialized</message>
</record>
<record>
  <date>2026-09-12T01:51:20.909443357Z</date>
  <millis>1789177880909</millis>
  <nanos>443357</nanos>
  <sequence>5</sequence>
  <logger>global</logger>
  <level>INFO</level>
  <class>dev.asjordi.weather.WeatherDataProcessor</class>
  <method>processData</method>
  <thread>30</thread>
  <message>Starting data processing</message>
</record>
<record>
  <date>2026-09-12T01:51:20.910059723Z</date>
  <millis>1789177880910</millis>
  <nanos>59723</nanos>
  <sequence>6</sequence>
  <logger>global</logger>
  <level>INFO</level>
  <class>dev.asjordi.request.RequestManager</class>
  <method>makeRequest</method>
  <thread>30</thread>
  <message>Starting HTTP request to OpenWeather API</message>
</record>
<record>
  <date>2026-09-12T01:51:20.934131456Z</date>
  <millis>1789177880934</millis>
  <nanos>131456</nanos>
  <sequence>7</sequence>
  <logger>global</logger>
  <level>INFO</level>
  <class>dev.asjordi.request.RequestManager</class>
  <method>makeRequest</method>
  <thread>30</thread>
  <message>HTTP request build successfully</message>
</record>
<record>
  <date>2026-09-12T01:51:20.996181106Z</date>
  <millis>1789177880996</millis>
  <nanos>181106</nanos>
  <sequence>8</sequence>
  <logger>global</logger>
  <level>INFO</level>
  <class>dev.asjordi.request.RequestManager</class>
  <method>makeRequest</method>
  <thread>30</thread>
  <message>HTTP client built successfully</message>
</record>
<record>
  <date>2026-09-12T01:51:21.280115624Z</date>
  <millis>1789177881280</millis>
  <nanos>115624</nanos>
  <sequence>9</sequence>
  <logger>global</logger>
  <level>INFO</level>
  <class>dev.asjordi.request.RequestManager</class>
  <method>makeRequest</method>
  <thread>30</thread>
  <message>HTTP request sent successfully</message>
</record>
<record>
  <date>2026-09-12T01:51:21.282719340Z</date>
  <millis>1789177881282</millis>
  <nanos>719340</nanos>
  <sequence>10</sequence>
  <logger>global</logger>
  <level>INFO</level>
  <class>dev.asjordi.weather.DataMapper</class>
  <method>mapDataToObject</method>
  <thread>30</thread>
  <message>Mapping data to WeatherApiResponse object</message>
</record>
<record>
  <date>2026-09-12T01:51:21.329217736Z</date>
  <millis>1789177881329</millis>
  <nanos>217736</nanos>
  <sequence>11</sequence>
  <logger>global</logger>
  <level>INFO</level>
  <class>dev.asjordi.weather.DataMapper</class>
  <method>mapDataToObject</method>
  <thread>30</thread>
  <message>Data mapped to WeatherApiResponse object successfully</message>
</record>
<record>
  <date>2026-09-12T01:51:21.329753191Z</date>
  <millis>1789177881329</millis>
  <nanos>753191</nanos>
  <sequence>12</sequence>
  <logger>global</logger>
  <level>INFO</level>
  <class>dev.asjordi.weather.WeatherDataProcessor</class>
  <method>processData</method>
  <thread>30</thread>
  <message>Data processed successfully</message>
</record>
<record>
  <date>2026-09-12T01:51:21.330314726Z</date>
  <millis>1789177881330</millis>
  <nanos>314726</nanos>
  <sequence>13</sequence>
  <logger>global</logger>
  <level>INFO</level>
  <class>dev.asjordi.weather.WeatherDataProcessor</class>
  <method>generateReport</method>
  <thread>30</thread>
  <message>Generating weather report</message>
</record>
<record>
  <date>2026-09-12T01:51:21.333182069Z</date>
  <millis>1789177881333</millis>
  <nanos>182069</nanos>
  <sequence>14</sequence>
  <logger>global</logger>
  <level>INFO</level>
  <class>dev.asjordi.weather.WeatherDataProcessor</class>
  <method>generateReport</method>
  <thread>30</thread>
  <message>Weather report generated successfully</message>
</record>
<record>
  <date>2026-09-12T01:51:21.394379575Z</date>
  <millis>1789177881394</millis>
  <nanos>379575</nanos>
  <sequence>15</sequence>
  <logger>global</logger>
  <level>INFO</level>
  <class>dev.asjordi.bot.WeatherBot</class>
  <method>&lt;init&gt;</method>
  <thread>30</thread>
  <message>WeatherBot initialized</message>
</record>
<record>
  <date>2026-09-12T01:51:21.395133657Z</date>
  <millis>1789177881395</millis>
  <nanos>133657</nanos>
  <sequence>16</sequence>
  <logger>global</logger>
  <level>INFO</level>
  <class>dev.asjordi.bot.BotService</class>
  <method>&lt;init&gt;</method>
  <thread>30</thread>
  <message>BotService initialized</message>
</record>
<record>
  <date>2026-09-12T01:51:21.395754702Z</date>
  <millis>1789177881395</millis>
  <nanos>754702</nanos>
  <sequence>17</sequence>
  <logger>global</logger>
  <level>INFO</level>
  <class>dev.asjordi.bot.BotService</class>
  <method>sendWeatherReport</method>
  <thread>30</thread>
  <message>Sending weather report</message>
</record>
<record>
  <date>2026-09-12T01:51:22.936396569Z</date>
  <millis>1789177882936</millis>
  <nanos>396569</nanos>
  <sequence>18</sequence>
  <logger>global</logger>
  <level>INFO</level>
  <class>dev.asjordi.bot.BotService</class>
  <method>sendWeatherReport</method>
  <thread>30</thread>
  <message>Weather report sent successfully</message>
</record>
</log>
<?xml version="1.0" encoding="UTF-8" standalone="no"?>
<!DOCTYPE log SYSTEM "logger.dtd">
<log>
<record>
  <date>2026-09-12T08:10:44.906769169Z</date>
  <millis>1789200644906</millis>
  <nanos>769169</nanos>
  <sequence>0</sequence>
  <logger>global</logger>
  <level>INFO</level>
  <class>dev.asjordi.Main</class>
  <method>main</method>
  <thread>30</thread>
  <message>Starting application</message>
</record>
<record>
  <date>2026-09-12T08:10:44.917755767Z</date>
  <millis>1789200644917</millis>
  <nanos>755767</nanos>
  <sequence>1</sequence>
  <logger>global</logger>
  <level>INFO</level>
  <class>dev.asjordi.request.RequestManager</class>
  <method>buildURL</method>
  <thread>30</thread>
  <message>Building URL for OpenWeather API request</message>
</record>
<record>
  <date>2026-09-12T08:10:44.918430140Z</date>
  <millis>1789200644918</millis>
  <nanos>430140</nanos>
  <sequence>2</sequence>
  <logger>global</logger>
  <level>INFO</level>
  <class>dev.asjordi.request.RequestManager</class>
  <method>buildURL</method>
  <thread>30</thread>
  <message>URL built successfully</message>
</record>
<record>
  <date>2026-09-12T08:10:45.040118110Z</date>
  <millis>1789200645040</millis>
  <nanos>118110</nanos>
  <sequence>3</sequence>
  <logger>global</logger>
  <level>INFO</level>
  <class>dev.asjordi.weather.DataMapper</class>
  <method>&lt;init&gt;</method>
  <thread>30</thread>
  <message>DataMapper initialized</message>
</record>
<record>
  <date>2026-09-12T08:10:45.041127226Z</date>
  <millis>1789200645041</millis>
  <nanos>127226</nanos>
  <sequence>4</sequence>
  <logger>global</logger>
  <level>INFO</level>
  <class>dev.asjordi.weather.WeatherDataProcessor</class>
  <method>&lt;init&gt;</method>
  <thread>30</thread>
  <message>WeatherDataProcessor initialized</message>
</record>
<record>
  <date>2026-09-12T08:10:45.041721620Z</date>
  <millis>1789200645041</millis>
  <nanos>721620</nanos>
  <sequence>5</sequence>
  <logger>global</logger>
  <level>INFO</level>
  <class>dev.asjordi.weather.WeatherDataProcessor</class>
  <method>processData</method>
  <thread>30</thread>
  <message>Starting data processing</message>
</record>
<record>
  <date>2026-09-12T08:10:45.042306908Z</date>
  <millis>1789200645042</millis>
  <nanos>306908</nanos>
  <sequence>6</sequence>
  <logger>global</logger>
  <level>INFO</level>
  <class>dev.asjordi.request.RequestManager</class>
  <method>makeRequest</method>
  <thread>30</thread>
  <message>Starting HTTP request to OpenWeather API</message>
</record>
<record>
  <date>2026-09-12T08:10:45.066964792Z</date>
  <millis>1789200645066</millis>
  <nanos>964792</nanos>
  <sequence>7</sequence>
  <logger>global</logger>
  <level>INFO</level>
  <class>dev.asjordi.request.RequestManager</class>
  <method>makeRequest</method>
  <thread>30</thread>
  <message>HTTP request build successfully</message>
</record>
<record>
  <date>2026-09-12T08:10:45.129959443Z</date>
  <millis>1789200645129</millis>
  <nanos>959443</nanos>
  <sequence>8</sequence>
  <logger>global</logger>
  <level>INFO</level>
  <class>dev.asjordi.request.RequestManager</class>
  <method>makeRequest</method>
  <thread>30</thread>
  <message>HTTP client built successfully</message>
</record>
<record>
  <date>2026-09-12T08:10:45.315799170Z</date>
  <millis>1789200645315</millis>
  <nanos>799170</nanos>
  <sequence>9</sequence>
  <logger>global</logger>
  <level>INFO</level>
  <class>dev.asjordi.request.RequestManager</class>
  <method>makeRequest</method>
  <thread>30</thread>
  <message>HTTP request sent successfully</message>
</record>
<record>
  <date>2026-09-12T08:10:45.318526158Z</date>
  <millis>1789200645318</millis>
  <nanos>526158</nanos>
  <sequence>10</sequence>
  <logger>global</logger>
  <level>INFO</level>
  <class>dev.asjordi.weather.DataMapper</class>
  <method>mapDataToObject</method>
  <thread>30</thread>
  <message>Mapping data to WeatherApiResponse object</message>
</record>
<record>
  <date>2026-09-12T08:10:45.368932013Z</date>
  <millis>1789200645368</millis>
  <nanos>932013</nanos>
  <sequence>11</sequence>
  <logger>global</logger>
  <level>INFO</level>
  <class>dev.asjordi.weather.DataMapper</class>
  <method>mapDataToObject</method>
  <thread>30</thread>
  <message>Data mapped to WeatherApiResponse object successfully</message>
</record>
<record>
  <date>2026-09-12T08:10:45.369500179Z</date>
  <millis>1789200645369</millis>
  <nanos>500179</nanos>
  <sequence>12</sequence>
  <logger>global</logger>
  <level>INFO</level>
  <class>dev.asjordi.weather.WeatherDataProcessor</class>
  <method>processData</method>
  <thread>30</thread>
  <message>Data processed successfully</message>
</record>
<record>
  <date>2026-09-12T08:10:45.370017851Z</date>
  <millis>1789200645370</millis>
  <nanos>17851</nanos>
  <sequence>13</sequence>
  <logger>global</logger>
  <level>INFO</level>
  <class>dev.asjordi.weather.WeatherDataProcessor</class>
  <method>generateReport</method>
  <thread>30</thread>
  <message>Generating weather report</message>
</record>
<record>
  <date>2026-09-12T08:10:45.373050046Z</date>
  <millis>1789200645373</millis>
  <nanos>50046</nanos>
  <sequence>14</sequence>
  <logger>global</logger>
  <level>INFO</level>
  <class>dev.asjordi.weather.WeatherDataProcessor</class>
  <method>generateReport</method>
  <thread>30</thread>
  <message>Weather report generated successfully</message>
</record>
<record>
  <date>2026-09-12T08:10:45.431121237Z</date>
  <millis>1789200645431</millis>
  <nanos>121237</nanos>
  <sequence>15</sequence>
  <logger>global</logger>
  <level>INFO</level>
  <class>dev.asjordi.bot.WeatherBot</class>
  <method>&lt;init&gt;</method>
  <thread>30</thread>
  <message>WeatherBot initialized</message>
</record>
<record>
  <date>2026-09-12T08:10:45.431919571Z</date>
  <millis>1789200645431</millis>
  <nanos>919571</nanos>
  <sequence>16</sequence>
  <logger>global</logger>
  <level>INFO</level>
  <class>dev.asjordi.bot.BotService</class>
  <method>&lt;init&gt;</method>
  <thread>30</thread>
  <message>BotService initialized</message>
</record>
<record>
  <date>2026-09-12T08:10:45.432473891Z</date>
  <millis>1789200645432</millis>
  <nanos>473891</nanos>
  <sequence>17</sequence>
  <logger>global</logger>
  <level>INFO</level>
  <class>dev.asjordi.bot.BotService</class>
  <method>sendWeatherReport</method>
  <thread>30</thread>
  <message>Sending weather report</message>
</record>
<record>
  <date>2026-09-12T08:10:47.726961722Z</date>
  <millis>1789200647726</millis>
  <nanos>961722</nanos>
  <sequence>18</sequence>
  <logger>global</logger>
  <level>INFO</level>
  <class>dev.asjordi.bot.BotService</class>
  <method>sendWeatherReport</method>
  <thread>30</thread>
  <message>Weather report sent successfully</message>
</record>
</log>
<?xml version="1.0" encoding="UTF-8" standalone="no"?>
<!DOCTYPE log SYSTEM "logger.dtd">
<log>
<record>
  <date>2026-09-12T14:30:16.610609523Z</date>
  <millis>1789223416610</millis>
  <nanos>609523</nanos>
  <sequence>0</sequence>
  <logger>global</logger>
  <level>INFO</level>
  <class>dev.asjordi.Main</class>
  <method>main</method>
  <thread>30</thread>
  <message>Starting application</message>
</record>
<record>
  <date>2026-09-12T14:30:16.618354604Z</date>
  <millis>1789223416618</millis>
  <nanos>354604</nanos>
  <sequence>1</sequence>
  <logger>global</logger>
  <level>INFO</level>
  <class>dev.asjordi.request.RequestManager</class>
  <method>buildURL</method>
  <thread>30</thread>
  <message>Building URL for OpenWeather API request</message>
</record>
<record>
  <date>2026-09-12T14:30:16.618898725Z</date>
  <millis>1789223416618</millis>
  <nanos>898725</nanos>
  <sequence>2</sequence>
  <logger>global</logger>
  <level>INFO</level>
  <class>dev.asjordi.request.RequestManager</class>
  <method>buildURL</method>
  <thread>30</thread>
  <message>URL built successfully</message>
</record>
<record>
  <date>2026-09-12T14:30:16.692851393Z</date>
  <millis>1789223416692</millis>
  <nanos>851393</nanos>
  <sequence>3</sequence>
  <logger>global</logger>
  <level>INFO</level>
  <class>dev.asjordi.weather.DataMapper</class>
  <method>&lt;init&gt;</method>
  <thread>30</thread>
  <message>DataMapper initialized</message>
</record>
<record>
  <date>2026-09-12T14:30:16.693481153Z</date>
  <millis>1789223416693</millis>
  <nanos>481153</nanos>
  <sequence>4</sequence>
  <logger>global</logger>
  <level>INFO</level>
  <class>dev.asjordi.weather.WeatherDataProcessor</class>
  <method>&lt;init&gt;</method>
  <thread>30</thread>
  <message>WeatherDataProcessor initialized</message>
</record>
<record>
  <date>2026-09-12T14:30:16.694087879Z</date>
  <millis>1789223416694</millis>
  <nanos>87879</nanos>
  <sequence>5</sequence>
  <logger>global</logger>
  <level>INFO</level>
  <class>dev.asjordi.weather.WeatherDataProcessor</class>
  <method>processData</method>
  <thread>30</thread>
  <message>Starting data processing</message>
</record>
<record>
  <date>2026-09-12T14:30:16.694477877Z</date>
  <millis>1789223416694</millis>
  <nanos>477877</nanos>
  <sequence>6</sequence>
  <logger>global</logger>
  <level>INFO</level>
  <class>dev.asjordi.request.RequestManager</class>
  <method>makeRequest</method>
  <thread>30</thread>
  <message>Starting HTTP request to OpenWeather API</message>
</record>
<record>
  <date>2026-09-12T14:30:16.701159172Z</date>
  <millis>1789223416701</millis>
  <nanos>159172</nanos>
  <sequence>7</sequence>
  <logger>global</logger>
  <level>INFO</level>
  <class>dev.asjordi.request.RequestManager</class>
  <method>makeRequest</method>
  <thread>30</thread>
  <message>HTTP request build successfully</message>
</record>
<record>
  <date>2026-09-12T14:30:16.722642166Z</date>
  <millis>1789223416722</millis>
  <nanos>642166</nanos>
  <sequence>8</sequence>
  <logger>global</logger>
  <level>INFO</level>
  <class>dev.asjordi.request.RequestManager</class>
  <method>makeRequest</method>
  <thread>30</thread>
  <message>HTTP client built successfully</message>
</record>
<record>
  <date>2026-09-12T14:30:17.075167857Z</date>
  <millis>1789223417075</millis>
  <nanos>167857</nanos>
  <sequence>9</sequence>
  <logger>global</logger>
  <level>INFO</level>
  <class>dev.asjordi.request.RequestManager</class>
  <method>makeRequest</method>
  <thread>30</thread>
  <message>HTTP request sent successfully</message>
</record>
<record>
  <date>2026-09-12T14:30:17.076972021Z</date>
  <millis>1789223417076</millis>
  <nanos>972021</nanos>
  <sequence>10</sequence>
  <logger>global</logger>
  <level>INFO</level>
  <class>dev.asjordi.weather.DataMapper</class>
  <method>mapDataToObject</method>
  <thread>30</thread>
  <message>Mapping data to WeatherApiResponse object</message>
</record>
<record>
  <date>2026-09-12T14:30:17.111310368Z</date>
  <millis>1789223417111</millis>
  <nanos>310368</nanos>
  <sequence>11</sequence>
  <logger>global</logger>
  <level>INFO</level>
  <class>dev.asjordi.weather.DataMapper</class>
  <method>mapDataToObject</method>
  <thread>30</thread>
  <message>Data mapped to WeatherApiResponse object successfully</message>
</record>
<record>
  <date>2026-09-12T14:30:17.111758995Z</date>
  <millis>1789223417111</millis>
  <nanos>758995</nanos>
  <sequence>12</sequence>
  <logger>global</logger>
  <level>INFO</level>
  <class>dev.asjordi.weather.WeatherDataProcessor</class>
  <method>processData</method>
  <thread>30</thread>
  <message>Data processed successfully</message>
</record>
<record>
  <date>2026-09-12T14:30:17.112058207Z</date>
  <millis>1789223417112</millis>
  <nanos>58207</nanos>
  <sequence>13</sequence>
  <logger>global</logger>
  <level>INFO</level>
  <class>dev.asjordi.weather.WeatherDataProcessor</class>
  <method>generateReport</method>
  <thread>30</thread>
  <message>Generating weather report</message>
</record>
<record>
  <date>2026-09-12T14:30:17.113961680Z</date>
  <millis>1789223417113</millis>
  <nanos>961680</nanos>
  <sequence>14</sequence>
  <logger>global</logger>
  <level>INFO</level>
  <class>dev.asjordi.weather.WeatherDataProcessor</class>
  <method>generateReport</method>
  <thread>30</thread>
  <message>Weather report generated successfully</message>
</record>
<record>
  <date>2026-09-12T14:30:17.152366575Z</date>
  <millis>1789223417152</millis>
  <nanos>366575</nanos>
  <sequence>15</sequence>
  <logger>global</logger>
  <level>INFO</level>
  <class>dev.asjordi.bot.WeatherBot</class>
  <method>&lt;init&gt;</method>
  <thread>30</thread>
  <message>WeatherBot initialized</message>
</record>
<record>
  <date>2026-09-12T14:30:17.152889254Z</date>
  <millis>1789223417152</millis>
  <nanos>889254</nanos>
  <sequence>16</sequence>
  <logger>global</logger>
  <level>INFO</level>
  <class>dev.asjordi.bot.BotService</class>
  <method>&lt;init&gt;</method>
  <thread>30</thread>
  <message>BotService initialized</message>
</record>
<record>
  <date>2026-09-12T14:30:17.153199602Z</date>
  <millis>1789223417153</millis>
  <nanos>199602</nanos>
  <sequence>17</sequence>
  <logger>global</logger>
  <level>INFO</level>
  <class>dev.asjordi.bot.BotService</class>
  <method>sendWeatherReport</method>
  <thread>30</thread>
  <message>Sending weather report</message>
</record>
<record>
  <date>2026-09-12T14:30:19.283332638Z</date>
  <millis>1789223419283</millis>
  <nanos>332638</nanos>
  <sequence>18</sequence>
  <logger>global</logger>
  <level>INFO</level>
  <class>dev.asjordi.bot.BotService</class>
  <method>sendWeatherReport</method>
  <thread>30</thread>
  <message>Weather report sent successfully</message>
</record>
</log>
<?xml version="1.0" encoding="UTF-8" standalone="no"?>
<!DOCTYPE log SYSTEM "logger.dtd">
<log>
<record>
  <date>2026-09-12T17:55:57.547524170Z</date>
  <millis>1789235757547</millis>
  <nanos>524170</nanos>
  <sequence>0</sequence>
  <logger>global</logger>
  <level>INFO</level>
  <class>dev.asjordi.Main</class>
  <method>main</method>
  <thread>30</thread>
  <message>Starting application</message>
</record>
<record>
  <date>2026-09-12T17:55:57.556128183Z</date>
  <millis>1789235757556</millis>
  <nanos>128183</nanos>
  <sequence>1</sequence>
  <logger>global</logger>
  <level>INFO</level>
  <class>dev.asjordi.request.RequestManager</class>
  <method>buildURL</method>
  <thread>30</thread>
  <message>Building URL for OpenWeather API request</message>
</record>
<record>
  <date>2026-09-12T17:55:57.556803128Z</date>
  <millis>1789235757556</millis>
  <nanos>803128</nanos>
  <sequence>2</sequence>
  <logger>global</logger>
  <level>INFO</level>
  <class>dev.asjordi.request.RequestManager</class>
  <method>buildURL</method>
  <thread>30</thread>
  <message>URL built successfully</message>
</record>
<record>
  <date>2026-09-12T17:55:57.697902462Z</date>
  <millis>1789235757697</millis>
  <nanos>902462</nanos>
  <sequence>3</sequence>
  <logger>global</logger>
  <level>INFO</level>
  <class>dev.asjordi.weather.DataMapper</class>
  <method>&lt;init&gt;</method>
  <thread>30</thread>
  <message>DataMapper initialized</message>
</record>
<record>
  <date>2026-09-12T17:55:57.698838161Z</date>
  <millis>1789235757698</millis>
  <nanos>838161</nanos>
  <sequence>4</sequence>
  <logger>global</logger>
  <level>INFO</level>
  <class>dev.asjordi.weather.WeatherDataProcessor</class>
  <method>&lt;init&gt;</method>
  <thread>30</thread>
  <message>WeatherDataProcessor initialized</message>
</record>
<record>
  <date>2026-09-12T17:55:57.699532592Z</date>
  <millis>1789235757699</millis>
  <nanos>532592</nanos>
  <sequence>5</sequence>
  <logger>global</logger>
  <level>INFO</level>
  <class>dev.asjordi.weather.WeatherDataProcessor</class>
  <method>processData</method>
  <thread>30</thread>
  <message>Starting data processing</message>
</record>
<record>
  <date>2026-09-12T17:55:57.700277176Z</date>
  <millis>1789235757700</millis>
  <nanos>277176</nanos>
  <sequence>6</sequence>
  <logger>global</logger>
  <level>INFO</level>
  <class>dev.asjordi.request.RequestManager</class>
  <method>makeRequest</method>
  <thread>30</thread>
  <message>Starting HTTP request to OpenWeather API</message>
</record>
<record>
  <date>2026-09-12T17:55:57.752948887Z</date>
  <millis>1789235757752</millis>
  <nanos>948887</nanos>
  <sequence>7</sequence>
  <logger>global</logger>
  <level>INFO</level>
  <class>dev.asjordi.request.RequestManager</class>
  <method>makeRequest</method>
  <thread>30</thread>
  <message>HTTP request build successfully</message>
</record>
<record>
  <date>2026-09-12T17:55:57.837384412Z</date>
  <millis>1789235757837</millis>
  <nanos>384412</nanos>
  <sequence>8</sequence>
  <logger>global</logger>
  <level>INFO</level>
  <class>dev.asjordi.request.RequestManager</class>
  <method>makeRequest</method>
  <thread>30</thread>
  <message>HTTP client built successfully</message>
</record>
<record>
  <date>2026-09-12T17:55:58.277891361Z</date>
  <millis>1789235758277</millis>
  <nanos>891361</nanos>
  <sequence>9</sequence>
  <logger>global</logger>
  <level>INFO</level>
  <class>dev.asjordi.request.RequestManager</class>
  <method>makeRequest</method>
  <thread>30</thread>
  <message>HTTP request sent successfully</message>
</record>
<record>
  <date>2026-09-12T17:55:58.281004044Z</date>
  <millis>1789235758281</millis>
  <nanos>4044</nanos>
  <sequence>10</sequence>
  <logger>global</logger>
  <level>INFO</level>
  <class>dev.asjordi.weather.DataMapper</class>
  <method>mapDataToObject</method>
  <thread>30</thread>
  <message>Mapping data to WeatherApiResponse object</message>
</record>
<record>
  <date>2026-09-12T17:55:58.336007018Z</date>
  <millis>1789235758336</millis>
  <nanos>7018</nanos>
  <sequence>11</sequence>
  <logger>global</logger>
  <level>INFO</level>
  <class>dev.asjordi.weather.DataMapper</class>
  <method>mapDataToObject</method>
  <thread>30</thread>
  <message>Data mapped to WeatherApiResponse object successfully</message>
</record>
<record>
  <date>2026-09-12T17:55:58.336670060Z</date>
  <millis>1789235758336</millis>
  <nanos>670060</nanos>
  <sequence>12</sequence>
  <logger>global</logger>
  <level>INFO</level>
  <class>dev.asjordi.weather.WeatherDataProcessor</class>
  <method>processData</method>
  <thread>30</thread>
  <message>Data processed successfully</message>
</record>
<record>
  <date>2026-09-12T17:55:58.337247865Z</date>
  <millis>1789235758337</millis>
  <nanos>247865</nanos>
  <sequence>13</sequence>
  <logger>global</logger>
  <level>INFO</level>
  <class>dev.asjordi.weather.WeatherDataProcessor</class>
  <method>generateReport</method>
  <thread>30</thread>
  <message>Generating weather report</message>
</record>
<record>
  <date>2026-09-12T17:55:58.340186297Z</date>
  <millis>1789235758340</millis>
  <nanos>186297</nanos>
  <sequence>14</sequence>
  <logger>global</logger>
  <level>INFO</level>
  <class>dev.asjordi.weather.WeatherDataProcessor</class>
  <method>generateReport</method>
  <thread>30</thread>
  <message>Weather report generated successfully</message>
</record>
<record>
  <date>2026-09-12T17:55:58.402805238Z</date>
  <millis>1789235758402</millis>
  <nanos>805238</nanos>
  <sequence>15</sequence>
  <logger>global</logger>
  <level>INFO</level>
  <class>dev.asjordi.bot.WeatherBot</class>
  <method>&lt;init&gt;</method>
  <thread>30</thread>
  <message>WeatherBot initialized</message>
</record>
<record>
  <date>2026-09-12T17:55:58.403666309Z</date>
  <millis>1789235758403</millis>
  <nanos>666309</nanos>
  <sequence>16</sequence>
  <logger>global</logger>
  <level>INFO</level>
  <class>dev.asjordi.bot.BotService</class>
  <method>&lt;init&gt;</method>
  <thread>30</thread>
  <message>BotService initialized</message>
</record>
<record>
  <date>2026-09-12T17:55:58.404343267Z</date>
  <millis>1789235758404</millis>
  <nanos>343267</nanos>
  <sequence>17</sequence>
  <logger>global</logger>
  <level>INFO</level>
  <class>dev.asjordi.bot.BotService</class>
  <method>sendWeatherReport</method>
  <thread>30</thread>
  <message>Sending weather report</message>
</record>
<record>
  <date>2026-09-12T17:55:59.620099096Z</date>
  <millis>1789235759620</millis>
  <nanos>99096</nanos>
  <sequence>18</sequence>
  <logger>global</logger>
  <level>INFO</level>
  <class>dev.asjordi.bot.BotService</class>
  <method>sendWeatherReport</method>
  <thread>30</thread>
  <message>Weather report sent successfully</message>
</record>
</log>
<?xml version="1.0" encoding="UTF-8" standalone="no"?>
<!DOCTYPE log SYSTEM "logger.dtd">
<log>
<record>
  <date>2026-09-12T21:45:43.447139431Z</date>
  <millis>1789249543447</millis>
  <nanos>139431</nanos>
  <sequence>0</sequence>
  <logger>global</logger>
  <level>INFO</level>
  <class>dev.asjordi.Main</class>
  <method>main</method>
  <thread>30</thread>
  <message>Starting application</message>
</record>
<record>
  <date>2026-09-12T21:45:43.456522157Z</date>
  <millis>1789249543456</millis>
  <nanos>522157</nanos>
  <sequence>1</sequence>
  <logger>global</logger>
  <level>INFO</level>
  <class>dev.asjordi.request.RequestManager</class>
  <method>buildURL</method>
  <thread>30</thread>
  <message>Building URL for OpenWeather API request</message>
</record>
<record>
  <date>2026-09-12T21:45:43.457203924Z</date>
  <millis>1789249543457</millis>
  <nanos>203924</nanos>
  <sequence>2</sequence>
  <logger>global</logger>
  <level>INFO</level>
  <class>dev.asjordi.request.RequestManager</class>
  <method>buildURL</method>
  <thread>30</thread>
  <message>URL built successfully</message>
</record>
<record>
  <date>2026-09-12T21:45:43.625598472Z</date>
  <millis>1789249543625</millis>
  <nanos>598472</nanos>
  <sequence>3</sequence>
  <logger>global</logger>
  <level>INFO</level>
  <class>dev.asjordi.weather.DataMapper</class>
  <method>&lt;init&gt;</method>
  <thread>30</thread>
  <message>DataMapper initialized</message>
</record>
<record>
  <date>2026-09-12T21:45:43.626320714Z</date>
  <millis>1789249543626</millis>
  <nanos>320714</nanos>
  <sequence>4</sequence>
  <logger>global</logger>
  <level>INFO</level>
  <class>dev.asjordi.weather.WeatherDataProcessor</class>
  <method>&lt;init&gt;</method>
  <thread>30</thread>
  <message>WeatherDataProcessor initialized</message>
</record>
<record>
  <date>2026-09-12T21:45:43.626898205Z</date>
  <millis>1789249543626</millis>
  <nanos>898205</nanos>
  <sequence>5</sequence>
  <logger>global</logger>
  <level>INFO</level>
  <class>dev.asjordi.weather.WeatherDataProcessor</class>
  <method>processData</method>
  <thread>30</thread>
  <message>Starting data processing</message>
</record>
<record>
  <date>2026-09-12T21:45:43.627414221Z</date>
  <millis>1789249543627</millis>
  <nanos>414221</nanos>
  <sequence>6</sequence>
  <logger>global</logger>
  <level>INFO</level>
  <class>dev.asjordi.request.RequestManager</class>
  <method>makeRequest</method>
  <thread>30</thread>
  <message>Starting HTTP request to OpenWeather API</message>
</record>
<record>
  <date>2026-09-12T21:45:43.670939979Z</date>
  <millis>1789249543670</millis>
  <nanos>939979</nanos>
  <sequence>7</sequence>
  <logger>global</logger>
  <level>INFO</level>
  <class>dev.asjordi.request.RequestManager</class>
  <method>makeRequest</method>
  <thread>30</thread>
  <message>HTTP request build successfully</message>
</record>
<record>
  <date>2026-09-12T21:45:43.755364746Z</date>
  <millis>1789249543755</millis>
  <nanos>364746</nanos>
  <sequence>8</sequence>
  <logger>global</logger>
  <level>INFO</level>
  <class>dev.asjordi.request.RequestManager</class>
  <method>makeRequest</method>
  <thread>30</thread>
  <message>HTTP client built successfully</message>
</record>
<record>
  <date>2026-09-12T21:45:43.941944615Z</date>
  <millis>1789249543941</millis>
  <nanos>944615</nanos>
  <sequence>9</sequence>
  <logger>global</logger>
  <level>INFO</level>
  <class>dev.asjordi.request.RequestManager</class>
  <method>makeRequest</method>
  <thread>30</thread>
  <message>HTTP request sent successfully</message>
</record>
<record>
  <date>2026-09-12T21:45:43.944505541Z</date>
  <millis>1789249543944</millis>
  <nanos>505541</nanos>
  <sequence>10</sequence>
  <logger>global</logger>
  <level>INFO</level>
  <class>dev.asjordi.weather.DataMapper</class>
  <method>mapDataToObject</method>
  <thread>30</thread>
  <message>Mapping data to WeatherApiResponse object</message>
</record>
<record>
  <date>2026-09-12T21:45:43.994096233Z</date>
  <millis>1789249543994</millis>
  <nanos>96233</nanos>
  <sequence>11</sequence>
  <logger>global</logger>
  <level>INFO</level>
  <class>dev.asjordi.weather.DataMapper</class>
  <method>mapDataToObject</method>
  <thread>30</thread>
  <message>Data mapped to WeatherApiResponse object successfully</message>
</record>
<record>
  <date>2026-09-12T21:45:43.994535856Z</date>
  <millis>1789249543994</millis>
  <nanos>535856</nanos>
  <sequence>12</sequence>
  <logger>global</logger>
  <level>INFO</level>
  <class>dev.asjordi.weather.WeatherDataProcessor</class>
  <method>processData</method>
  <thread>30</thread>
  <message>Data processed successfully</message>
</record>
<record>
  <date>2026-09-12T21:45:43.995098489Z</date>
  <millis>1789249543995</millis>
  <nanos>98489</nanos>
  <sequence>13</sequence>
  <logger>global</logger>
  <level>INFO</level>
  <class>dev.asjordi.weather.WeatherDataProcessor</class>
  <method>generateReport</method>
  <thread>30</thread>
  <message>Generating weather report</message>
</record>
<record>
  <date>2026-09-12T21:45:43.998039666Z</date>
  <millis>1789249543998</millis>
  <nanos>39666</nanos>
  <sequence>14</sequence>
  <logger>global</logger>
  <level>INFO</level>
  <class>dev.asjordi.weather.WeatherDataProcessor</class>
  <method>generateReport</method>
  <thread>30</thread>
  <message>Weather report generated successfully</message>
</record>
<record>
  <date>2026-09-12T21:45:44.058167563Z</date>
  <millis>1789249544058</millis>
  <nanos>167563</nanos>
  <sequence>15</sequence>
  <logger>global</logger>
  <level>INFO</level>
  <class>dev.asjordi.bot.WeatherBot</class>
  <method>&lt;init&gt;</method>
  <thread>30</thread>
  <message>WeatherBot initialized</message>
</record>
<record>
  <date>2026-09-12T21:45:44.058940671Z</date>
  <millis>1789249544058</millis>
  <nanos>940671</nanos>
  <sequence>16</sequence>
  <logger>global</logger>
  <level>INFO</level>
  <class>dev.asjordi.bot.BotService</class>
  <method>&lt;init&gt;</method>
  <thread>30</thread>
  <message>BotService initialized</message>
</record>
<record>
  <date>2026-09-12T21:45:44.059415399Z</date>
  <millis>1789249544059</millis>
  <nanos>415399</nanos>
  <sequence>17</sequence>
  <logger>global</logger>
  <level>INFO</level>
  <class>dev.asjordi.bot.BotService</class>
  <method>sendWeatherReport</method>
  <thread>30</thread>
  <message>Sending weather report</message>
</record>
<record>
  <date>2026-09-12T21:45:45.764094981Z</date>
  <millis>1789249545764</millis>
  <nanos>94981</nanos>
  <sequence>18</sequence>
  <logger>global</logger>
  <level>INFO</level>
  <class>dev.asjordi.bot.BotService</class>
  <method>sendWeatherReport</method>
  <thread>30</thread>
  <message>Weather report sent successfully</message>
</record>
</log>
<?xml version="1.0" encoding="UTF-8" standalone="no"?>
<!DOCTYPE log SYSTEM "logger.dtd">
<log>
<record>
  <date>2026-09-13T01:41:53.391840230Z</date>
  <millis>1789263713391</millis>
  <nanos>840230</nanos>
  <sequence>0</sequence>
  <logger>global</logger>
  <level>INFO</level>
  <class>dev.asjordi.Main</class>
  <method>main</method>
  <thread>30</thread>
  <message>Starting application</message>
</record>
<record>
  <date>2026-09-13T01:41:53.399196274Z</date>
  <millis>1789263713399</millis>
  <nanos>196274</nanos>
  <sequence>1</sequence>
  <logger>global</logger>
  <level>INFO</level>
  <class>dev.asjordi.request.RequestManager</class>
  <method>buildURL</method>
  <thread>30</thread>
  <message>Building URL for OpenWeather API request</message>
</record>
<record>
  <date>2026-09-13T01:41:53.399811363Z</date>
  <millis>1789263713399</millis>
  <nanos>811363</nanos>
  <sequence>2</sequence>
  <logger>global</logger>
  <level>INFO</level>
  <class>dev.asjordi.request.RequestManager</class>
  <method>buildURL</method>
  <thread>30</thread>
  <message>URL built successfully</message>
</record>
<record>
  <date>2026-09-13T01:41:53.501084689Z</date>
  <millis>1789263713501</millis>
  <nanos>84689</nanos>
  <sequence>3</sequence>
  <logger>global</logger>
  <level>INFO</level>
  <class>dev.asjordi.weather.DataMapper</class>
  <method>&lt;init&gt;</method>
  <thread>30</thread>
  <message>DataMapper initialized</message>
</record>
<record>
  <date>2026-09-13T01:41:53.501841098Z</date>
  <millis>1789263713501</millis>
  <nanos>841098</nanos>
  <sequence>4</sequence>
  <logger>global</logger>
  <level>INFO</level>
  <class>dev.asjordi.weather.WeatherDataProcessor</class>
  <method>&lt;init&gt;</method>
  <thread>30</thread>
  <message>WeatherDataProcessor initialized</message>
</record>
<record>
  <date>2026-09-13T01:41:53.502417359Z</date>
  <millis>1789263713502</millis>
  <nanos>417359</nanos>
  <sequence>5</sequence>
  <logger>global</logger>
  <level>INFO</level>
  <class>dev.asjordi.weather.WeatherDataProcessor</class>
  <method>processData</method>
  <thread>30</thread>
  <message>Starting data processing</message>
</record>
<record>
  <date>2026-09-13T01:41:53.503003879Z</date>
  <millis>1789263713503</millis>
  <nanos>3879</nanos>
  <sequence>6</sequence>
  <logger>global</logger>
  <level>INFO</level>
  <class>dev.asjordi.request.RequestManager</class>
  <method>makeRequest</method>
  <thread>30</thread>
  <message>Starting HTTP request to OpenWeather API</message>
</record>
<record>
  <date>2026-09-13T01:41:53.532870222Z</date>
  <millis>1789263713532</millis>
  <nanos>870222</nanos>
  <sequence>7</sequence>
  <logger>global</logger>
  <level>INFO</level>
  <class>dev.asjordi.request.RequestManager</class>
  <method>makeRequest</method>
  <thread>30</thread>
  <message>HTTP request build successfully</message>
</record>
<record>
  <date>2026-09-13T01:41:53.746005236Z</date>
  <millis>1789263713746</millis>
  <nanos>5236</nanos>
  <sequence>8</sequence>
  <logger>global</logger>
  <level>INFO</level>
  <class>dev.asjordi.request.RequestManager</class>
  <method>makeRequest</method>
  <thread>30</thread>
  <message>HTTP client built successfully</message>
</record>
<record>
  <date>2026-09-13T01:41:54.226728157Z</date>
  <millis>1789263714226</millis>
  <nanos>728157</nanos>
  <sequence>9</sequence>
  <logger>global</logger>
  <level>INFO</level>
  <class>dev.asjordi.request.RequestManager</class>
  <method>makeRequest</method>
  <thread>30</thread>
  <message>HTTP request sent successfully</message>
</record>
<record>
  <date>2026-09-13T01:41:54.229670582Z</date>
  <millis>1789263714229</millis>
  <nanos>670582</nanos>
  <sequence>10</sequence>
  <logger>global</logger>
  <level>INFO</level>
  <class>dev.asjordi.weather.DataMapper</class>
  <method>mapDataToObject</method>
  <thread>30</thread>
  <message>Mapping data to WeatherApiResponse object</message>
</record>
<record>
  <date>2026-09-13T01:41:54.276765671Z</date>
  <millis>1789263714276</millis>
  <nanos>765671</nanos>
  <sequence>11</sequence>
  <logger>global</logger>
  <level>INFO</level>
  <class>dev.asjordi.weather.DataMapper</class>
  <method>mapDataToObject</method>
  <thread>30</thread>
  <message>Data mapped to WeatherApiResponse object successfully</message>
</record>
<record>
  <date>2026-09-13T01:41:54.277230462Z</date>
  <millis>1789263714277</millis>
  <nanos>230462</nanos>
  <sequence>12</sequence>
  <logger>global</logger>
  <level>INFO</level>
  <class>dev.asjordi.weather.WeatherDataProcessor</class>
  <method>processData</method>
  <thread>30</thread>
  <message>Data processed successfully</message>
</record>
<record>
  <date>2026-09-13T01:41:54.277607432Z</date>
  <millis>1789263714277</millis>
  <nanos>607432</nanos>
  <sequence>13</sequence>
  <logger>global</logger>
  <level>INFO</level>
  <class>dev.asjordi.weather.WeatherDataProcessor</class>
  <method>generateReport</method>
  <thread>30</thread>
  <message>Generating weather report</message>
</record>
<record>
  <date>2026-09-13T01:41:54.279824627Z</date>
  <millis>1789263714279</millis>
  <nanos>824627</nanos>
  <sequence>14</sequence>
  <logger>global</logger>
  <level>INFO</level>
  <class>dev.asjordi.weather.WeatherDataProcessor</class>
  <method>generateReport</method>
  <thread>30</thread>
  <message>Weather report generated successfully</message>
</record>
<record>
  <date>2026-09-13T01:41:54.333015623Z</date>
  <millis>1789263714333</millis>
  <nanos>15623</nanos>
  <sequence>15</sequence>
  <logger>global</logger>
  <level>INFO</level>
  <class>dev.asjordi.bot.WeatherBot</class>
  <method>&lt;init&gt;</method>
  <thread>30</thread>
  <message>WeatherBot initialized</message>
</record>
<record>
  <date>2026-09-13T01:41:54.333645723Z</date>
  <millis>1789263714333</millis>
  <nanos>645723</nanos>
  <sequence>16</sequence>
  <logger>global</logger>
  <level>INFO</level>
  <class>dev.asjordi.bot.BotService</class>
  <method>&lt;init&gt;</method>
  <thread>30</thread>
  <message>BotService initialized</message>
</record>
<record>
  <date>2026-09-13T01:41:54.334033444Z</date>
  <millis>1789263714334</millis>
  <nanos>33444</nanos>
  <sequence>17</sequence>
  <logger>global</logger>
  <level>INFO</level>
  <class>dev.asjordi.bot.BotService</class>
  <method>sendWeatherReport</method>
  <thread>30</thread>
  <message>Sending weather report</message>
</record>
<record>
  <date>2026-09-13T01:41:55.704899937Z</date>
  <millis>1789263715704</millis>
  <nanos>899937</nanos>
  <sequence>18</sequence>
  <logger>global</logger>
  <level>INFO</level>
  <class>dev.asjordi.bot.BotService</class>
  <method>sendWeatherReport</method>
  <thread>30</thread>
  <message>Weather report sent successfully</message>
</record>
</log>
<?xml version="1.0" encoding="UTF-8" standalone="no"?>
<!DOCTYPE log SYSTEM "logger.dtd">
<log>
<record>
  <date>2026-09-13T08:35:17.191152982Z</date>
  <millis>1789288517191</millis>
  <nanos>152982</nanos>
  <sequence>0</sequence>
  <logger>global</logger>
  <level>INFO</level>
  <class>dev.asjordi.Main</class>
  <method>main</method>
  <thread>29</thread>
  <message>Starting application</message>
</record>
<record>
  <date>2026-09-13T08:35:17.204111909Z</date>
  <millis>1789288517204</millis>
  <nanos>111909</nanos>
  <sequence>1</sequence>
  <logger>global</logger>
  <level>INFO</level>
  <class>dev.asjordi.request.RequestManager</class>
  <method>buildURL</method>
  <thread>29</thread>
  <message>Building URL for OpenWeather API request</message>
</record>
<record>
  <date>2026-09-13T08:35:17.204872286Z</date>
  <millis>1789288517204</millis>
  <nanos>872286</nanos>
  <sequence>2</sequence>
  <logger>global</logger>
  <level>INFO</level>
  <class>dev.asjordi.request.RequestManager</class>
  <method>buildURL</method>
  <thread>29</thread>
  <message>URL built successfully</message>
</record>
<record>
  <date>2026-09-13T08:35:17.353260007Z</date>
  <millis>1789288517353</millis>
  <nanos>260007</nanos>
  <sequence>3</sequence>
  <logger>global</logger>
  <level>INFO</level>
  <class>dev.asjordi.weather.DataMapper</class>
  <method>&lt;init&gt;</method>
  <thread>29</thread>
  <message>DataMapper initialized</message>
</record>
<record>
  <date>2026-09-13T08:35:17.354215255Z</date>
  <millis>1789288517354</millis>
  <nanos>215255</nanos>
  <sequence>4</sequence>
  <logger>global</logger>
  <level>INFO</level>
  <class>dev.asjordi.weather.WeatherDataProcessor</class>
  <method>&lt;init&gt;</method>
  <thread>29</thread>
  <message>WeatherDataProcessor initialized</message>
</record>
<record>
  <date>2026-09-13T08:35:17.354895071Z</date>
  <millis>1789288517354</millis>
  <nanos>895071</nanos>
  <sequence>5</sequence>
  <logger>global</logger>
  <level>INFO</level>
  <class>dev.asjordi.weather.WeatherDataProcessor</class>
  <method>processData</method>
  <thread>29</thread>
  <message>Starting data processing</message>
</record>
<record>
  <date>2026-09-13T08:35:17.355428148Z</date>
  <millis>1789288517355</millis>
  <nanos>428148</nanos>
  <sequence>6</sequence>
  <logger>global</logger>
  <level>INFO</level>
  <class>dev.asjordi.request.RequestManager</class>
  <method>makeRequest</method>
  <thread>29</thread>
  <message>Starting HTTP request to OpenWeather API</message>
</record>
<record>
  <date>2026-09-13T08:35:17.396983915Z</date>
  <millis>1789288517396</millis>
  <nanos>983915</nanos>
  <sequence>7</sequence>
  <logger>global</logger>
  <level>INFO</level>
  <class>dev.asjordi.request.RequestManager</class>
  <method>makeRequest</method>
  <thread>29</thread>
  <message>HTTP request build successfully</message>
</record>
<record>
  <date>2026-09-13T08:35:17.484435315Z</date>
  <millis>1789288517484</millis>
  <nanos>435315</nanos>
  <sequence>8</sequence>
  <logger>global</logger>
  <level>INFO</level>
  <class>dev.asjordi.request.RequestManager</class>
  <method>makeRequest</method>
  <thread>29</thread>
  <message>HTTP client built successfully</message>
</record>
<record>
  <date>2026-09-13T08:35:17.780687606Z</date>
  <millis>1789288517780</millis>
  <nanos>687606</nanos>
  <sequence>9</sequence>
  <logger>global</logger>
  <level>INFO</level>
  <class>dev.asjordi.request.RequestManager</class>
  <method>makeRequest</method>
  <thread>29</thread>
  <message>HTTP request sent successfully</message>
</record>
<record>
  <date>2026-09-13T08:35:17.784617790Z</date>
  <millis>1789288517784</millis>
  <nanos>617790</nanos>
  <sequence>10</sequence>
  <logger>global</logger>
  <level>INFO</level>
  <class>dev.asjordi.weather.DataMapper</class>
  <method>mapDataToObject</method>
  <thread>29</thread>
  <message>Mapping data to WeatherApiResponse object</message>
</record>
<record>
  <date>2026-09-13T08:35:17.834832178Z</date>
  <millis>1789288517834</millis>
  <nanos>832178</nanos>
  <sequence>11</sequence>
  <logger>global</logger>
  <level>INFO</level>
  <class>dev.asjordi.weather.DataMapper</class>
  <method>mapDataToObject</method>
  <thread>29</thread>
  <message>Data mapped to WeatherApiResponse object successfully</message>
</record>
<record>
  <date>2026-09-13T08:35:17.835308850Z</date>
  <millis>1789288517835</millis>
  <nanos>308850</nanos>
  <sequence>12</sequence>
  <logger>global</logger>
  <level>INFO</level>
  <class>dev.asjordi.weather.WeatherDataProcessor</class>
  <method>processData</method>
  <thread>29</thread>
  <message>Data processed successfully</message>
</record>
<record>
  <date>2026-09-13T08:35:17.835822077Z</date>
  <millis>1789288517835</millis>
  <nanos>822077</nanos>
  <sequence>13</sequence>
  <logger>global</logger>
  <level>INFO</level>
  <class>dev.asjordi.weather.WeatherDataProcessor</class>
  <method>generateReport</method>
  <thread>29</thread>
  <message>Generating weather report</message>
</record>
<record>
  <date>2026-09-13T08:35:17.838336014Z</date>
  <millis>1789288517838</millis>
  <nanos>336014</nanos>
  <sequence>14</sequence>
  <logger>global</logger>
  <level>INFO</level>
  <class>dev.asjordi.weather.WeatherDataProcessor</class>
  <method>generateReport</method>
  <thread>29</thread>
  <message>Weather report generated successfully</message>
</record>
<record>
  <date>2026-09-13T08:35:17.900569085Z</date>
  <millis>1789288517900</millis>
  <nanos>569085</nanos>
  <sequence>15</sequence>
  <logger>global</logger>
  <level>INFO</level>
  <class>dev.asjordi.bot.WeatherBot</class>
  <method>&lt;init&gt;</method>
  <thread>29</thread>
  <message>WeatherBot initialized</message>
</record>
<record>
  <date>2026-09-13T08:35:17.901223323Z</date>
  <millis>1789288517901</millis>
  <nanos>223323</nanos>
  <sequence>16</sequence>
  <logger>global</logger>
  <level>INFO</level>
  <class>dev.asjordi.bot.BotService</class>
  <method>&lt;init&gt;</method>
  <thread>29</thread>
  <message>BotService initialized</message>
</record>
<record>
  <date>2026-09-13T08:35:17.901673926Z</date>
  <millis>1789288517901</millis>
  <nanos>673926</nanos>
  <sequence>17</sequence>
  <logger>global</logger>
  <level>INFO</level>
  <class>dev.asjordi.bot.BotService</class>
  <method>sendWeatherReport</method>
  <thread>29</thread>
  <message>Sending weather report</message>
</record>
<record>
  <date>2026-09-13T08:35:19.347339586Z</date>
  <millis>1789288519347</millis>
  <nanos>339586</nanos>
  <sequence>18</sequence>
  <logger>global</logger>
  <level>INFO</level>
  <class>dev.asjordi.bot.BotService</class>
  <method>sendWeatherReport</method>
  <thread>29</thread>
  <message>Weather report sent successfully</message>
</record>
</log>
<?xml version="1.0" encoding="UTF-8" standalone="no"?>
<!DOCTYPE log SYSTEM "logger.dtd">
<log>
<record>
  <date>2026-09-13T15:10:58.911106576Z</date>
  <millis>1789312258911</millis>
  <nanos>106576</nanos>
  <sequence>0</sequence>
  <logger>global</logger>
  <level>INFO</level>
  <class>dev.asjordi.Main</class>
  <method>main</method>
  <thread>30</thread>
  <message>Starting application</message>
</record>
<record>
  <date>2026-09-13T15:10:58.921913522Z</date>
  <millis>1789312258921</millis>
  <nanos>913522</nanos>
  <sequence>1</sequence>
  <logger>global</logger>
  <level>INFO</level>
  <class>dev.asjordi.request.RequestManager</class>
  <method>buildURL</method>
  <thread>30</thread>
  <message>Building URL for OpenWeather API request</message>
</record>
<record>
  <date>2026-09-13T15:10:58.922722939Z</date>
  <millis>1789312258922</millis>
  <nanos>722939</nanos>
  <sequence>2</sequence>
  <logger>global</logger>
  <level>INFO</level>
  <class>dev.asjordi.request.RequestManager</class>
  <method>buildURL</method>
  <thread>30</thread>
  <message>URL built successfully</message>
</record>
<record>
  <date>2026-09-13T15:10:59.073965841Z</date>
  <millis>1789312259073</millis>
  <nanos>965841</nanos>
  <sequence>3</sequence>
  <logger>global</logger>
  <level>INFO</level>
  <class>dev.asjordi.weather.DataMapper</class>
  <method>&lt;init&gt;</method>
  <thread>30</thread>
  <message>DataMapper initialized</message>
</record>
<record>
  <date>2026-09-13T15:10:59.074838042Z</date>
  <millis>1789312259074</millis>
  <nanos>838042</nanos>
  <sequence>4</sequence>
  <logger>global</logger>
  <level>INFO</level>
  <class>dev.asjordi.weather.WeatherDataProcessor</class>
  <method>&lt;init&gt;</method>
  <thread>30</thread>
  <message>WeatherDataProcessor initialized</message>
</record>
<record>
  <date>2026-09-13T15:10:59.075430983Z</date>
  <millis>1789312259075</millis>
  <nanos>430983</nanos>
  <sequence>5</sequence>
  <logger>global</logger>
  <level>INFO</level>
  <class>dev.asjordi.weather.WeatherDataProcessor</class>
  <method>processData</method>
  <thread>30</thread>
  <message>Starting data processing</message>
</record>
<record>
  <date>2026-09-13T15:10:59.075974831Z</date>
  <millis>1789312259075</millis>
  <nanos>974831</nanos>
  <sequence>6</sequence>
  <logger>global</logger>
  <level>INFO</level>
  <class>dev.asjordi.request.RequestManager</class>
  <method>makeRequest</method>
  <thread>30</thread>
  <message>Starting HTTP request to OpenWeather API</message>
</record>
<record>
  <date>2026-09-13T15:10:59.102533686Z</date>
  <millis>1789312259102</millis>
  <nanos>533686</nanos>
  <sequence>7</sequence>
  <logger>global</logger>
  <level>INFO</level>
  <class>dev.asjordi.request.RequestManager</class>
  <method>makeRequest</method>
  <thread>30</thread>
  <message>HTTP request build successfully</message>
</record>
<record>
  <date>2026-09-13T15:10:59.167325027Z</date>
  <millis>1789312259167</millis>
  <nanos>325027</nanos>
  <sequence>8</sequence>
  <logger>global</logger>
  <level>INFO</level>
  <class>dev.asjordi.request.RequestManager</class>
  <method>makeRequest</method>
  <thread>30</thread>
  <message>HTTP client built successfully</message>
</record>
<record>
  <date>2026-09-13T15:10:59.509805972Z</date>
  <millis>1789312259509</millis>
  <nanos>805972</nanos>
  <sequence>9</sequence>
  <logger>global</logger>
  <level>INFO</level>
  <class>dev.asjordi.request.RequestManager</class>
  <method>makeRequest</method>
  <thread>30</thread>
  <message>HTTP request sent successfully</message>
</record>
<record>
  <date>2026-09-13T15:10:59.512550262Z</date>
  <millis>1789312259512</millis>
  <nanos>550262</nanos>
  <sequence>10</sequence>
  <logger>global</logger>
  <level>INFO</level>
  <class>dev.asjordi.weather.DataMapper</class>
  <method>mapDataToObject</method>
  <thread>30</thread>
  <message>Mapping data to WeatherApiResponse object</message>
</record>
<record>
  <date>2026-09-13T15:10:59.563577411Z</date>
  <millis>1789312259563</millis>
  <nanos>577411</nanos>
  <sequence>11</sequence>
  <logger>global</logger>
  <level>INFO</level>
  <class>dev.asjordi.weather.DataMapper</class>
  <method>mapDataToObject</method>
  <thread>30</thread>
  <message>Data mapped to WeatherApiResponse object successfully</message>
</record>
<record>
  <date>2026-09-13T15:10:59.564134368Z</date>
  <millis>1789312259564</millis>
  <nanos>134368</nanos>
  <sequence>12</sequence>
  <logger>global</logger>
  <level>INFO</level>
  <class>dev.asjordi.weather.WeatherDataProcessor</class>
  <method>processData</method>
  <thread>30</thread>
  <message>Data processed successfully</message>
</record>
<record>
  <date>2026-09-13T15:10:59.564678666Z</date>
  <millis>1789312259564</millis>
  <nanos>678666</nanos>
  <sequence>13</sequence>
  <logger>global</logger>
  <level>INFO</level>
  <class>dev.asjordi.weather.WeatherDataProcessor</class>
  <method>generateReport</method>
  <thread>30</thread>
  <message>Generating weather report</message>
</record>
<record>
  <date>2026-09-13T15:10:59.567631565Z</date>
  <millis>1789312259567</millis>
  <nanos>631565</nanos>
  <sequence>14</sequence>
  <logger>global</logger>
  <level>INFO</level>
  <class>dev.asjordi.weather.WeatherDataProcessor</class>
  <method>generateReport</method>
  <thread>30</thread>
  <message>Weather report generated successfully</message>
</record>
<record>
  <date>2026-09-13T15:10:59.633035056Z</date>
  <millis>1789312259633</millis>
  <nanos>35056</nanos>
  <sequence>15</sequence>
  <logger>global</logger>
  <level>INFO</level>
  <class>dev.asjordi.bot.WeatherBot</class>
  <method>&lt;init&gt;</method>
  <thread>30</thread>
  <message>WeatherBot initialized</message>
</record>
<record>
  <date>2026-09-13T15:10:59.633899115Z</date>
  <millis>1789312259633</millis>
  <nanos>899115</nanos>
  <sequence>16</sequence>
  <logger>global</logger>
  <level>INFO</level>
  <class>dev.asjordi.bot.BotService</class>
  <method>&lt;init&gt;</method>
  <thread>30</thread>
  <message>BotService initialized</message>
</record>
<record>
  <date>2026-09-13T15:10:59.634534610Z</date>
  <millis>1789312259634</millis>
  <nanos>534610</nanos>
  <sequence>17</sequence>
  <logger>global</logger>
  <level>INFO</level>
  <class>dev.asjordi.bot.BotService</class>
  <method>sendWeatherReport</method>
  <thread>30</thread>
  <message>Sending weather report</message>
</record>
<record>
  <date>2026-09-13T15:11:00.825927850Z</date>
  <millis>1789312260825</millis>
  <nanos>927850</nanos>
  <sequence>18</sequence>
  <logger>global</logger>
  <level>INFO</level>
  <class>dev.asjordi.bot.BotService</class>
  <method>sendWeatherReport</method>
  <thread>30</thread>
  <message>Weather report sent successfully</message>
</record>
</log>
<?xml version="1.0" encoding="UTF-8" standalone="no"?>
<!DOCTYPE log SYSTEM "logger.dtd">
<log>
<record>
  <date>2026-09-13T18:23:17.343502779Z</date>
  <millis>1789323797343</millis>
  <nanos>502779</nanos>
  <sequence>0</sequence>
  <logger>global</logger>
  <level>INFO</level>
  <class>dev.asjordi.Main</class>
  <method>main</method>
  <thread>30</thread>
  <message>Starting application</message>
</record>
<record>
  <date>2026-09-13T18:23:17.353587123Z</date>
  <millis>1789323797353</millis>
  <nanos>587123</nanos>
  <sequence>1</sequence>
  <logger>global</logger>
  <level>INFO</level>
  <class>dev.asjordi.request.RequestManager</class>
  <method>buildURL</method>
  <thread>30</thread>
  <message>Building URL for OpenWeather API request</message>
</record>
<record>
  <date>2026-09-13T18:23:17.354155956Z</date>
  <millis>1789323797354</millis>
  <nanos>155956</nanos>
  <sequence>2</sequence>
  <logger>global</logger>
  <level>INFO</level>
  <class>dev.asjordi.request.RequestManager</class>
  <method>buildURL</method>
  <thread>30</thread>
  <message>URL built successfully</message>
</record>
<record>
  <date>2026-09-13T18:23:17.467869675Z</date>
  <millis>1789323797467</millis>
  <nanos>869675</nanos>
  <sequence>3</sequence>
  <logger>global</logger>
  <level>INFO</level>
  <class>dev.asjordi.weather.DataMapper</class>
  <method>&lt;init&gt;</method>
  <thread>30</thread>
  <message>DataMapper initialized</message>
</record>
<record>
  <date>2026-09-13T18:23:17.468686532Z</date>
  <millis>1789323797468</millis>
  <nanos>686532</nanos>
  <sequence>4</sequence>
  <logger>global</logger>
  <level>INFO</level>
  <class>dev.asjordi.weather.WeatherDataProcessor</class>
  <method>&lt;init&gt;</method>
  <thread>30</thread>
  <message>WeatherDataProcessor initialized</message>
</record>
<record>
  <date>2026-09-13T18:23:17.469387211Z</date>
  <millis>1789323797469</millis>
  <nanos>387211</nanos>
  <sequence>5</sequence>
  <logger>global</logger>
  <level>INFO</level>
  <class>dev.asjordi.weather.WeatherDataProcessor</class>
  <method>processData</method>
  <thread>30</thread>
  <message>Starting data processing</message>
</record>
<record>
  <date>2026-09-13T18:23:17.469999635Z</date>
  <millis>1789323797469</millis>
  <nanos>999635</nanos>
  <sequence>6</sequence>
  <logger>global</logger>
  <level>INFO</level>
  <class>dev.asjordi.request.RequestManager</class>
  <method>makeRequest</method>
  <thread>30</thread>
  <message>Starting HTTP request to OpenWeather API</message>
</record>
<record>
  <date>2026-09-13T18:23:17.500007610Z</date>
  <millis>1789323797500</millis>
  <nanos>7610</nanos>
  <sequence>7</sequence>
  <logger>global</logger>
  <level>INFO</level>
  <class>dev.asjordi.request.RequestManager</class>
  <method>makeRequest</method>
  <thread>30</thread>
  <message>HTTP request build successfully</message>
</record>
<record>
  <date>2026-09-13T18:23:17.569839201Z</date>
  <millis>1789323797569</millis>
  <nanos>839201</nanos>
  <sequence>8</sequence>
  <logger>global</logger>
  <level>INFO</level>
  <class>dev.asjordi.request.RequestManager</class>
  <method>makeRequest</method>
  <thread>30</thread>
  <message>HTTP client built successfully</message>
</record>
<record>
  <date>2026-09-13T18:23:17.819281332Z</date>
  <millis>1789323797819</millis>
  <nanos>281332</nanos>
  <sequence>9</sequence>
  <logger>global</logger>
  <level>INFO</level>
  <class>dev.asjordi.request.RequestManager</class>
  <method>makeRequest</method>
  <thread>30</thread>
  <message>HTTP request sent successfully</message>
</record>
<record>
  <date>2026-09-13T18:23:17.821837692Z</date>
  <millis>1789323797821</millis>
  <nanos>837692</nanos>
  <sequence>10</sequence>
  <logger>global</logger>
  <level>INFO</level>
  <class>dev.asjordi.weather.DataMapper</class>
  <method>mapDataToObject</method>
  <thread>30</thread>
  <message>Mapping data to WeatherApiResponse object</message>
</record>
<record>
  <date>2026-09-13T18:23:17.873684686Z</date>
  <millis>1789323797873</millis>
  <nanos>684686</nanos>
  <sequence>11</sequence>
  <logger>global</logger>
  <level>INFO</level>
  <class>dev.asjordi.weather.DataMapper</class>
  <method>mapDataToObject</method>
  <thread>30</thread>
  <message>Data mapped to WeatherApiResponse object successfully</message>
</record>
<record>
  <date>2026-09-13T18:23:17.874285128Z</date>
  <millis>1789323797874</millis>
  <nanos>285128</nanos>
  <sequence>12</sequence>
  <logger>global</logger>
  <level>INFO</level>
  <class>dev.asjordi.weather.WeatherDataProcessor</class>
  <method>processData</method>
  <thread>30</thread>
  <message>Data processed successfully</message>
</record>
<record>
  <date>2026-09-13T18:23:17.874838201Z</date>
  <millis>1789323797874</millis>
  <nanos>838201</nanos>
  <sequence>13</sequence>
  <logger>global</logger>
  <level>INFO</level>
  <class>dev.asjordi.weather.WeatherDataProcessor</class>
  <method>generateReport</method>
  <thread>30</thread>
  <message>Generating weather report</message>
</record>
<record>
  <date>2026-09-13T18:23:17.877789306Z</date>
  <millis>1789323797877</millis>
  <nanos>789306</nanos>
  <sequence>14</sequence>
  <logger>global</logger>
  <level>INFO</level>
  <class>dev.asjordi.weather.WeatherDataProcessor</class>
  <method>generateReport</method>
  <thread>30</thread>
  <message>Weather report generated successfully</message>
</record>
<record>
  <date>2026-09-13T18:23:17.937817936Z</date>
  <millis>1789323797937</millis>
  <nanos>817936</nanos>
  <sequence>15</sequence>
  <logger>global</logger>
  <level>INFO</level>
  <class>dev.asjordi.bot.WeatherBot</class>
  <method>&lt;init&gt;</method>
  <thread>30</thread>
  <message>WeatherBot initialized</message>
</record>
<record>
  <date>2026-09-13T18:23:17.938591311Z</date>
  <millis>1789323797938</millis>
  <nanos>591311</nanos>
  <sequence>16</sequence>
  <logger>global</logger>
  <level>INFO</level>
  <class>dev.asjordi.bot.BotService</class>
  <method>&lt;init&gt;</method>
  <thread>30</thread>
  <message>BotService initialized</message>
</record>
<record>
  <date>2026-09-13T18:23:17.939063924Z</date>
  <millis>1789323797939</millis>
  <nanos>63924</nanos>
  <sequence>17</sequence>
  <logger>global</logger>
  <level>INFO</level>
  <class>dev.asjordi.bot.BotService</class>
  <method>sendWeatherReport</method>
  <thread>30</thread>
  <message>Sending weather report</message>
</record>
<record>
  <date>2026-09-13T18:23:19.441761259Z</date>
  <millis>1789323799441</millis>
  <nanos>761259</nanos>
  <sequence>18</sequence>
  <logger>global</logger>
  <level>INFO</level>
  <class>dev.asjordi.bot.BotService</class>
  <method>sendWeatherReport</method>
  <thread>30</thread>
  <message>Weather report sent successfully</message>
</record>
</log>
<?xml version="1.0" encoding="UTF-8" standalone="no"?>
<!DOCTYPE log SYSTEM "logger.dtd">
<log>
<record>
  <date>2026-09-13T21:52:07.350407256Z</date>
  <millis>1789336327350</millis>
  <nanos>407256</nanos>
  <sequence>0</sequence>
  <logger>global</logger>
  <level>INFO</level>
  <class>dev.asjordi.Main</class>
  <method>main</method>
  <thread>30</thread>
  <message>Starting application</message>
</record>
<record>
  <date>2026-09-13T21:52:07.358490564Z</date>
  <millis>1789336327358</millis>
  <nanos>490564</nanos>
  <sequence>1</sequence>
  <logger>global</logger>
  <level>INFO</level>
  <class>dev.asjordi.request.RequestManager</class>
  <method>buildURL</method>
  <thread>30</thread>
  <message>Building URL for OpenWeather API request</message>
</record>
<record>
  <date>2026-09-13T21:52:07.359099354Z</date>
  <millis>1789336327359</millis>
  <nanos>99354</nanos>
  <sequence>2</sequence>
  <logger>global</logger>
  <level>INFO</level>
  <class>dev.asjordi.request.RequestManager</class>
  <method>buildURL</method>
  <thread>30</thread>
  <message>URL built successfully</message>
</record>
<record>
  <date>2026-09-13T21:52:07.496143146Z</date>
  <millis>1789336327496</millis>
  <nanos>143146</nanos>
  <sequence>3</sequence>
  <logger>global</logger>
  <level>INFO</level>
  <class>dev.asjordi.weather.DataMapper</class>
  <method>&lt;init&gt;</method>
  <thread>30</thread>
  <message>DataMapper initialized</message>
</record>
<record>
  <date>2026-09-13T21:52:07.497037711Z</date>
  <millis>1789336327497</millis>
  <nanos>37711</nanos>
  <sequence>4</sequence>
  <logger>global</logger>
  <level>INFO</level>
  <class>dev.asjordi.weather.WeatherDataProcessor</class>
  <method>&lt;init&gt;</method>
  <thread>30</thread>
  <message>WeatherDataProcessor initialized</message>
</record>
<record>
  <date>2026-09-13T21:52:07.497639478Z</date>
  <millis>1789336327497</millis>
  <nanos>639478</nanos>
  <sequence>5</sequence>
  <logger>global</logger>
  <level>INFO</level>
  <class>dev.asjordi.weather.WeatherDataProcessor</class>
  <method>processData</method>
  <thread>30</thread>
  <message>Starting data processing</message>
</record>
<record>
  <date>2026-09-13T21:52:07.498239292Z</date>
  <millis>1789336327498</millis>
  <nanos>239292</nanos>
  <sequence>6</sequence>
  <logger>global</logger>
  <level>INFO</level>
  <class>dev.asjordi.request.RequestManager</class>
  <method>makeRequest</method>
  <thread>30</thread>
  <message>Starting HTTP request to OpenWeather API</message>
</record>
<record>
  <date>2026-09-13T21:52:07.527613963Z</date>
  <millis>1789336327527</millis>
  <nanos>613963</nanos>
  <sequence>7</sequence>
  <logger>global</logger>
  <level>INFO</level>
  <class>dev.asjordi.request.RequestManager</class>
  <method>makeRequest</method>
  <thread>30</thread>
  <message>HTTP request build successfully</message>
</record>
<record>
  <date>2026-09-13T21:52:07.600806707Z</date>
  <millis>1789336327600</millis>
  <nanos>806707</nanos>
  <sequence>8</sequence>
  <logger>global</logger>
  <level>INFO</level>
  <class>dev.asjordi.request.RequestManager</class>
  <method>makeRequest</method>
  <thread>30</thread>
  <message>HTTP client built successfully</message>
</record>
<record>
  <date>2026-09-13T21:52:07.836757019Z</date>
  <millis>1789336327836</millis>
  <nanos>757019</nanos>
  <sequence>9</sequence>
  <logger>global</logger>
  <level>INFO</level>
  <class>dev.asjordi.request.RequestManager</class>
  <method>makeRequest</method>
  <thread>30</thread>
  <message>HTTP request sent successfully</message>
</record>
<record>
  <date>2026-09-13T21:52:07.839609982Z</date>
  <millis>1789336327839</millis>
  <nanos>609982</nanos>
  <sequence>10</sequence>
  <logger>global</logger>
  <level>INFO</level>
  <class>dev.asjordi.weather.DataMapper</class>
  <method>mapDataToObject</method>
  <thread>30</thread>
  <message>Mapping data to WeatherApiResponse object</message>
</record>
<record>
  <date>2026-09-13T21:52:07.892915601Z</date>
  <millis>1789336327892</millis>
  <nanos>915601</nanos>
  <sequence>11</sequence>
  <logger>global</logger>
  <level>INFO</level>
  <class>dev.asjordi.weather.DataMapper</class>
  <method>mapDataToObject</method>
  <thread>30</thread>
  <message>Data mapped to WeatherApiResponse object successfully</message>
</record>
<record>
  <date>2026-09-13T21:52:07.893497040Z</date>
  <millis>1789336327893</millis>
  <nanos>497040</nanos>
  <sequence>12</sequence>
  <logger>global</logger>
  <level>INFO</level>
  <class>dev.asjordi.weather.WeatherDataProcessor</class>
  <method>processData</method>
  <thread>30</thread>
  <message>Data processed successfully</message>
</record>
<record>
  <date>2026-09-13T21:52:07.893974885Z</date>
  <millis>1789336327893</millis>
  <nanos>974885</nanos>
  <sequence>13</sequence>
  <logger>global</logger>
  <level>INFO</level>
  <class>dev.asjordi.weather.WeatherDataProcessor</class>
  <method>generateReport</method>
  <thread>30</thread>
  <message>Generating weather report</message>
</record>
<record>
  <date>2026-09-13T21:52:07.896842884Z</date>
  <millis>1789336327896</millis>
  <nanos>842884</nanos>
  <sequence>14</sequence>
  <logger>global</logger>
  <level>INFO</level>
  <class>dev.asjordi.weather.WeatherDataProcessor</class>
  <method>generateReport</method>
  <thread>30</thread>
  <message>Weather report generated successfully</message>
</record>
<record>
  <date>2026-09-13T21:52:07.952336902Z</date>
  <millis>1789336327952</millis>
  <nanos>336902</nanos>
  <sequence>15</sequence>
  <logger>global</logger>
  <level>INFO</level>
  <class>dev.asjordi.bot.WeatherBot</class>
  <method>&lt;init&gt;</method>
  <thread>30</thread>
  <message>WeatherBot initialized</message>
</record>
<record>
  <date>2026-09-13T21:52:07.953107996Z</date>
  <millis>1789336327953</millis>
  <nanos>107996</nanos>
  <sequence>16</sequence>
  <logger>global</logger>
  <level>INFO</level>
  <class>dev.asjordi.bot.BotService</class>
  <method>&lt;init&gt;</method>
  <thread>30</thread>
  <message>BotService initialized</message>
</record>
<record>
  <date>2026-09-13T21:52:07.953548121Z</date>
  <millis>1789336327953</millis>
  <nanos>548121</nanos>
  <sequence>17</sequence>
  <logger>global</logger>
  <level>INFO</level>
  <class>dev.asjordi.bot.BotService</class>
  <method>sendWeatherReport</method>
  <thread>30</thread>
  <message>Sending weather report</message>
</record>
<record>
  <date>2026-09-13T21:52:09.698935086Z</date>
  <millis>1789336329698</millis>
  <nanos>935086</nanos>
  <sequence>18</sequence>
  <logger>global</logger>
  <level>INFO</level>
  <class>dev.asjordi.bot.BotService</class>
  <method>sendWeatherReport</method>
  <thread>30</thread>
  <message>Weather report sent successfully</message>
</record>
</log>
<?xml version="1.0" encoding="UTF-8" standalone="no"?>
<!DOCTYPE log SYSTEM "logger.dtd">
<log>
<record>
  <date>2026-09-14T02:00:09.855069823Z</date>
  <millis>1789351209855</millis>
  <nanos>69823</nanos>
  <sequence>0</sequence>
  <logger>global</logger>
  <level>INFO</level>
  <class>dev.asjordi.Main</class>
  <method>main</method>
  <thread>30</thread>
  <message>Starting application</message>
</record>
<record>
  <date>2026-09-14T02:00:09.865694703Z</date>
  <millis>1789351209865</millis>
  <nanos>694703</nanos>
  <sequence>1</sequence>
  <logger>global</logger>
  <level>INFO</level>
  <class>dev.asjordi.request.RequestManager</class>
  <method>buildURL</method>
  <thread>30</thread>
  <message>Building URL for OpenWeather API request</message>
</record>
<record>
  <date>2026-09-14T02:00:09.866356550Z</date>
  <millis>1789351209866</millis>
  <nanos>356550</nanos>
  <sequence>2</sequence>
  <logger>global</logger>
  <level>INFO</level>
  <class>dev.asjordi.request.RequestManager</class>
  <method>buildURL</method>
  <thread>30</thread>
  <message>URL built successfully</message>
</record>
<record>
  <date>2026-09-14T02:00:09.972698515Z</date>
  <millis>1789351209972</millis>
  <nanos>698515</nanos>
  <sequence>3</sequence>
  <logger>global</logger>
  <level>INFO</level>
  <class>dev.asjordi.weather.DataMapper</class>
  <method>&lt;init&gt;</method>
  <thread>30</thread>
  <message>DataMapper initialized</message>
</record>
<record>
  <date>2026-09-14T02:00:09.973423340Z</date>
  <millis>1789351209973</millis>
  <nanos>423340</nanos>
  <sequence>4</sequence>
  <logger>global</logger>
  <level>INFO</level>
  <class>dev.asjordi.weather.WeatherDataProcessor</class>
  <method>&lt;init&gt;</method>
  <thread>30</thread>
  <message>WeatherDataProcessor initialized</message>
</record>
<record>
  <date>2026-09-14T02:00:09.974019024Z</date>
  <millis>1789351209974</millis>
  <nanos>19024</nanos>
  <sequence>5</sequence>
  <logger>global</logger>
  <level>INFO</level>
  <class>dev.asjordi.weather.WeatherDataProcessor</class>
  <method>processData</method>
  <thread>30</thread>
  <message>Starting data processing</message>
</record>
<record>
  <date>2026-09-14T02:00:09.974640926Z</date>
  <millis>1789351209974</millis>
  <nanos>640926</nanos>
  <sequence>6</sequence>
  <logger>global</logger>
  <level>INFO</level>
  <class>dev.asjordi.request.RequestManager</class>
  <method>makeRequest</method>
  <thread>30</thread>
  <message>Starting HTTP request to OpenWeather API</message>
</record>
<record>
  <date>2026-09-14T02:00:09.995532212Z</date>
  <millis>1789351209995</millis>
  <nanos>532212</nanos>
  <sequence>7</sequence>
  <logger>global</logger>
  <level>INFO</level>
  <class>dev.asjordi.request.RequestManager</class>
  <method>makeRequest</method>
  <thread>30</thread>
  <message>HTTP request build successfully</message>
</record>
<record>
  <date>2026-09-14T02:00:10.047109265Z</date>
  <millis>1789351210047</millis>
  <nanos>109265</nanos>
  <sequence>8</sequence>
  <logger>global</logger>
  <level>INFO</level>
  <class>dev.asjordi.request.RequestManager</class>
  <method>makeRequest</method>
  <thread>30</thread>
  <message>HTTP client built successfully</message>
</record>
<record>
  <date>2026-09-14T02:00:10.271752029Z</date>
  <millis>1789351210271</millis>
  <nanos>752029</nanos>
  <sequence>9</sequence>
  <logger>global</logger>
  <level>INFO</level>
  <class>dev.asjordi.request.RequestManager</class>
  <method>makeRequest</method>
  <thread>30</thread>
  <message>HTTP request sent successfully</message>
</record>
<record>
  <date>2026-09-14T02:00:10.274320767Z</date>
  <millis>1789351210274</millis>
  <nanos>320767</nanos>
  <sequence>10</sequence>
  <logger>global</logger>
  <level>INFO</level>
  <class>dev.asjordi.weather.DataMapper</class>
  <method>mapDataToObject</method>
  <thread>30</thread>
  <message>Mapping data to WeatherApiResponse object</message>
</record>
<record>
  <date>2026-09-14T02:00:10.323794247Z</date>
  <millis>1789351210323</millis>
  <nanos>794247</nanos>
  <sequence>11</sequence>
  <logger>global</logger>
  <level>INFO</level>
  <class>dev.asjordi.weather.DataMapper</class>
  <method>mapDataToObject</method>
  <thread>30</thread>
  <message>Data mapped to WeatherApiResponse object successfully</message>
</record>
<record>
  <date>2026-09-14T02:00:10.324285485Z</date>
  <millis>1789351210324</millis>
  <nanos>285485</nanos>
  <sequence>12</sequence>
  <logger>global</logger>
  <level>INFO</level>
  <class>dev.asjordi.weather.WeatherDataProcessor</class>
  <method>processData</method>
  <thread>30</thread>
  <message>Data processed successfully</message>
</record>
<record>
  <date>2026-09-14T02:00:10.324804185Z</date>
  <millis>1789351210324</millis>
  <nanos>804185</nanos>
  <sequence>13</sequence>
  <logger>global</logger>
  <level>INFO</level>
  <class>dev.asjordi.weather.WeatherDataProcessor</class>
  <method>generateReport</method>
  <thread>30</thread>
  <message>Generating weather report</message>
</record>
<record>
  <date>2026-09-14T02:00:10.327543396Z</date>
  <millis>1789351210327</millis>
  <nanos>543396</nanos>
  <sequence>14</sequence>
  <logger>global</logger>
  <level>INFO</level>
  <class>dev.asjordi.weather.WeatherDataProcessor</class>
  <method>generateReport</method>
  <thread>30</thread>
  <message>Weather report generated successfully</message>
</record>
<record>
  <date>2026-09-14T02:00:10.385541147Z</date>
  <millis>1789351210385</millis>
  <nanos>541147</nanos>
  <sequence>15</sequence>
  <logger>global</logger>
  <level>INFO</level>
  <class>dev.asjordi.bot.WeatherBot</class>
  <method>&lt;init&gt;</method>
  <thread>30</thread>
  <message>WeatherBot initialized</message>
</record>
<record>
  <date>2026-09-14T02:00:10.386224485Z</date>
  <millis>1789351210386</millis>
  <nanos>224485</nanos>
  <sequence>16</sequence>
  <logger>global</logger>
  <level>INFO</level>
  <class>dev.asjordi.bot.BotService</class>
  <method>&lt;init&gt;</method>
  <thread>30</thread>
  <message>BotService initialized</message>
</record>
<record>
  <date>2026-09-14T02:00:10.386774994Z</date>
  <millis>1789351210386</millis>
  <nanos>774994</nanos>
  <sequence>17</sequence>
  <logger>global</logger>
  <level>INFO</level>
  <class>dev.asjordi.bot.BotService</class>
  <method>sendWeatherReport</method>
  <thread>30</thread>
  <message>Sending weather report</message>
</record>
<record>
  <date>2026-09-14T02:00:11.900934600Z</date>
  <millis>1789351211900</millis>
  <nanos>934600</nanos>
  <sequence>18</sequence>
  <logger>global</logger>
  <level>INFO</level>
  <class>dev.asjordi.bot.BotService</class>
  <method>sendWeatherReport</method>
  <thread>30</thread>
  <message>Weather report sent successfully</message>
</record>
</log>
<?xml version="1.0" encoding="UTF-8" standalone="no"?>
<!DOCTYPE log SYSTEM "logger.dtd">
<log>
<record>
  <date>2026-09-14T09:18:51.342780763Z</date>
  <millis>1789377531342</millis>
  <nanos>780763</nanos>
  <sequence>0</sequence>
  <logger>global</logger>
  <level>INFO</level>
  <class>dev.asjordi.Main</class>
  <method>main</method>
  <thread>30</thread>
  <message>Starting application</message>
</record>
<record>
  <date>2026-09-14T09:18:51.351857312Z</date>
  <millis>1789377531351</millis>
  <nanos>857312</nanos>
  <sequence>1</sequence>
  <logger>global</logger>
  <level>INFO</level>
  <class>dev.asjordi.request.RequestManager</class>
  <method>buildURL</method>
  <thread>30</thread>
  <message>Building URL for OpenWeather API request</message>
</record>
<record>
  <date>2026-09-14T09:18:51.352602388Z</date>
  <millis>1789377531352</millis>
  <nanos>602388</nanos>
  <sequence>2</sequence>
  <logger>global</logger>
  <level>INFO</level>
  <class>dev.asjordi.request.RequestManager</class>
  <method>buildURL</method>
  <thread>30</thread>
  <message>URL built successfully</message>
</record>
<record>
  <date>2026-09-14T09:18:51.471732911Z</date>
  <millis>1789377531471</millis>
  <nanos>732911</nanos>
  <sequence>3</sequence>
  <logger>global</logger>
  <level>INFO</level>
  <class>dev.asjordi.weather.DataMapper</class>
  <method>&lt;init&gt;</method>
  <thread>30</thread>
  <message>DataMapper initialized</message>
</record>
<record>
  <date>2026-09-14T09:18:51.472616245Z</date>
  <millis>1789377531472</millis>
  <nanos>616245</nanos>
  <sequence>4</sequence>
  <logger>global</logger>
  <level>INFO</level>
  <class>dev.asjordi.weather.WeatherDataProcessor</class>
  <method>&lt;init&gt;</method>
  <thread>30</thread>
  <message>WeatherDataProcessor initialized</message>
</record>
<record>
  <date>2026-09-14T09:18:51.473434367Z</date>
  <millis>1789377531473</millis>
  <nanos>434367</nanos>
  <sequence>5</sequence>
  <logger>global</logger>
  <level>INFO</level>
  <class>dev.asjordi.weather.WeatherDataProcessor</class>
  <method>processData</method>
  <thread>30</thread>
  <message>Starting data processing</message>
</record>
<record>
  <date>2026-09-14T09:18:51.474145160Z</date>
  <millis>1789377531474</millis>
  <nanos>145160</nanos>
  <sequence>6</sequence>
  <logger>global</logger>
  <level>INFO</level>
  <class>dev.asjordi.request.RequestManager</class>
  <method>makeRequest</method>
  <thread>30</thread>
  <message>Starting HTTP request to OpenWeather API</message>
</record>
<record>
  <date>2026-09-14T09:18:51.484573795Z</date>
  <millis>1789377531484</millis>
  <nanos>573795</nanos>
  <sequence>7</sequence>
  <logger>global</logger>
  <level>INFO</level>
  <class>dev.asjordi.request.RequestManager</class>
  <method>makeRequest</method>
  <thread>30</thread>
  <message>HTTP request build successfully</message>
</record>
<record>
  <date>2026-09-14T09:18:51.514227734Z</date>
  <millis>1789377531514</millis>
  <nanos>227734</nanos>
  <sequence>8</sequence>
  <logger>global</logger>
  <level>INFO</level>
  <class>dev.asjordi.request.RequestManager</class>
  <method>makeRequest</method>
  <thread>30</thread>
  <message>HTTP client built successfully</message>
</record>
<record>
  <date>2026-09-14T09:18:51.659398699Z</date>
  <millis>1789377531659</millis>
  <nanos>398699</nanos>
  <sequence>9</sequence>
  <logger>global</logger>
  <level>INFO</level>
  <class>dev.asjordi.request.RequestManager</class>
  <method>makeRequest</method>
  <thread>30</thread>
  <message>HTTP request sent successfully</message>
</record>
<record>
  <date>2026-09-14T09:18:51.664031632Z</date>
  <millis>1789377531664</millis>
  <nanos>31632</nanos>
  <sequence>10</sequence>
  <logger>global</logger>
  <level>INFO</level>
  <class>dev.asjordi.weather.DataMapper</class>
  <method>mapDataToObject</method>
  <thread>30</thread>
  <message>Mapping data to WeatherApiResponse object</message>
</record>
<record>
  <date>2026-09-14T09:18:51.730064391Z</date>
  <millis>1789377531730</millis>
  <nanos>64391</nanos>
  <sequence>11</sequence>
  <logger>global</logger>
  <level>INFO</level>
  <class>dev.asjordi.weather.DataMapper</class>
  <method>mapDataToObject</method>
  <thread>30</thread>
  <message>Data mapped to WeatherApiResponse object successfully</message>
</record>
<record>
  <date>2026-09-14T09:18:51.730703750Z</date>
  <millis>1789377531730</millis>
  <nanos>703750</nanos>
  <sequence>12</sequence>
  <logger>global</logger>
  <level>INFO</level>
  <class>dev.asjordi.weather.WeatherDataProcessor</class>
  <method>processData</method>
  <thread>30</thread>
  <message>Data processed successfully</message>
</record>
<record>
  <date>2026-09-14T09:18:51.731241511Z</date>
  <millis>1789377531731</millis>
  <nanos>241511</nanos>
  <sequence>13</sequence>
  <logger>global</logger>
  <level>INFO</level>
  <class>dev.asjordi.weather.WeatherDataProcessor</class>
  <method>generateReport</method>
  <thread>30</thread>
  <message>Generating weather report</message>
</record>
<record>
  <date>2026-09-14T09:18:51.758711516Z</date>
  <millis>1789377531758</millis>
  <nanos>711516</nanos>
  <sequence>14</sequence>
  <logger>global</logger>
  <level>INFO</level>
  <class>dev.asjordi.weather.WeatherDataProcessor</class>
  <method>generateReport</method>
  <thread>30</thread>
  <message>Weather report generated successfully</message>
</record>
<record>
  <date>2026-09-14T09:18:51.829747437Z</date>
  <millis>1789377531829</millis>
  <nanos>747437</nanos>
  <sequence>15</sequence>
  <logger>global</logger>
  <level>INFO</level>
  <class>dev.asjordi.bot.WeatherBot</class>
  <method>&lt;init&gt;</method>
  <thread>30</thread>
  <message>WeatherBot initialized</message>
</record>
<record>
  <date>2026-09-14T09:18:51.830719515Z</date>
  <millis>1789377531830</millis>
  <nanos>719515</nanos>
  <sequence>16</sequence>
  <logger>global</logger>
  <level>INFO</level>
  <class>dev.asjordi.bot.BotService</class>
  <method>&lt;init&gt;</method>
  <thread>30</thread>
  <message>BotService initialized</message>
</record>
<record>
  <date>2026-09-14T09:18:51.831320884Z</date>
  <millis>1789377531831</millis>
  <nanos>320884</nanos>
  <sequence>17</sequence>
  <logger>global</logger>
  <level>INFO</level>
  <class>dev.asjordi.bot.BotService</class>
  <method>sendWeatherReport</method>
  <thread>30</thread>
  <message>Sending weather report</message>
</record>
<record>
  <date>2026-09-14T09:18:53.087906942Z</date>
  <millis>1789377533087</millis>
  <nanos>906942</nanos>
  <sequence>18</sequence>
  <logger>global</logger>
  <level>INFO</level>
  <class>dev.asjordi.bot.BotService</class>
  <method>sendWeatherReport</method>
  <thread>30</thread>
  <message>Weather report sent successfully</message>
</record>
</log>
<?xml version="1.0" encoding="UTF-8" standalone="no"?>
<!DOCTYPE log SYSTEM "logger.dtd">
<log>
<record>
  <date>2026-09-14T17:08:18.917179214Z</date>
  <millis>1789405698917</millis>
  <nanos>179214</nanos>
  <sequence>0</sequence>
  <logger>global</logger>
  <level>INFO</level>
  <class>dev.asjordi.Main</class>
  <method>main</method>
  <thread>30</thread>
  <message>Starting application</message>
</record>
<record>
  <date>2026-09-14T17:08:18.926284456Z</date>
  <millis>1789405698926</millis>
  <nanos>284456</nanos>
  <sequence>1</sequence>
  <logger>global</logger>
  <level>INFO</level>
  <class>dev.asjordi.request.RequestManager</class>
  <method>buildURL</method>
  <thread>30</thread>
  <message>Building URL for OpenWeather API request</message>
</record>
<record>
  <date>2026-09-14T17:08:18.926961456Z</date>
  <millis>1789405698926</millis>
  <nanos>961456</nanos>
  <sequence>2</sequence>
  <logger>global</logger>
  <level>INFO</level>
  <class>dev.asjordi.request.RequestManager</class>
  <method>buildURL</method>
  <thread>30</thread>
  <message>URL built successfully</message>
</record>
<record>
  <date>2026-09-14T17:08:19.051892449Z</date>
  <millis>1789405699051</millis>
  <nanos>892449</nanos>
  <sequence>3</sequence>
  <logger>global</logger>
  <level>INFO</level>
  <class>dev.asjordi.weather.DataMapper</class>
  <method>&lt;init&gt;</method>
  <thread>30</thread>
  <message>DataMapper initialized</message>
</record>
<record>
  <date>2026-09-14T17:08:19.052802502Z</date>
  <millis>1789405699052</millis>
  <nanos>802502</nanos>
  <sequence>4</sequence>
  <logger>global</logger>
  <level>INFO</level>
  <class>dev.asjordi.weather.WeatherDataProcessor</class>
  <method>&lt;init&gt;</method>
  <thread>30</thread>
  <message>WeatherDataProcessor initialized</message>
</record>
<record>
  <date>2026-09-14T17:08:19.053384029Z</date>
  <millis>1789405699053</millis>
  <nanos>384029</nanos>
  <sequence>5</sequence>
  <logger>global</logger>
  <level>INFO</level>
  <class>dev.asjordi.weather.WeatherDataProcessor</class>
  <method>processData</method>
  <thread>30</thread>
  <message>Starting data processing</message>
</record>
<record>
  <date>2026-09-14T17:08:19.053962932Z</date>
  <millis>1789405699053</millis>
  <nanos>962932</nanos>
  <sequence>6</sequence>
  <logger>global</logger>
  <level>INFO</level>
  <class>dev.asjordi.request.RequestManager</class>
  <method>makeRequest</method>
  <thread>30</thread>
  <message>Starting HTTP request to OpenWeather API</message>
</record>
<record>
  <date>2026-09-14T17:08:19.094172680Z</date>
  <millis>1789405699094</millis>
  <nanos>172680</nanos>
  <sequence>7</sequence>
  <logger>global</logger>
  <level>INFO</level>
  <class>dev.asjordi.request.RequestManager</class>
  <method>makeRequest</method>
  <thread>30</thread>
  <message>HTTP request build successfully</message>
</record>
<record>
  <date>2026-09-14T17:08:19.164667010Z</date>
  <millis>1789405699164</millis>
  <nanos>667010</nanos>
  <sequence>8</sequence>
  <logger>global</logger>
  <level>INFO</level>
  <class>dev.asjordi.request.RequestManager</class>
  <method>makeRequest</method>
  <thread>30</thread>
  <message>HTTP client built successfully</message>
</record>
<record>
  <date>2026-09-14T17:08:19.437035121Z</date>
  <millis>1789405699437</millis>
  <nanos>35121</nanos>
  <sequence>9</sequence>
  <logger>global</logger>
  <level>INFO</level>
  <class>dev.asjordi.request.RequestManager</class>
  <method>makeRequest</method>
  <thread>30</thread>
  <message>HTTP request sent successfully</message>
</record>
<record>
  <date>2026-09-14T17:08:19.439489137Z</date>
  <millis>1789405699439</millis>
  <nanos>489137</nanos>
  <sequence>10</sequence>
  <logger>global</logger>
  <level>INFO</level>
  <class>dev.asjordi.weather.DataMapper</class>
  <method>mapDataToObject</method>
  <thread>30</thread>
  <message>Mapping data to WeatherApiResponse object</message>
</record>
<record>
  <date>2026-09-14T17:08:19.488051742Z</date>
  <millis>1789405699488</millis>
  <nanos>51742</nanos>
  <sequence>11</sequence>
  <logger>global</logger>
  <level>INFO</level>
  <class>dev.asjordi.weather.DataMapper</class>
  <method>mapDataToObject</method>
  <thread>30</thread>
  <message>Data mapped to WeatherApiResponse object successfully</message>
</record>
<record>
  <date>2026-09-14T17:08:19.488604896Z</date>
  <millis>1789405699488</millis>
  <nanos>604896</nanos>
  <sequence>12</sequence>
  <logger>global</logger>
  <level>INFO</level>
  <class>dev.asjordi.weather.WeatherDataProcessor</class>
  <method>processData</method>
  <thread>30</thread>
  <message>Data processed successfully</message>
</record>
<record>
  <date>2026-09-14T17:08:19.489161926Z</date>
  <millis>1789405699489</millis>
  <nanos>161926</nanos>
  <sequence>13</sequence>
  <logger>global</logger>
  <level>INFO</level>
  <class>dev.asjordi.weather.WeatherDataProcessor</class>
  <method>generateReport</method>
  <thread>30</thread>
  <message>Generating weather report</message>
</record>
<record>
  <date>2026-09-14T17:08:19.491753434Z</date>
  <millis>1789405699491</millis>
  <nanos>753434</nanos>
  <sequence>14</sequence>
  <logger>global</logger>
  <level>INFO</level>
  <class>dev.asjordi.weather.WeatherDataProcessor</class>
  <method>generateReport</method>
  <thread>30</thread>
  <message>Weather report generated successfully</message>
</record>
<record>
  <date>2026-09-14T17:08:19.554762491Z</date>
  <millis>1789405699554</millis>
  <nanos>762491</nanos>
  <sequence>15</sequence>
  <logger>global</logger>
  <level>INFO</level>
  <class>dev.asjordi.bot.WeatherBot</class>
  <method>&lt;init&gt;</method>
  <thread>30</thread>
  <message>WeatherBot initialized</message>
</record>
<record>
  <date>2026-09-14T17:08:19.555572913Z</date>
  <millis>1789405699555</millis>
  <nanos>572913</nanos>
  <sequence>16</sequence>
  <logger>global</logger>
  <level>INFO</level>
  <class>dev.asjordi.bot.BotService</class>
  <method>&lt;init&gt;</method>
  <thread>30</thread>
  <message>BotService initialized</message>
</record>
<record>
  <date>2026-09-14T17:08:19.556094660Z</date>
  <millis>1789405699556</millis>
  <nanos>94660</nanos>
  <sequence>17</sequence>
  <logger>global</logger>
  <level>INFO</level>
  <class>dev.asjordi.bot.BotService</class>
  <method>sendWeatherReport</method>
  <thread>30</thread>
  <message>Sending weather report</message>
</record>
<record>
  <date>2026-09-14T17:08:20.947783768Z</date>
  <millis>1789405700947</millis>
  <nanos>783768</nanos>
  <sequence>18</sequence>
  <logger>global</logger>
  <level>INFO</level>
  <class>dev.asjordi.bot.BotService</class>
  <method>sendWeatherReport</method>
  <thread>30</thread>
  <message>Weather report sent successfully</message>
</record>
</log>
<?xml version="1.0" encoding="UTF-8" standalone="no"?>
<!DOCTYPE log SYSTEM "logger.dtd">
<log>
<record>
  <date>2026-09-14T22:49:23.873058837Z</date>
  <millis>1789426163873</millis>
  <nanos>58837</nanos>
  <sequence>0</sequence>
  <logger>global</logger>
  <level>INFO</level>
  <class>dev.asjordi.Main</class>
  <method>main</method>
  <thread>30</thread>
  <message>Starting application</message>
</record>
<record>
  <date>2026-09-14T22:49:23.883840717Z</date>
  <millis>1789426163883</millis>
  <nanos>840717</nanos>
  <sequence>1</sequence>
  <logger>global</logger>
  <level>INFO</level>
  <class>dev.asjordi.request.RequestManager</class>
  <method>buildURL</method>
  <thread>30</thread>
  <message>Building URL for OpenWeather API request</message>
</record>
<record>
  <date>2026-09-14T22:49:23.884636491Z</date>
  <millis>1789426163884</millis>
  <nanos>636491</nanos>
  <sequence>2</sequence>
  <logger>global</logger>
  <level>INFO</level>
  <class>dev.asjordi.request.RequestManager</class>
  <method>buildURL</method>
  <thread>30</thread>
  <message>URL built successfully</message>
</record>
<record>
  <date>2026-09-14T22:49:24.018004029Z</date>
  <millis>1789426164018</millis>
  <nanos>4029</nanos>
  <sequence>3</sequence>
  <logger>global</logger>
  <level>INFO</level>
  <class>dev.asjordi.weather.DataMapper</class>
  <method>&lt;init&gt;</method>
  <thread>30</thread>
  <message>DataMapper initialized</message>
</record>
<record>
  <date>2026-09-14T22:49:24.019106905Z</date>
  <millis>1789426164019</millis>
  <nanos>106905</nanos>
  <sequence>4</sequence>
  <logger>global</logger>
  <level>INFO</level>
  <class>dev.asjordi.weather.WeatherDataProcessor</class>
  <method>&lt;init&gt;</method>
  <thread>30</thread>
  <message>WeatherDataProcessor initialized</message>
</record>
<record>
  <date>2026-09-14T22:49:24.019847427Z</date>
  <millis>1789426164019</millis>
  <nanos>847427</nanos>
  <sequence>5</sequence>
  <logger>global</logger>
  <level>INFO</level>
  <class>dev.asjordi.weather.WeatherDataProcessor</class>
  <method>processData</method>
  <thread>30</thread>
  <message>Starting data processing</message>
</record>
<record>
  <date>2026-09-14T22:49:24.020513853Z</date>
  <millis>1789426164020</millis>
  <nanos>513853</nanos>
  <sequence>6</sequence>
  <logger>global</logger>
  <level>INFO</level>
  <class>dev.asjordi.request.RequestManager</class>
  <method>makeRequest</method>
  <thread>30</thread>
  <message>Starting HTTP request to OpenWeather API</message>
</record>
<record>
  <date>2026-09-14T22:49:24.041901733Z</date>
  <millis>1789426164041</millis>
  <nanos>901733</nanos>
  <sequence>7</sequence>
  <logger>global</logger>
  <level>INFO</level>
  <class>dev.asjordi.request.RequestManager</class>
  <method>makeRequest</method>
  <thread>30</thread>
  <message>HTTP request build successfully</message>
</record>
<record>
  <date>2026-09-14T22:49:24.118862628Z</date>
  <millis>1789426164118</millis>
  <nanos>862628</nanos>
  <sequence>8</sequence>
  <logger>global</logger>
  <level>INFO</level>
  <class>dev.asjordi.request.RequestManager</class>
  <method>makeRequest</method>
  <thread>30</thread>
  <message>HTTP client built successfully</message>
</record>
<record>
  <date>2026-09-14T22:49:24.377065315Z</date>
  <millis>1789426164377</millis>
  <nanos>65315</nanos>
  <sequence>9</sequence>
  <logger>global</logger>
  <level>INFO</level>
  <class>dev.asjordi.request.RequestManager</class>
  <method>makeRequest</method>
  <thread>30</thread>
  <message>HTTP request sent successfully</message>
</record>
<record>
  <date>2026-09-14T22:49:24.379722305Z</date>
  <millis>1789426164379</millis>
  <nanos>722305</nanos>
  <sequence>10</sequence>
  <logger>global</logger>
  <level>INFO</level>
  <class>dev.asjordi.weather.DataMapper</class>
  <method>mapDataToObject</method>
  <thread>30</thread>
  <message>Mapping data to WeatherApiResponse object</message>
</record>
<record>
  <date>2026-09-14T22:49:24.427377352Z</date>
  <millis>1789426164427</millis>
  <nanos>377352</nanos>
  <sequence>11</sequence>
  <logger>global</logger>
  <level>INFO</level>
  <class>dev.asjordi.weather.DataMapper</class>
  <method>mapDataToObject</method>
  <thread>30</thread>
  <message>Data mapped to WeatherApiResponse object successfully</message>
</record>
<record>
  <date>2026-09-14T22:49:24.427925074Z</date>
  <millis>1789426164427</millis>
  <nanos>925074</nanos>
  <sequence>12</sequence>
  <logger>global</logger>
  <level>INFO</level>
  <class>dev.asjordi.weather.WeatherDataProcessor</class>
  <method>processData</method>
  <thread>30</thread>
  <message>Data processed successfully</message>
</record>
<record>
  <date>2026-09-14T22:49:24.428330945Z</date>
  <millis>1789426164428</millis>
  <nanos>330945</nanos>
  <sequence>13</sequence>
  <logger>global</logger>
  <level>INFO</level>
  <class>dev.asjordi.weather.WeatherDataProcessor</class>
  <method>generateReport</method>
  <thread>30</thread>
  <message>Generating weather report</message>
</record>
<record>
  <date>2026-09-14T22:49:24.430804670Z</date>
  <millis>1789426164430</millis>
  <nanos>804670</nanos>
  <sequence>14</sequence>
  <logger>global</logger>
  <level>INFO</level>
  <class>dev.asjordi.weather.WeatherDataProcessor</class>
  <method>generateReport</method>
  <thread>30</thread>
  <message>Weather report generated successfully</message>
</record>
<record>
  <date>2026-09-14T22:49:24.492717713Z</date>
  <millis>1789426164492</millis>
  <nanos>717713</nanos>
  <sequence>15</sequence>
  <logger>global</logger>
  <level>INFO</level>
  <class>dev.asjordi.bot.WeatherBot</class>
  <method>&lt;init&gt;</method>
  <thread>30</thread>
  <message>WeatherBot initialized</message>
</record>
<record>
  <date>2026-09-14T22:49:24.493558377Z</date>
  <millis>1789426164493</millis>
  <nanos>558377</nanos>
  <sequence>16</sequence>
  <logger>global</logger>
  <level>INFO</level>
  <class>dev.asjordi.bot.BotService</class>
  <method>&lt;init&gt;</method>
  <thread>30</thread>
  <message>BotService initialized</message>
</record>
<record>
  <date>2026-09-14T22:49:24.494218658Z</date>
  <millis>1789426164494</millis>
  <nanos>218658</nanos>
  <sequence>17</sequence>
  <logger>global</logger>
  <level>INFO</level>
  <class>dev.asjordi.bot.BotService</class>
  <method>sendWeatherReport</method>
  <thread>30</thread>
  <message>Sending weather report</message>
</record>
<record>
  <date>2026-09-14T22:49:26.045176450Z</date>
  <millis>1789426166045</millis>
  <nanos>176450</nanos>
  <sequence>18</sequence>
  <logger>global</logger>
  <level>INFO</level>
  <class>dev.asjordi.bot.BotService</class>
  <method>sendWeatherReport</method>
  <thread>30</thread>
  <message>Weather report sent successfully</message>
</record>
</log>
<?xml version="1.0" encoding="UTF-8" standalone="no"?>
<!DOCTYPE log SYSTEM "logger.dtd">
<log>
<record>
  <date>2026-09-15T02:08:09.351215586Z</date>
  <millis>1789438089351</millis>
  <nanos>215586</nanos>
  <sequence>0</sequence>
  <logger>global</logger>
  <level>INFO</level>
  <class>dev.asjordi.Main</class>
  <method>main</method>
  <thread>30</thread>
  <message>Starting application</message>
</record>
<record>
  <date>2026-09-15T02:08:09.358534945Z</date>
  <millis>1789438089358</millis>
  <nanos>534945</nanos>
  <sequence>1</sequence>
  <logger>global</logger>
  <level>INFO</level>
  <class>dev.asjordi.request.RequestManager</class>
  <method>buildURL</method>
  <thread>30</thread>
  <message>Building URL for OpenWeather API request</message>
</record>
<record>
  <date>2026-09-15T02:08:09.359110233Z</date>
  <millis>1789438089359</millis>
  <nanos>110233</nanos>
  <sequence>2</sequence>
  <logger>global</logger>
  <level>INFO</level>
  <class>dev.asjordi.request.RequestManager</class>
  <method>buildURL</method>
  <thread>30</thread>
  <message>URL built successfully</message>
</record>
<record>
  <date>2026-09-15T02:08:09.453070296Z</date>
  <millis>1789438089453</millis>
  <nanos>70296</nanos>
  <sequence>3</sequence>
  <logger>global</logger>
  <level>INFO</level>
  <class>dev.asjordi.weather.DataMapper</class>
  <method>&lt;init&gt;</method>
  <thread>30</thread>
  <message>DataMapper initialized</message>
</record>
<record>
  <date>2026-09-15T02:08:09.453884313Z</date>
  <millis>1789438089453</millis>
  <nanos>884313</nanos>
  <sequence>4</sequence>
  <logger>global</logger>
  <level>INFO</level>
  <class>dev.asjordi.weather.WeatherDataProcessor</class>
  <method>&lt;init&gt;</method>
  <thread>30</thread>
  <message>WeatherDataProcessor initialized</message>
</record>
<record>
  <date>2026-09-15T02:08:09.454461737Z</date>
  <millis>1789438089454</millis>
  <nanos>461737</nanos>
  <sequence>5</sequence>
  <logger>global</logger>
  <level>INFO</level>
  <class>dev.asjordi.weather.WeatherDataProcessor</class>
  <method>processData</method>
  <thread>30</thread>
  <message>Starting data processing</message>
</record>
<record>
  <date>2026-09-15T02:08:09.454926514Z</date>
  <millis>1789438089454</millis>
  <nanos>926514</nanos>
  <sequence>6</sequence>
  <logger>global</logger>
  <level>INFO</level>
  <class>dev.asjordi.request.RequestManager</class>
  <method>makeRequest</method>
  <thread>30</thread>
  <message>Starting HTTP request to OpenWeather API</message>
</record>
<record>
  <date>2026-09-15T02:08:09.476870111Z</date>
  <millis>1789438089476</millis>
  <nanos>870111</nanos>
  <sequence>7</sequence>
  <logger>global</logger>
  <level>INFO</level>
  <class>dev.asjordi.request.RequestManager</class>
  <method>makeRequest</method>
  <thread>30</thread>
  <message>HTTP request build successfully</message>
</record>
<record>
  <date>2026-09-15T02:08:09.818847916Z</date>
  <millis>1789438089818</millis>
  <nanos>847916</nanos>
  <sequence>8</sequence>
  <logger>global</logger>
  <level>INFO</level>
  <class>dev.asjordi.request.RequestManager</class>
  <method>makeRequest</method>
  <thread>30</thread>
  <message>HTTP client built successfully</message>
</record>
<record>
  <date>2026-09-15T02:08:10.207648777Z</date>
  <millis>1789438090207</millis>
  <nanos>648777</nanos>
  <sequence>9</sequence>
  <logger>global</logger>
  <level>INFO</level>
  <class>dev.asjordi.request.RequestManager</class>
  <method>makeRequest</method>
  <thread>30</thread>
  <message>HTTP request sent successfully</message>
</record>
<record>
  <date>2026-09-15T02:08:10.209844387Z</date>
  <millis>1789438090209</millis>
  <nanos>844387</nanos>
  <sequence>10</sequence>
  <logger>global</logger>
  <level>INFO</level>
  <class>dev.asjordi.weather.DataMapper</class>
  <method>mapDataToObject</method>
  <thread>30</thread>
  <message>Mapping data to WeatherApiResponse object</message>
</record>
<record>
  <date>2026-09-15T02:08:10.252724Z</date>
  <millis>1789438090252</millis>
  <nanos>724000</nanos>
  <sequence>11</sequence>
  <logger>global</logger>
  <level>INFO</level>
  <class>dev.asjordi.weather.DataMapper</class>
  <method>mapDataToObject</method>
  <thread>30</thread>
  <message>Data mapped to WeatherApiResponse object successfully</message>
</record>
<record>
  <date>2026-09-15T02:08:10.253111226Z</date>
  <millis>1789438090253</millis>
  <nanos>111226</nanos>
  <sequence>12</sequence>
  <logger>global</logger>
  <level>INFO</level>
  <class>dev.asjordi.weather.WeatherDataProcessor</class>
  <method>processData</method>
  <thread>30</thread>
  <message>Data processed successfully</message>
</record>
<record>
  <date>2026-09-15T02:08:10.253524689Z</date>
  <millis>1789438090253</millis>
  <nanos>524689</nanos>
  <sequence>13</sequence>
  <logger>global</logger>
  <level>INFO</level>
  <class>dev.asjordi.weather.WeatherDataProcessor</class>
  <method>generateReport</method>
  <thread>30</thread>
  <message>Generating weather report</message>
</record>
<record>
  <date>2026-09-15T02:08:10.255841790Z</date>
  <millis>1789438090255</millis>
  <nanos>841790</nanos>
  <sequence>14</sequence>
  <logger>global</logger>
  <level>INFO</level>
  <class>dev.asjordi.weather.WeatherDataProcessor</class>
  <method>generateReport</method>
  <thread>30</thread>
  <message>Weather report generated successfully</message>
</record>
<record>
  <date>2026-09-15T02:08:10.302720326Z</date>
  <millis>1789438090302</millis>
  <nanos>720326</nanos>
  <sequence>15</sequence>
  <logger>global</logger>
  <level>INFO</level>
  <class>dev.asjordi.bot.WeatherBot</class>
  <method>&lt;init&gt;</method>
  <thread>30</thread>
  <message>WeatherBot initialized</message>
</record>
<record>
  <date>2026-09-15T02:08:10.303109671Z</date>
  <millis>1789438090303</millis>
  <nanos>109671</nanos>
  <sequence>16</sequence>
  <logger>global</logger>
  <level>INFO</level>
  <class>dev.asjordi.bot.BotService</class>
  <method>&lt;init&gt;</method>
  <thread>30</thread>
  <message>BotService initialized</message>
</record>
<record>
  <date>2026-09-15T02:08:10.303495270Z</date>
  <millis>1789438090303</millis>
  <nanos>495270</nanos>
  <sequence>17</sequence>
  <logger>global</logger>
  <level>INFO</level>
  <class>dev.asjordi.bot.BotService</class>
  <method>sendWeatherReport</method>
  <thread>30</thread>
  <message>Sending weather report</message>
</record>
<record>
  <date>2026-09-15T02:08:11.908051467Z</date>
  <millis>1789438091908</millis>
  <nanos>51467</nanos>
  <sequence>18</sequence>
  <logger>global</logger>
  <level>INFO</level>
  <class>dev.asjordi.bot.BotService</class>
  <method>sendWeatherReport</method>
  <thread>30</thread>
  <message>Weather report sent successfully</message>
</record>
</log>
<?xml version="1.0" encoding="UTF-8" standalone="no"?>
<!DOCTYPE log SYSTEM "logger.dtd">
<log>
<record>
  <date>2026-09-15T09:00:57.039447502Z</date>
  <millis>1789462857039</millis>
  <nanos>447502</nanos>
  <sequence>0</sequence>
  <logger>global</logger>
  <level>INFO</level>
  <class>dev.asjordi.Main</class>
  <method>main</method>
  <thread>30</thread>
  <message>Starting application</message>
</record>
<record>
  <date>2026-09-15T09:00:57.045550449Z</date>
  <millis>1789462857045</millis>
  <nanos>550449</nanos>
  <sequence>1</sequence>
  <logger>global</logger>
  <level>INFO</level>
  <class>dev.asjordi.request.RequestManager</class>
  <method>buildURL</method>
  <thread>30</thread>
  <message>Building URL for OpenWeather API request</message>
</record>
<record>
  <date>2026-09-15T09:00:57.045998331Z</date>
  <millis>1789462857045</millis>
  <nanos>998331</nanos>
  <sequence>2</sequence>
  <logger>global</logger>
  <level>INFO</level>
  <class>dev.asjordi.request.RequestManager</class>
  <method>buildURL</method>
  <thread>30</thread>
  <message>URL built successfully</message>
</record>
<record>
  <date>2026-09-15T09:00:57.270089549Z</date>
  <millis>1789462857270</millis>
  <nanos>89549</nanos>
  <sequence>3</sequence>
  <logger>global</logger>
  <level>INFO</level>
  <class>dev.asjordi.weather.DataMapper</class>
  <method>&lt;init&gt;</method>
  <thread>30</thread>
  <message>DataMapper initialized</message>
</record>
<record>
  <date>2026-09-15T09:00:57.270758066Z</date>
  <millis>1789462857270</millis>
  <nanos>758066</nanos>
  <sequence>4</sequence>
  <logger>global</logger>
  <level>INFO</level>
  <class>dev.asjordi.weather.WeatherDataProcessor</class>
  <method>&lt;init&gt;</method>
  <thread>30</thread>
  <message>WeatherDataProcessor initialized</message>
</record>
<record>
  <date>2026-09-15T09:00:57.271243262Z</date>
  <millis>1789462857271</millis>
  <nanos>243262</nanos>
  <sequence>5</sequence>
  <logger>global</logger>
  <level>INFO</level>
  <class>dev.asjordi.weather.WeatherDataProcessor</class>
  <method>processData</method>
  <thread>30</thread>
  <message>Starting data processing</message>
</record>
<record>
  <date>2026-09-15T09:00:57.271632527Z</date>
  <millis>1789462857271</millis>
  <nanos>632527</nanos>
  <sequence>6</sequence>
  <logger>global</logger>
  <level>INFO</level>
  <class>dev.asjordi.request.RequestManager</class>
  <method>makeRequest</method>
  <thread>30</thread>
  <message>Starting HTTP request to OpenWeather API</message>
</record>
<record>
  <date>2026-09-15T09:00:57.437787100Z</date>
  <millis>1789462857437</millis>
  <nanos>787100</nanos>
  <sequence>7</sequence>
  <logger>global</logger>
  <level>INFO</level>
  <class>dev.asjordi.request.RequestManager</class>
  <method>makeRequest</method>
  <thread>30</thread>
  <message>HTTP request build successfully</message>
</record>
<record>
  <date>2026-09-15T09:00:57.648997384Z</date>
  <millis>1789462857648</millis>
  <nanos>997384</nanos>
  <sequence>8</sequence>
  <logger>global</logger>
  <level>INFO</level>
  <class>dev.asjordi.request.RequestManager</class>
  <method>makeRequest</method>
  <thread>30</thread>
  <message>HTTP client built successfully</message>
</record>
<record>
  <date>2026-09-15T09:00:58.142386693Z</date>
  <millis>1789462858142</millis>
  <nanos>386693</nanos>
  <sequence>9</sequence>
  <logger>global</logger>
  <level>INFO</level>
  <class>dev.asjordi.request.RequestManager</class>
  <method>makeRequest</method>
  <thread>30</thread>
  <message>HTTP request sent successfully</message>
</record>
<record>
  <date>2026-09-15T09:00:58.144451492Z</date>
  <millis>1789462858144</millis>
  <nanos>451492</nanos>
  <sequence>10</sequence>
  <logger>global</logger>
  <level>INFO</level>
  <class>dev.asjordi.weather.DataMapper</class>
  <method>mapDataToObject</method>
  <thread>30</thread>
  <message>Mapping data to WeatherApiResponse object</message>
</record>
<record>
  <date>2026-09-15T09:00:58.182170167Z</date>
  <millis>1789462858182</millis>
  <nanos>170167</nanos>
  <sequence>11</sequence>
  <logger>global</logger>
  <level>INFO</level>
  <class>dev.asjordi.weather.DataMapper</class>
  <method>mapDataToObject</method>
  <thread>30</thread>
  <message>Data mapped to WeatherApiResponse object successfully</message>
</record>
<record>
  <date>2026-09-15T09:00:58.182544019Z</date>
  <millis>1789462858182</millis>
  <nanos>544019</nanos>
  <sequence>12</sequence>
  <logger>global</logger>
  <level>INFO</level>
  <class>dev.asjordi.weather.WeatherDataProcessor</class>
  <method>processData</method>
  <thread>30</thread>
  <message>Data processed successfully</message>
</record>
<record>
  <date>2026-09-15T09:00:58.182883310Z</date>
  <millis>1789462858182</millis>
  <nanos>883310</nanos>
  <sequence>13</sequence>
  <logger>global</logger>
  <level>INFO</level>
  <class>dev.asjordi.weather.WeatherDataProcessor</class>
  <method>generateReport</method>
  <thread>30</thread>
  <message>Generating weather report</message>
</record>
<record>
  <date>2026-09-15T09:00:58.346916731Z</date>
  <millis>1789462858346</millis>
  <nanos>916731</nanos>
  <sequence>14</sequence>
  <logger>global</logger>
  <level>INFO</level>
  <class>dev.asjordi.weather.WeatherDataProcessor</class>
  <method>generateReport</method>
  <thread>30</thread>
  <message>Weather report generated successfully</message>
</record>
<record>
  <date>2026-09-15T09:00:58.394833256Z</date>
  <millis>1789462858394</millis>
  <nanos>833256</nanos>
  <sequence>15</sequence>
  <logger>global</logger>
  <level>INFO</level>
  <class>dev.asjordi.bot.WeatherBot</class>
  <method>&lt;init&gt;</method>
  <thread>30</thread>
  <message>WeatherBot initialized</message>
</record>
<record>
  <date>2026-09-15T09:00:58.395465900Z</date>
  <millis>1789462858395</millis>
  <nanos>465900</nanos>
  <sequence>16</sequence>
  <logger>global</logger>
  <level>INFO</level>
  <class>dev.asjordi.bot.BotService</class>
  <method>&lt;init&gt;</method>
  <thread>30</thread>
  <message>BotService initialized</message>
</record>
<record>
  <date>2026-09-15T09:00:58.395885280Z</date>
  <millis>1789462858395</millis>
  <nanos>885280</nanos>
  <sequence>17</sequence>
  <logger>global</logger>
  <level>INFO</level>
  <class>dev.asjordi.bot.BotService</class>
  <method>sendWeatherReport</method>
  <thread>30</thread>
  <message>Sending weather report</message>
</record>
<record>
  <date>2026-09-15T09:01:00.239658653Z</date>
  <millis>1789462860239</millis>
  <nanos>658653</nanos>
  <sequence>18</sequence>
  <logger>global</logger>
  <level>INFO</level>
  <class>dev.asjordi.bot.BotService</class>
  <method>sendWeatherReport</method>
  <thread>30</thread>
  <message>Weather report sent successfully</message>
</record>
</log>
<?xml version="1.0" encoding="UTF-8" standalone="no"?>
<!DOCTYPE log SYSTEM "logger.dtd">
<log>
<record>
  <date>2026-09-15T15:48:09.016927767Z</date>
  <millis>1789487289016</millis>
  <nanos>927767</nanos>
  <sequence>0</sequence>
  <logger>global</logger>
  <level>INFO</level>
  <class>dev.asjordi.Main</class>
  <method>main</method>
  <thread>30</thread>
  <message>Starting application</message>
</record>
<record>
  <date>2026-09-15T15:48:09.023071557Z</date>
  <millis>1789487289023</millis>
  <nanos>71557</nanos>
  <sequence>1</sequence>
  <logger>global</logger>
  <level>INFO</level>
  <class>dev.asjordi.request.RequestManager</class>
  <method>buildURL</method>
  <thread>30</thread>
  <message>Building URL for OpenWeather API request</message>
</record>
<record>
  <date>2026-09-15T15:48:09.023536038Z</date>
  <millis>1789487289023</millis>
  <nanos>536038</nanos>
  <sequence>2</sequence>
  <logger>global</logger>
  <level>INFO</level>
  <class>dev.asjordi.request.RequestManager</class>
  <method>buildURL</method>
  <thread>30</thread>
  <message>URL built successfully</message>
</record>
<record>
  <date>2026-09-15T15:48:09.124683912Z</date>
  <millis>1789487289124</millis>
  <nanos>683912</nanos>
  <sequence>3</sequence>
  <logger>global</logger>
  <level>INFO</level>
  <class>dev.asjordi.weather.DataMapper</class>
  <method>&lt;init&gt;</method>
  <thread>30</thread>
  <message>DataMapper initialized</message>
</record>
<record>
  <date>2026-09-15T15:48:09.125413054Z</date>
  <millis>1789487289125</millis>
  <nanos>413054</nanos>
  <sequence>4</sequence>
  <logger>global</logger>
  <level>INFO</level>
  <class>dev.asjordi.weather.WeatherDataProcessor</class>
  <method>&lt;init&gt;</method>
  <thread>30</thread>
  <message>WeatherDataProcessor initialized</message>
</record>
<record>
  <date>2026-09-15T15:48:09.125971247Z</date>
  <millis>1789487289125</millis>
  <nanos>971247</nanos>
  <sequence>5</sequence>
  <logger>global</logger>
  <level>INFO</level>
  <class>dev.asjordi.weather.WeatherDataProcessor</class>
  <method>processData</method>
  <thread>30</thread>
  <message>Starting data processing</message>
</record>
<record>
  <date>2026-09-15T15:48:09.126444642Z</date>
  <millis>1789487289126</millis>
  <nanos>444642</nanos>
  <sequence>6</sequence>
  <logger>global</logger>
  <level>INFO</level>
  <class>dev.asjordi.request.RequestManager</class>
  <method>makeRequest</method>
  <thread>30</thread>
  <message>Starting HTTP request to OpenWeather API</message>
</record>
<record>
  <date>2026-09-15T15:48:09.207402717Z</date>
  <millis>1789487289207</millis>
  <nanos>402717</nanos>
  <sequence>7</sequence>
  <logger>global</logger>
  <level>INFO</level>
  <class>dev.asjordi.request.RequestManager</class>
  <method>makeRequest</method>
  <thread>30</thread>
  <message>HTTP request build successfully</message>
</record>
<record>
  <date>2026-09-15T15:48:09.255719412Z</date>
  <millis>1789487289255</millis>
  <nanos>719412</nanos>
  <sequence>8</sequence>
  <logger>global</logger>
  <level>INFO</level>
  <class>dev.asjordi.request.RequestManager</class>
  <method>makeRequest</method>
  <thread>30</thread>
  <message>HTTP client built successfully</message>
</record>
<record>
  <date>2026-09-15T15:48:09.536504980Z</date>
  <millis>1789487289536</millis>
  <nanos>504980</nanos>
  <sequence>9</sequence>
  <logger>global</logger>
  <level>INFO</level>
  <class>dev.asjordi.request.RequestManager</class>
  <method>makeRequest</method>
  <thread>30</thread>
  <message>HTTP request sent successfully</message>
</record>
<record>
  <date>2026-09-15T15:48:09.538697572Z</date>
  <millis>1789487289538</millis>
  <nanos>697572</nanos>
  <sequence>10</sequence>
  <logger>global</logger>
  <level>INFO</level>
  <class>dev.asjordi.weather.DataMapper</class>
  <method>mapDataToObject</method>
  <thread>30</thread>
  <message>Mapping data to WeatherApiResponse object</message>
</record>
<record>
  <date>2026-09-15T15:48:09.573139613Z</date>
  <millis>1789487289573</millis>
  <nanos>139613</nanos>
  <sequence>11</sequence>
  <logger>global</logger>
  <level>INFO</level>
  <class>dev.asjordi.weather.DataMapper</class>
  <method>mapDataToObject</method>
  <thread>30</thread>
  <message>Data mapped to WeatherApiResponse object successfully</message>
</record>
<record>
  <date>2026-09-15T15:48:09.573504331Z</date>
  <millis>1789487289573</millis>
  <nanos>504331</nanos>
  <sequence>12</sequence>
  <logger>global</logger>
  <level>INFO</level>
  <class>dev.asjordi.weather.WeatherDataProcessor</class>
  <method>processData</method>
  <thread>30</thread>
  <message>Data processed successfully</message>
</record>
<record>
  <date>2026-09-15T15:48:09.573853275Z</date>
  <millis>1789487289573</millis>
  <nanos>853275</nanos>
  <sequence>13</sequence>
  <logger>global</logger>
  <level>INFO</level>
  <class>dev.asjordi.weather.WeatherDataProcessor</class>
  <method>generateReport</method>
  <thread>30</thread>
  <message>Generating weather report</message>
</record>
<record>
  <date>2026-09-15T15:48:09.575900447Z</date>
  <millis>1789487289575</millis>
  <nanos>900447</nanos>
  <sequence>14</sequence>
  <logger>global</logger>
  <level>INFO</level>
  <class>dev.asjordi.weather.WeatherDataProcessor</class>
  <method>generateReport</method>
  <thread>30</thread>
  <message>Weather report generated successfully</message>
</record>
<record>
  <date>2026-09-15T15:48:09.623404543Z</date>
  <millis>1789487289623</millis>
  <nanos>404543</nanos>
  <sequence>15</sequence>
  <logger>global</logger>
  <level>INFO</level>
  <class>dev.asjordi.bot.WeatherBot</class>
  <method>&lt;init&gt;</method>
  <thread>30</thread>
  <message>WeatherBot initialized</message>
</record>
<record>
  <date>2026-09-15T15:48:09.623898431Z</date>
  <millis>1789487289623</millis>
  <nanos>898431</nanos>
  <sequence>16</sequence>
  <logger>global</logger>
  <level>INFO</level>
  <class>dev.asjordi.bot.BotService</class>
  <method>&lt;init&gt;</method>
  <thread>30</thread>
  <message>BotService initialized</message>
</record>
<record>
  <date>2026-09-15T15:48:09.624231222Z</date>
  <millis>1789487289624</millis>
  <nanos>231222</nanos>
  <sequence>17</sequence>
  <logger>global</logger>
  <level>INFO</level>
  <class>dev.asjordi.bot.BotService</class>
  <method>sendWeatherReport</method>
  <thread>30</thread>
  <message>Sending weather report</message>
</record>
<record>
  <date>2026-09-15T15:48:11.147993721Z</date>
  <millis>1789487291147</millis>
  <nanos>993721</nanos>
  <sequence>18</sequence>
  <logger>global</logger>
  <level>INFO</level>
  <class>dev.asjordi.bot.BotService</class>
  <method>sendWeatherReport</method>
  <thread>30</thread>
  <message>Weather report sent successfully</message>
</record>
</log>
<?xml version="1.0" encoding="UTF-8" standalone="no"?>
<!DOCTYPE log SYSTEM "logger.dtd">
<log>
<record>
  <date>2026-09-15T19:19:29.846099464Z</date>
  <millis>1789499969846</millis>
  <nanos>99464</nanos>
  <sequence>0</sequence>
  <logger>global</logger>
  <level>INFO</level>
  <class>dev.asjordi.Main</class>
  <method>main</method>
  <thread>30</thread>
  <message>Starting application</message>
</record>
<record>
  <date>2026-09-15T19:19:29.855652884Z</date>
  <millis>1789499969855</millis>
  <nanos>652884</nanos>
  <sequence>1</sequence>
  <logger>global</logger>
  <level>INFO</level>
  <class>dev.asjordi.request.RequestManager</class>
  <method>buildURL</method>
  <thread>30</thread>
  <message>Building URL for OpenWeather API request</message>
</record>
<record>
  <date>2026-09-15T19:19:29.856274411Z</date>
  <millis>1789499969856</millis>
  <nanos>274411</nanos>
  <sequence>2</sequence>
  <logger>global</logger>
  <level>INFO</level>
  <class>dev.asjordi.request.RequestManager</class>
  <method>buildURL</method>
  <thread>30</thread>
  <message>URL built successfully</message>
</record>
<record>
  <date>2026-09-15T19:19:29.987471444Z</date>
  <millis>1789499969987</millis>
  <nanos>471444</nanos>
  <sequence>3</sequence>
  <logger>global</logger>
  <level>INFO</level>
  <class>dev.asjordi.weather.DataMapper</class>
  <method>&lt;init&gt;</method>
  <thread>30</thread>
  <message>DataMapper initialized</message>
</record>
<record>
  <date>2026-09-15T19:19:29.988314954Z</date>
  <millis>1789499969988</millis>
  <nanos>314954</nanos>
  <sequence>4</sequence>
  <logger>global</logger>
  <level>INFO</level>
  <class>dev.asjordi.weather.WeatherDataProcessor</class>
  <method>&lt;init&gt;</method>
  <thread>30</thread>
  <message>WeatherDataProcessor initialized</message>
</record>
<record>
  <date>2026-09-15T19:19:29.988929458Z</date>
  <millis>1789499969988</millis>
  <nanos>929458</nanos>
  <sequence>5</sequence>
  <logger>global</logger>
  <level>INFO</level>
  <class>dev.asjordi.weather.WeatherDataProcessor</class>
  <method>processData</method>
  <thread>30</thread>
  <message>Starting data processing</message>
</record>
<record>
  <date>2026-09-15T19:19:29.989550223Z</date>
  <millis>1789499969989</millis>
  <nanos>550223</nanos>
  <sequence>6</sequence>
  <logger>global</logger>
  <level>INFO</level>
  <class>dev.asjordi.request.RequestManager</class>
  <method>makeRequest</method>
  <thread>30</thread>
  <message>Starting HTTP request to OpenWeather API</message>
</record>
<record>
  <date>2026-09-15T19:19:30.013971955Z</date>
  <millis>1789499970013</millis>
  <nanos>971955</nanos>
  <sequence>7</sequence>
  <logger>global</logger>
  <level>INFO</level>
  <class>dev.asjordi.request.RequestManager</class>
  <method>makeRequest</method>
  <thread>30</thread>
  <message>HTTP request build successfully</message>
</record>
<record>
  <date>2026-09-15T19:19:30.077305688Z</date>
  <millis>1789499970077</millis>
  <nanos>305688</nanos>
  <sequence>8</sequence>
  <logger>global</logger>
  <level>INFO</level>
  <class>dev.asjordi.request.RequestManager</class>
  <method>makeRequest</method>
  <thread>30</thread>
  <message>HTTP client built successfully</message>
</record>
<record>
  <date>2026-09-15T19:19:30.238568518Z</date>
  <millis>1789499970238</millis>
  <nanos>568518</nanos>
  <sequence>9</sequence>
  <logger>global</logger>
  <level>INFO</level>
  <class>dev.asjordi.request.RequestManager</class>
  <method>makeRequest</method>
  <thread>30</thread>
  <message>HTTP request sent successfully</message>
</record>
<record>
  <date>2026-09-15T19:19:30.240983041Z</date>
  <millis>1789499970240</millis>
  <nanos>983041</nanos>
  <sequence>10</sequence>
  <logger>global</logger>
  <level>INFO</level>
  <class>dev.asjordi.weather.DataMapper</class>
  <method>mapDataToObject</method>
  <thread>30</thread>
  <message>Mapping data to WeatherApiResponse object</message>
</record>
<record>
  <date>2026-09-15T19:19:30.292269873Z</date>
  <millis>1789499970292</millis>
  <nanos>269873</nanos>
  <sequence>11</sequence>
  <logger>global</logger>
  <level>INFO</level>
  <class>dev.asjordi.weather.DataMapper</class>
  <method>mapDataToObject</method>
  <thread>30</thread>
  <message>Data mapped to WeatherApiResponse object successfully</message>
</record>
<record>
  <date>2026-09-15T19:19:30.292876773Z</date>
  <millis>1789499970292</millis>
  <nanos>876773</nanos>
  <sequence>12</sequence>
  <logger>global</logger>
  <level>INFO</level>
  <class>dev.asjordi.weather.WeatherDataProcessor</class>
  <method>processData</method>
  <thread>30</thread>
  <message>Data processed successfully</message>
</record>
<record>
  <date>2026-09-15T19:19:30.293347078Z</date>
  <millis>1789499970293</millis>
  <nanos>347078</nanos>
  <sequence>13</sequence>
  <logger>global</logger>
  <level>INFO</level>
  <class>dev.asjordi.weather.WeatherDataProcessor</class>
  <method>generateReport</method>
  <thread>30</thread>
  <message>Generating weather report</message>
</record>
<record>
  <date>2026-09-15T19:19:30.296220616Z</date>
  <millis>1789499970296</millis>
  <nanos>220616</nanos>
  <sequence>14</sequence>
  <logger>global</logger>
  <level>INFO</level>
  <class>dev.asjordi.weather.WeatherDataProcessor</class>
  <method>generateReport</method>
  <thread>30</thread>
  <message>Weather report generated successfully</message>
</record>
<record>
  <date>2026-09-15T19:19:30.353554011Z</date>
  <millis>1789499970353</millis>
  <nanos>554011</nanos>
  <sequence>15</sequence>
  <logger>global</logger>
  <level>INFO</level>
  <class>dev.asjordi.bot.WeatherBot</class>
  <method>&lt;init&gt;</method>
  <thread>30</thread>
  <message>WeatherBot initialized</message>
</record>
<record>
  <date>2026-09-15T19:19:30.354257010Z</date>
  <millis>1789499970354</millis>
  <nanos>257010</nanos>
  <sequence>16</sequence>
  <logger>global</logger>
  <level>INFO</level>
  <class>dev.asjordi.bot.BotService</class>
  <method>&lt;init&gt;</method>
  <thread>30</thread>
  <message>BotService initialized</message>
</record>
<record>
  <date>2026-09-15T19:19:30.354804428Z</date>
  <millis>1789499970354</millis>
  <nanos>804428</nanos>
  <sequence>17</sequence>
  <logger>global</logger>
  <level>INFO</level>
  <class>dev.asjordi.bot.BotService</class>
  <method>sendWeatherReport</method>
  <thread>30</thread>
  <message>Sending weather report</message>
</record>
<record>
  <date>2026-09-15T19:19:31.536322214Z</date>
  <millis>1789499971536</millis>
  <nanos>322214</nanos>
  <sequence>18</sequence>
  <logger>global</logger>
  <level>INFO</level>
  <class>dev.asjordi.bot.BotService</class>
  <method>sendWeatherReport</method>
  <thread>30</thread>
  <message>Weather report sent successfully</message>
</record>
</log>
<?xml version="1.0" encoding="UTF-8" standalone="no"?>
<!DOCTYPE log SYSTEM "logger.dtd">
<log>
<record>
  <date>2026-09-15T22:30:05.174061280Z</date>
  <millis>1789511405174</millis>
  <nanos>61280</nanos>
  <sequence>0</sequence>
  <logger>global</logger>
  <level>INFO</level>
  <class>dev.asjordi.Main</class>
  <method>main</method>
  <thread>29</thread>
  <message>Starting application</message>
</record>
<record>
  <date>2026-09-15T22:30:05.185407882Z</date>
  <millis>1789511405185</millis>
  <nanos>407882</nanos>
  <sequence>1</sequence>
  <logger>global</logger>
  <level>INFO</level>
  <class>dev.asjordi.request.RequestManager</class>
  <method>buildURL</method>
  <thread>29</thread>
  <message>Building URL for OpenWeather API request</message>
</record>
<record>
  <date>2026-09-15T22:30:05.186114677Z</date>
  <millis>1789511405186</millis>
  <nanos>114677</nanos>
  <sequence>2</sequence>
  <logger>global</logger>
  <level>INFO</level>
  <class>dev.asjordi.request.RequestManager</class>
  <method>buildURL</method>
  <thread>29</thread>
  <message>URL built successfully</message>
</record>
<record>
  <date>2026-09-15T22:30:05.326168544Z</date>
  <millis>1789511405326</millis>
  <nanos>168544</nanos>
  <sequence>3</sequence>
  <logger>global</logger>
  <level>INFO</level>
  <class>dev.asjordi.weather.DataMapper</class>
  <method>&lt;init&gt;</method>
  <thread>29</thread>
  <message>DataMapper initialized</message>
</record>
<record>
  <date>2026-09-15T22:30:05.327239247Z</date>
  <millis>1789511405327</millis>
  <nanos>239247</nanos>
  <sequence>4</sequence>
  <logger>global</logger>
  <level>INFO</level>
  <class>dev.asjordi.weather.WeatherDataProcessor</class>
  <method>&lt;init&gt;</method>
  <thread>29</thread>
  <message>WeatherDataProcessor initialized</message>
</record>
<record>
  <date>2026-09-15T22:30:05.327928039Z</date>
  <millis>1789511405327</millis>
  <nanos>928039</nanos>
  <sequence>5</sequence>
  <logger>global</logger>
  <level>INFO</level>
  <class>dev.asjordi.weather.WeatherDataProcessor</class>
  <method>processData</method>
  <thread>29</thread>
  <message>Starting data processing</message>
</record>
<record>
  <date>2026-09-15T22:30:05.328604068Z</date>
  <millis>1789511405328</millis>
  <nanos>604068</nanos>
  <sequence>6</sequence>
  <logger>global</logger>
  <level>INFO</level>
  <class>dev.asjordi.request.RequestManager</class>
  <method>makeRequest</method>
  <thread>29</thread>
  <message>Starting HTTP request to OpenWeather API</message>
</record>
<record>
  <date>2026-09-15T22:30:05.352595457Z</date>
  <millis>1789511405352</millis>
  <nanos>595457</nanos>
  <sequence>7</sequence>
  <logger>global</logger>
  <level>INFO</level>
  <class>dev.asjordi.request.RequestManager</class>
  <method>makeRequest</method>
  <thread>29</thread>
  <message>HTTP request build successfully</message>
</record>
<record>
  <date>2026-09-15T22:30:05.413382710Z</date>
  <millis>1789511405413</millis>
  <nanos>382710</nanos>
  <sequence>8</sequence>
  <logger>global</logger>
  <level>INFO</level>
  <class>dev.asjordi.request.RequestManager</class>
  <method>makeRequest</method>
  <thread>29</thread>
  <message>HTTP client built successfully</message>
</record>
<record>
  <date>2026-09-15T22:30:05.604333789Z</date>
  <millis>1789511405604</millis>
  <nanos>333789</nanos>
  <sequence>9</sequence>
  <logger>global</logger>
  <level>INFO</level>
  <class>dev.asjordi.request.RequestManager</class>
  <method>makeRequest</method>
  <thread>29</thread>
  <message>HTTP request sent successfully</message>
</record>
<record>
  <date>2026-09-15T22:30:05.607068981Z</date>
  <millis>1789511405607</millis>
  <nanos>68981</nanos>
  <sequence>10</sequence>
  <logger>global</logger>
  <level>INFO</level>
  <class>dev.asjordi.weather.DataMapper</class>
  <method>mapDataToObject</method>
  <thread>29</thread>
  <message>Mapping data to WeatherApiResponse object</message>
</record>
<record>
  <date>2026-09-15T22:30:05.659021618Z</date>
  <millis>1789511405659</millis>
  <nanos>21618</nanos>
  <sequence>11</sequence>
  <logger>global</logger>
  <level>INFO</level>
  <class>dev.asjordi.weather.DataMapper</class>
  <method>mapDataToObject</method>
  <thread>29</thread>
  <message>Data mapped to WeatherApiResponse object successfully</message>
</record>
<record>
  <date>2026-09-15T22:30:05.659587061Z</date>
  <millis>1789511405659</millis>
  <nanos>587061</nanos>
  <sequence>12</sequence>
  <logger>global</logger>
  <level>INFO</level>
  <class>dev.asjordi.weather.WeatherDataProcessor</class>
  <method>processData</method>
  <thread>29</thread>
  <message>Data processed successfully</message>
</record>
<record>
  <date>2026-09-15T22:30:05.660140692Z</date>
  <millis>1789511405660</millis>
  <nanos>140692</nanos>
  <sequence>13</sequence>
  <logger>global</logger>
  <level>INFO</level>
  <class>dev.asjordi.weather.WeatherDataProcessor</class>
  <method>generateReport</method>
  <thread>29</thread>
  <message>Generating weather report</message>
</record>
<record>
  <date>2026-09-15T22:30:05.662896662Z</date>
  <millis>1789511405662</millis>
  <nanos>896662</nanos>
  <sequence>14</sequence>
  <logger>global</logger>
  <level>INFO</level>
  <class>dev.asjordi.weather.WeatherDataProcessor</class>
  <method>generateReport</method>
  <thread>29</thread>
  <message>Weather report generated successfully</message>
</record>
<record>
  <date>2026-09-15T22:30:05.723184527Z</date>
  <millis>1789511405723</millis>
  <nanos>184527</nanos>
  <sequence>15</sequence>
  <logger>global</logger>
  <level>INFO</level>
  <class>dev.asjordi.bot.WeatherBot</class>
  <method>&lt;init&gt;</method>
  <thread>29</thread>
  <message>WeatherBot initialized</message>
</record>
<record>
  <date>2026-09-15T22:30:05.724001358Z</date>
  <millis>1789511405724</millis>
  <nanos>1358</nanos>
  <sequence>16</sequence>
  <logger>global</logger>
  <level>INFO</level>
  <class>dev.asjordi.bot.BotService</class>
  <method>&lt;init&gt;</method>
  <thread>29</thread>
  <message>BotService initialized</message>
</record>
<record>
  <date>2026-09-15T22:30:05.724534731Z</date>
  <millis>1789511405724</millis>
  <nanos>534731</nanos>
  <sequence>17</sequence>
  <logger>global</logger>
  <level>INFO</level>
  <class>dev.asjordi.bot.BotService</class>
  <method>sendWeatherReport</method>
  <thread>29</thread>
  <message>Sending weather report</message>
</record>
<record>
  <date>2026-09-15T22:30:07.368621069Z</date>
  <millis>1789511407368</millis>
  <nanos>621069</nanos>
  <sequence>18</sequence>
  <logger>global</logger>
  <level>INFO</level>
  <class>dev.asjordi.bot.BotService</class>
  <method>sendWeatherReport</method>
  <thread>29</thread>
  <message>Weather report sent successfully</message>
</record>
</log>
<?xml version="1.0" encoding="UTF-8" standalone="no"?>
<!DOCTYPE log SYSTEM "logger.dtd">
<log>
<record>
  <date>2026-09-16T01:59:48.887899523Z</date>
  <millis>1789523988887</millis>
  <nanos>899523</nanos>
  <sequence>0</sequence>
  <logger>global</logger>
  <level>INFO</level>
  <class>dev.asjordi.Main</class>
  <method>main</method>
  <thread>30</thread>
  <message>Starting application</message>
</record>
<record>
  <date>2026-09-16T01:59:48.896423692Z</date>
  <millis>1789523988896</millis>
  <nanos>423692</nanos>
  <sequence>1</sequence>
  <logger>global</logger>
  <level>INFO</level>
  <class>dev.asjordi.request.RequestManager</class>
  <method>buildURL</method>
  <thread>30</thread>
  <message>Building URL for OpenWeather API request</message>
</record>
<record>
  <date>2026-09-16T01:59:48.897000215Z</date>
  <millis>1789523988897</millis>
  <nanos>215</nanos>
  <sequence>2</sequence>
  <logger>global</logger>
  <level>INFO</level>
  <class>dev.asjordi.request.RequestManager</class>
  <method>buildURL</method>
  <thread>30</thread>
  <message>URL built successfully</message>
</record>
<record>
  <date>2026-09-16T01:59:49.017070430Z</date>
  <millis>1789523989017</millis>
  <nanos>70430</nanos>
  <sequence>3</sequence>
  <logger>global</logger>
  <level>INFO</level>
  <class>dev.asjordi.weather.DataMapper</class>
  <method>&lt;init&gt;</method>
  <thread>30</thread>
  <message>DataMapper initialized</message>
</record>
<record>
  <date>2026-09-16T01:59:49.017717198Z</date>
  <millis>1789523989017</millis>
  <nanos>717198</nanos>
  <sequence>4</sequence>
  <logger>global</logger>
  <level>INFO</level>
  <class>dev.asjordi.weather.WeatherDataProcessor</class>
  <method>&lt;init&gt;</method>
  <thread>30</thread>
  <message>WeatherDataProcessor initialized</message>
</record>
<record>
  <date>2026-09-16T01:59:49.018266171Z</date>
  <millis>1789523989018</millis>
  <nanos>266171</nanos>
  <sequence>5</sequence>
  <logger>global</logger>
  <level>INFO</level>
  <class>dev.asjordi.weather.WeatherDataProcessor</class>
  <method>processData</method>
  <thread>30</thread>
  <message>Starting data processing</message>
</record>
<record>
  <date>2026-09-16T01:59:49.018716781Z</date>
  <millis>1789523989018</millis>
  <nanos>716781</nanos>
  <sequence>6</sequence>
  <logger>global</logger>
  <level>INFO</level>
  <class>dev.asjordi.request.RequestManager</class>
  <method>makeRequest</method>
  <thread>30</thread>
  <message>Starting HTTP request to OpenWeather API</message>
</record>
<record>
  <date>2026-09-16T01:59:49.046771632Z</date>
  <millis>1789523989046</millis>
  <nanos>771632</nanos>
  <sequence>7</sequence>
  <logger>global</logger>
  <level>INFO</level>
  <class>dev.asjordi.request.RequestManager</class>
  <method>makeRequest</method>
  <thread>30</thread>
  <message>HTTP request build successfully</message>
</record>
<record>
  <date>2026-09-16T01:59:49.138287367Z</date>
  <millis>1789523989138</millis>
  <nanos>287367</nanos>
  <sequence>8</sequence>
  <logger>global</logger>
  <level>INFO</level>
  <class>dev.asjordi.request.RequestManager</class>
  <method>makeRequest</method>
  <thread>30</thread>
  <message>HTTP client built successfully</message>
</record>
<record>
  <date>2026-09-16T01:59:49.481681730Z</date>
  <millis>1789523989481</millis>
  <nanos>681730</nanos>
  <sequence>9</sequence>
  <logger>global</logger>
  <level>INFO</level>
  <class>dev.asjordi.request.RequestManager</class>
  <method>makeRequest</method>
  <thread>30</thread>
  <message>HTTP request sent successfully</message>
</record>
<record>
  <date>2026-09-16T01:59:49.484669687Z</date>
  <millis>1789523989484</millis>
  <nanos>669687</nanos>
  <sequence>10</sequence>
  <logger>global</logger>
  <level>INFO</level>
  <class>dev.asjordi.weather.DataMapper</class>
  <method>mapDataToObject</method>
  <thread>30</thread>
  <message>Mapping data to WeatherApiResponse object</message>
</record>
<record>
  <date>2026-09-16T01:59:49.526280304Z</date>
  <millis>1789523989526</millis>
  <nanos>280304</nanos>
  <sequence>11</sequence>
  <logger>global</logger>
  <level>INFO</level>
  <class>dev.asjordi.weather.DataMapper</class>
  <method>mapDataToObject</method>
  <thread>30</thread>
  <message>Data mapped to WeatherApiResponse object successfully</message>
</record>
<record>
  <date>2026-09-16T01:59:49.526582516Z</date>
  <millis>1789523989526</millis>
  <nanos>582516</nanos>
  <sequence>12</sequence>
  <logger>global</logger>
  <level>INFO</level>
  <class>dev.asjordi.weather.WeatherDataProcessor</class>
  <method>processData</method>
  <thread>30</thread>
  <message>Data processed successfully</message>
</record>
<record>
  <date>2026-09-16T01:59:49.526963182Z</date>
  <millis>1789523989526</millis>
  <nanos>963182</nanos>
  <sequence>13</sequence>
  <logger>global</logger>
  <level>INFO</level>
  <class>dev.asjordi.weather.WeatherDataProcessor</class>
  <method>generateReport</method>
  <thread>30</thread>
  <message>Generating weather report</message>
</record>
<record>
  <date>2026-09-16T01:59:49.529342836Z</date>
  <millis>1789523989529</millis>
  <nanos>342836</nanos>
  <sequence>14</sequence>
  <logger>global</logger>
  <level>INFO</level>
  <class>dev.asjordi.weather.WeatherDataProcessor</class>
  <method>generateReport</method>
  <thread>30</thread>
  <message>Weather report generated successfully</message>
</record>
<record>
  <date>2026-09-16T01:59:49.575941680Z</date>
  <millis>1789523989575</millis>
  <nanos>941680</nanos>
  <sequence>15</sequence>
  <logger>global</logger>
  <level>INFO</level>
  <class>dev.asjordi.bot.WeatherBot</class>
  <method>&lt;init&gt;</method>
  <thread>30</thread>
  <message>WeatherBot initialized</message>
</record>
<record>
  <date>2026-09-16T01:59:49.576433458Z</date>
  <millis>1789523989576</millis>
  <nanos>433458</nanos>
  <sequence>16</sequence>
  <logger>global</logger>
  <level>INFO</level>
  <class>dev.asjordi.bot.BotService</class>
  <method>&lt;init&gt;</method>
  <thread>30</thread>
  <message>BotService initialized</message>
</record>
<record>
  <date>2026-09-16T01:59:49.576870913Z</date>
  <millis>1789523989576</millis>
  <nanos>870913</nanos>
  <sequence>17</sequence>
  <logger>global</logger>
  <level>INFO</level>
  <class>dev.asjordi.bot.BotService</class>
  <method>sendWeatherReport</method>
  <thread>30</thread>
  <message>Sending weather report</message>
</record>
<record>
  <date>2026-09-16T01:59:51.287578193Z</date>
  <millis>1789523991287</millis>
  <nanos>578193</nanos>
  <sequence>18</sequence>
  <logger>global</logger>
  <level>INFO</level>
  <class>dev.asjordi.bot.BotService</class>
  <method>sendWeatherReport</method>
  <thread>30</thread>
  <message>Weather report sent successfully</message>
</record>
</log>
<?xml version="1.0" encoding="UTF-8" standalone="no"?>
<!DOCTYPE log SYSTEM "logger.dtd">
<log>
<record>
  <date>2026-09-16T08:53:27.823685256Z</date>
  <millis>1789548807823</millis>
  <nanos>685256</nanos>
  <sequence>0</sequence>
  <logger>global</logger>
  <level>INFO</level>
  <class>dev.asjordi.Main</class>
  <method>main</method>
  <thread>30</thread>
  <message>Starting application</message>
</record>
<record>
  <date>2026-09-16T08:53:27.833235819Z</date>
  <millis>1789548807833</millis>
  <nanos>235819</nanos>
  <sequence>1</sequence>
  <logger>global</logger>
  <level>INFO</level>
  <class>dev.asjordi.request.RequestManager</class>
  <method>buildURL</method>
  <thread>30</thread>
  <message>Building URL for OpenWeather API request</message>
</record>
<record>
  <date>2026-09-16T08:53:27.833760278Z</date>
  <millis>1789548807833</millis>
  <nanos>760278</nanos>
  <sequence>2</sequence>
  <logger>global</logger>
  <level>INFO</level>
  <class>dev.asjordi.request.RequestManager</class>
  <method>buildURL</method>
  <thread>30</thread>
  <message>URL built successfully</message>
</record>
<record>
  <date>2026-09-16T08:53:27.962801116Z</date>
  <millis>1789548807962</millis>
  <nanos>801116</nanos>
  <sequence>3</sequence>
  <logger>global</logger>
  <level>INFO</level>
  <class>dev.asjordi.weather.DataMapper</class>
  <method>&lt;init&gt;</method>
  <thread>30</thread>
  <message>DataMapper initialized</message>
</record>
<record>
  <date>2026-09-16T08:53:27.963571924Z</date>
  <millis>1789548807963</millis>
  <nanos>571924</nanos>
  <sequence>4</sequence>
  <logger>global</logger>
  <level>INFO</level>
  <class>dev.asjordi.weather.WeatherDataProcessor</class>
  <method>&lt;init&gt;</method>
  <thread>30</thread>
  <message>WeatherDataProcessor initialized</message>
</record>
<record>
  <date>2026-09-16T08:53:27.964188816Z</date>
  <millis>1789548807964</millis>
  <nanos>188816</nanos>
  <sequence>5</sequence>
  <logger>global</logger>
  <level>INFO</level>
  <class>dev.asjordi.weather.WeatherDataProcessor</class>
  <method>processData</method>
  <thread>30</thread>
  <message>Starting data processing</message>
</record>
<record>
  <date>2026-09-16T08:53:27.964803603Z</date>
  <millis>1789548807964</millis>
  <nanos>803603</nanos>
  <sequence>6</sequence>
  <logger>global</logger>
  <level>INFO</level>
  <class>dev.asjordi.request.RequestManager</class>
  <method>makeRequest</method>
  <thread>30</thread>
  <message>Starting HTTP request to OpenWeather API</message>
</record>
<record>
  <date>2026-09-16T08:53:27.991336969Z</date>
  <millis>1789548807991</millis>
  <nanos>336969</nanos>
  <sequence>7</sequence>
  <logger>global</logger>
  <level>INFO</level>
  <class>dev.asjordi.request.RequestManager</class>
  <method>makeRequest</method>
  <thread>30</thread>
  <message>HTTP request build successfully</message>
</record>
<record>
  <date>2026-09-16T08:53:28.055324332Z</date>
  <millis>1789548808055</millis>
  <nanos>324332</nanos>
  <sequence>8</sequence>
  <logger>global</logger>
  <level>INFO</level>
  <class>dev.asjordi.request.RequestManager</class>
  <method>makeRequest</method>
  <thread>30</thread>
  <message>HTTP client built successfully</message>
</record>
<record>
  <date>2026-09-16T08:53:28.486843268Z</date>
  <millis>1789548808486</millis>
  <nanos>843268</nanos>
  <sequence>9</sequence>
  <logger>global</logger>
  <level>INFO</level>
  <class>dev.asjordi.request.RequestManager</class>
  <method>makeRequest</method>
  <thread>30</thread>
  <message>HTTP request sent successfully</message>
</record>
<record>
  <date>2026-09-16T08:53:28.489184979Z</date>
  <millis>1789548808489</millis>
  <nanos>184979</nanos>
  <sequence>10</sequence>
  <logger>global</logger>
  <level>INFO</level>
  <class>dev.asjordi.weather.DataMapper</class>
  <method>mapDataToObject</method>
  <thread>30</thread>
  <message>Mapping data to WeatherApiResponse object</message>
</record>
<record>
  <date>2026-09-16T08:53:28.538229415Z</date>
  <millis>1789548808538</millis>
  <nanos>229415</nanos>
  <sequence>11</sequence>
  <logger>global</logger>
  <level>INFO</level>
  <class>dev.asjordi.weather.DataMapper</class>
  <method>mapDataToObject</method>
  <thread>30</thread>
  <message>Data mapped to WeatherApiResponse object successfully</message>
</record>
<record>
  <date>2026-09-16T08:53:28.538641654Z</date>
  <millis>1789548808538</millis>
  <nanos>641654</nanos>
  <sequence>12</sequence>
  <logger>global</logger>
  <level>INFO</level>
  <class>dev.asjordi.weather.WeatherDataProcessor</class>
  <method>processData</method>
  <thread>30</thread>
  <message>Data processed successfully</message>
</record>
<record>
  <date>2026-09-16T08:53:28.539151686Z</date>
  <millis>1789548808539</millis>
  <nanos>151686</nanos>
  <sequence>13</sequence>
  <logger>global</logger>
  <level>INFO</level>
  <class>dev.asjordi.weather.WeatherDataProcessor</class>
  <method>generateReport</method>
  <thread>30</thread>
  <message>Generating weather report</message>
</record>
<record>
  <date>2026-09-16T08:53:28.541711263Z</date>
  <millis>1789548808541</millis>
  <nanos>711263</nanos>
  <sequence>14</sequence>
  <logger>global</logger>
  <level>INFO</level>
  <class>dev.asjordi.weather.WeatherDataProcessor</class>
  <method>generateReport</method>
  <thread>30</thread>
  <message>Weather report generated successfully</message>
</record>
<record>
  <date>2026-09-16T08:53:28.599452459Z</date>
  <millis>1789548808599</millis>
  <nanos>452459</nanos>
  <sequence>15</sequence>
  <logger>global</logger>
  <level>INFO</level>
  <class>dev.asjordi.bot.WeatherBot</class>
  <method>&lt;init&gt;</method>
  <thread>30</thread>
  <message>WeatherBot initialized</message>
</record>
<record>
  <date>2026-09-16T08:53:28.599988960Z</date>
  <millis>1789548808599</millis>
  <nanos>988960</nanos>
  <sequence>16</sequence>
  <logger>global</logger>
  <level>INFO</level>
  <class>dev.asjordi.bot.BotService</class>
  <method>&lt;init&gt;</method>
  <thread>30</thread>
  <message>BotService initialized</message>
</record>
<record>
  <date>2026-09-16T08:53:28.600436566Z</date>
  <millis>1789548808600</millis>
  <nanos>436566</nanos>
  <sequence>17</sequence>
  <logger>global</logger>
  <level>INFO</level>
  <class>dev.asjordi.bot.BotService</class>
  <method>sendWeatherReport</method>
  <thread>30</thread>
  <message>Sending weather report</message>
</record>
<record>
  <date>2026-09-16T08:53:30.188938174Z</date>
  <millis>1789548810188</millis>
  <nanos>938174</nanos>
  <sequence>18</sequence>
  <logger>global</logger>
  <level>INFO</level>
  <class>dev.asjordi.bot.BotService</class>
  <method>sendWeatherReport</method>
  <thread>30</thread>
  <message>Weather report sent successfully</message>
</record>
</log>
<?xml version="1.0" encoding="UTF-8" standalone="no"?>
<!DOCTYPE log SYSTEM "logger.dtd">
<log>
<record>
  <date>2026-09-16T15:39:45.080291869Z</date>
  <millis>1789573185080</millis>
  <nanos>291869</nanos>
  <sequence>0</sequence>
  <logger>global</logger>
  <level>INFO</level>
  <class>dev.asjordi.Main</class>
  <method>main</method>
  <thread>30</thread>
  <message>Starting application</message>
</record>
<record>
  <date>2026-09-16T15:39:45.089813892Z</date>
  <millis>1789573185089</millis>
  <nanos>813892</nanos>
  <sequence>1</sequence>
  <logger>global</logger>
  <level>INFO</level>
  <class>dev.asjordi.request.RequestManager</class>
  <method>buildURL</method>
  <thread>30</thread>
  <message>Building URL for OpenWeather API request</message>
</record>
<record>
  <date>2026-09-16T15:39:45.090482649Z</date>
  <millis>1789573185090</millis>
  <nanos>482649</nanos>
  <sequence>2</sequence>
  <logger>global</logger>
  <level>INFO</level>
  <class>dev.asjordi.request.RequestManager</class>
  <method>buildURL</method>
  <thread>30</thread>
  <message>URL built successfully</message>
</record>
<record>
  <date>2026-09-16T15:39:45.222085246Z</date>
  <millis>1789573185222</millis>
  <nanos>85246</nanos>
  <sequence>3</sequence>
  <logger>global</logger>
  <level>INFO</level>
  <class>dev.asjordi.weather.DataMapper</class>
  <method>&lt;init&gt;</method>
  <thread>30</thread>
  <message>DataMapper initialized</message>
</record>
<record>
  <date>2026-09-16T15:39:45.222947196Z</date>
  <millis>1789573185222</millis>
  <nanos>947196</nanos>
  <sequence>4</sequence>
  <logger>global</logger>
  <level>INFO</level>
  <class>dev.asjordi.weather.WeatherDataProcessor</class>
  <method>&lt;init&gt;</method>
  <thread>30</thread>
  <message>WeatherDataProcessor initialized</message>
</record>
<record>
  <date>2026-09-16T15:39:45.223541364Z</date>
  <millis>1789573185223</millis>
  <nanos>541364</nanos>
  <sequence>5</sequence>
  <logger>global</logger>
  <level>INFO</level>
  <class>dev.asjordi.weather.WeatherDataProcessor</class>
  <method>processData</method>
  <thread>30</thread>
  <message>Starting data processing</message>
</record>
<record>
  <date>2026-09-16T15:39:45.224121474Z</date>
  <millis>1789573185224</millis>
  <nanos>121474</nanos>
  <sequence>6</sequence>
  <logger>global</logger>
  <level>INFO</level>
  <class>dev.asjordi.request.RequestManager</class>
  <method>makeRequest</method>
  <thread>30</thread>
  <message>Starting HTTP request to OpenWeather API</message>
</record>
<record>
  <date>2026-09-16T15:39:45.251158517Z</date>
  <millis>1789573185251</millis>
  <nanos>158517</nanos>
  <sequence>7</sequence>
  <logger>global</logger>
  <level>INFO</level>
  <class>dev.asjordi.request.RequestManager</class>
  <method>makeRequest</method>
  <thread>30</thread>
  <message>HTTP request build successfully</message>
</record>
<record>
  <date>2026-09-16T15:39:45.328646639Z</date>
  <millis>1789573185328</millis>
  <nanos>646639</nanos>
  <sequence>8</sequence>
  <logger>global</logger>
  <level>INFO</level>
  <class>dev.asjordi.request.RequestManager</class>
  <method>makeRequest</method>
  <thread>30</thread>
  <message>HTTP client built successfully</message>
</record>
<record>
  <date>2026-09-16T15:39:45.691702653Z</date>
  <millis>1789573185691</millis>
  <nanos>702653</nanos>
  <sequence>9</sequence>
  <logger>global</logger>
  <level>INFO</level>
  <class>dev.asjordi.request.RequestManager</class>
  <method>makeRequest</method>
  <thread>30</thread>
  <message>HTTP request sent successfully</message>
</record>
<record>
  <date>2026-09-16T15:39:45.694339280Z</date>
  <millis>1789573185694</millis>
  <nanos>339280</nanos>
  <sequence>10</sequence>
  <logger>global</logger>
  <level>INFO</level>
  <class>dev.asjordi.weather.DataMapper</class>
  <method>mapDataToObject</method>
  <thread>30</thread>
  <message>Mapping data to WeatherApiResponse object</message>
</record>
<record>
  <date>2026-09-16T15:39:45.745323106Z</date>
  <millis>1789573185745</millis>
  <nanos>323106</nanos>
  <sequence>11</sequence>
  <logger>global</logger>
  <level>INFO</level>
  <class>dev.asjordi.weather.DataMapper</class>
  <method>mapDataToObject</method>
  <thread>30</thread>
  <message>Data mapped to WeatherApiResponse object successfully</message>
</record>
<record>
  <date>2026-09-16T15:39:45.745832544Z</date>
  <millis>1789573185745</millis>
  <nanos>832544</nanos>
  <sequence>12</sequence>
  <logger>global</logger>
  <level>INFO</level>
  <class>dev.asjordi.weather.WeatherDataProcessor</class>
  <method>processData</method>
  <thread>30</thread>
  <message>Data processed successfully</message>
</record>
<record>
  <date>2026-09-16T15:39:45.746330751Z</date>
  <millis>1789573185746</millis>
  <nanos>330751</nanos>
  <sequence>13</sequence>
  <logger>global</logger>
  <level>INFO</level>
  <class>dev.asjordi.weather.WeatherDataProcessor</class>
  <method>generateReport</method>
  <thread>30</thread>
  <message>Generating weather report</message>
</record>
<record>
  <date>2026-09-16T15:39:45.748936009Z</date>
  <millis>1789573185748</millis>
  <nanos>936009</nanos>
  <sequence>14</sequence>
  <logger>global</logger>
  <level>INFO</level>
  <class>dev.asjordi.weather.WeatherDataProcessor</class>
  <method>generateReport</method>
  <thread>30</thread>
  <message>Weather report generated successfully</message>
</record>
<record>
  <date>2026-09-16T15:39:45.811040804Z</date>
  <millis>1789573185811</millis>
  <nanos>40804</nanos>
  <sequence>15</sequence>
  <logger>global</logger>
  <level>INFO</level>
  <class>dev.asjordi.bot.WeatherBot</class>
  <method>&lt;init&gt;</method>
  <thread>30</thread>
  <message>WeatherBot initialized</message>
</record>
<record>
  <date>2026-09-16T15:39:45.811838013Z</date>
  <millis>1789573185811</millis>
  <nanos>838013</nanos>
  <sequence>16</sequence>
  <logger>global</logger>
  <level>INFO</level>
  <class>dev.asjordi.bot.BotService</class>
  <method>&lt;init&gt;</method>
  <thread>30</thread>
  <message>BotService initialized</message>
</record>
<record>
  <date>2026-09-16T15:39:45.812335047Z</date>
  <millis>1789573185812</millis>
  <nanos>335047</nanos>
  <sequence>17</sequence>
  <logger>global</logger>
  <level>INFO</level>
  <class>dev.asjordi.bot.BotService</class>
  <method>sendWeatherReport</method>
  <thread>30</thread>
  <message>Sending weather report</message>
</record>
<record>
  <date>2026-09-16T15:39:47.173630428Z</date>
  <millis>1789573187173</millis>
  <nanos>630428</nanos>
  <sequence>18</sequence>
  <logger>global</logger>
  <level>INFO</level>
  <class>dev.asjordi.bot.BotService</class>
  <method>sendWeatherReport</method>
  <thread>30</thread>
  <message>Weather report sent successfully</message>
</record>
</log>
<?xml version="1.0" encoding="UTF-8" standalone="no"?>
<!DOCTYPE log SYSTEM "logger.dtd">
<log>
<record>
  <date>2026-09-16T19:10:13.404181407Z</date>
  <millis>1789585813404</millis>
  <nanos>181407</nanos>
  <sequence>0</sequence>
  <logger>global</logger>
  <level>INFO</level>
  <class>dev.asjordi.Main</class>
  <method>main</method>
  <thread>30</thread>
  <message>Starting application</message>
</record>
<record>
  <date>2026-09-16T19:10:13.414197517Z</date>
  <millis>1789585813414</millis>
  <nanos>197517</nanos>
  <sequence>1</sequence>
  <logger>global</logger>
  <level>INFO</level>
  <class>dev.asjordi.request.RequestManager</class>
  <method>buildURL</method>
  <thread>30</thread>
  <message>Building URL for OpenWeather API request</message>
</record>
<record>
  <date>2026-09-16T19:10:13.414898117Z</date>
  <millis>1789585813414</millis>
  <nanos>898117</nanos>
  <sequence>2</sequence>
  <logger>global</logger>
  <level>INFO</level>
  <class>dev.asjordi.request.RequestManager</class>
  <method>buildURL</method>
  <thread>30</thread>
  <message>URL built successfully</message>
</record>
<record>
  <date>2026-09-16T19:10:13.549305053Z</date>
  <millis>1789585813549</millis>
  <nanos>305053</nanos>
  <sequence>3</sequence>
  <logger>global</logger>
  <level>INFO</level>
  <class>dev.asjordi.weather.DataMapper</class>
  <method>&lt;init&gt;</method>
  <thread>30</thread>
  <message>DataMapper initialized</message>
</record>
<record>
  <date>2026-09-16T19:10:13.550074051Z</date>
  <millis>1789585813550</millis>
  <nanos>74051</nanos>
  <sequence>4</sequence>
  <logger>global</logger>
  <level>INFO</level>
  <class>dev.asjordi.weather.WeatherDataProcessor</class>
  <method>&lt;init&gt;</method>
  <thread>30</thread>
  <message>WeatherDataProcessor initialized</message>
</record>
<record>
  <date>2026-09-16T19:10:13.550839697Z</date>
  <millis>1789585813550</millis>
  <nanos>839697</nanos>
  <sequence>5</sequence>
  <logger>global</logger>
  <level>INFO</level>
  <class>dev.asjordi.weather.WeatherDataProcessor</class>
  <method>processData</method>
  <thread>30</thread>
  <message>Starting data processing</message>
</record>
<record>
  <date>2026-09-16T19:10:13.551491176Z</date>
  <millis>1789585813551</millis>
  <nanos>491176</nanos>
  <sequence>6</sequence>
  <logger>global</logger>
  <level>INFO</level>
  <class>dev.asjordi.request.RequestManager</class>
  <method>makeRequest</method>
  <thread>30</thread>
  <message>Starting HTTP request to OpenWeather API</message>
</record>
<record>
  <date>2026-09-16T19:10:13.579994696Z</date>
  <millis>1789585813579</millis>
  <nanos>994696</nanos>
  <sequence>7</sequence>
  <logger>global</logger>
  <level>INFO</level>
  <class>dev.asjordi.request.RequestManager</class>
  <method>makeRequest</method>
  <thread>30</thread>
  <message>HTTP request build successfully</message>
</record>
<record>
  <date>2026-09-16T19:10:13.650712074Z</date>
  <millis>1789585813650</millis>
  <nanos>712074</nanos>
  <sequence>8</sequence>
  <logger>global</logger>
  <level>INFO</level>
  <class>dev.asjordi.request.RequestManager</class>
  <method>makeRequest</method>
  <thread>30</thread>
  <message>HTTP client built successfully</message>
</record>
<record>
  <date>2026-09-16T19:10:14.032160592Z</date>
  <millis>1789585814032</millis>
  <nanos>160592</nanos>
  <sequence>9</sequence>
  <logger>global</logger>
  <level>INFO</level>
  <class>dev.asjordi.request.RequestManager</class>
  <method>makeRequest</method>
  <thread>30</thread>
  <message>HTTP request sent successfully</message>
</record>
<record>
  <date>2026-09-16T19:10:14.034634981Z</date>
  <millis>1789585814034</millis>
  <nanos>634981</nanos>
  <sequence>10</sequence>
  <logger>global</logger>
  <level>INFO</level>
  <class>dev.asjordi.weather.DataMapper</class>
  <method>mapDataToObject</method>
  <thread>30</thread>
  <message>Mapping data to WeatherApiResponse object</message>
</record>
<record>
  <date>2026-09-16T19:10:14.080087004Z</date>
  <millis>1789585814080</millis>
  <nanos>87004</nanos>
  <sequence>11</sequence>
  <logger>global</logger>
  <level>INFO</level>
  <class>dev.asjordi.weather.DataMapper</class>
  <method>mapDataToObject</method>
  <thread>30</thread>
  <message>Data mapped to WeatherApiResponse object successfully</message>
</record>
<record>
  <date>2026-09-16T19:10:14.080554779Z</date>
  <millis>1789585814080</millis>
  <nanos>554779</nanos>
  <sequence>12</sequence>
  <logger>global</logger>
  <level>INFO</level>
  <class>dev.asjordi.weather.WeatherDataProcessor</class>
  <method>processData</method>
  <thread>30</thread>
  <message>Data processed successfully</message>
</record>
<record>
  <date>2026-09-16T19:10:14.081016943Z</date>
  <millis>1789585814081</millis>
  <nanos>16943</nanos>
  <sequence>13</sequence>
  <logger>global</logger>
  <level>INFO</level>
  <class>dev.asjordi.weather.WeatherDataProcessor</class>
  <method>generateReport</method>
  <thread>30</thread>
  <message>Generating weather report</message>
</record>
<record>
  <date>2026-09-16T19:10:14.083490979Z</date>
  <millis>1789585814083</millis>
  <nanos>490979</nanos>
  <sequence>14</sequence>
  <logger>global</logger>
  <level>INFO</level>
  <class>dev.asjordi.weather.WeatherDataProcessor</class>
  <method>generateReport</method>
  <thread>30</thread>
  <message>Weather report generated successfully</message>
</record>
<record>
  <date>2026-09-16T19:10:14.143450861Z</date>
  <millis>1789585814143</millis>
  <nanos>450861</nanos>
  <sequence>15</sequence>
  <logger>global</logger>
  <level>INFO</level>
  <class>dev.asjordi.bot.WeatherBot</class>
  <method>&lt;init&gt;</method>
  <thread>30</thread>
  <message>WeatherBot initialized</message>
</record>
<record>
  <date>2026-09-16T19:10:14.144251619Z</date>
  <millis>1789585814144</millis>
  <nanos>251619</nanos>
  <sequence>16</sequence>
  <logger>global</logger>
  <level>INFO</level>
  <class>dev.asjordi.bot.BotService</class>
  <method>&lt;init&gt;</method>
  <thread>30</thread>
  <message>BotService initialized</message>
</record>
<record>
  <date>2026-09-16T19:10:14.144834559Z</date>
  <millis>1789585814144</millis>
  <nanos>834559</nanos>
  <sequence>17</sequence>
  <logger>global</logger>
  <level>INFO</level>
  <class>dev.asjordi.bot.BotService</class>
  <method>sendWeatherReport</method>
  <thread>30</thread>
  <message>Sending weather report</message>
</record>
<record>
  <date>2026-09-16T19:10:15.847084947Z</date>
  <millis>1789585815847</millis>
  <nanos>84947</nanos>
  <sequence>18</sequence>
  <logger>global</logger>
  <level>INFO</level>
  <class>dev.asjordi.bot.BotService</class>
  <method>sendWeatherReport</method>
  <thread>30</thread>
  <message>Weather report sent successfully</message>
</record>
</log>
<?xml version="1.0" encoding="UTF-8" standalone="no"?>
<!DOCTYPE log SYSTEM "logger.dtd">
<log>
<record>
  <date>2026-09-16T22:26:30.610229532Z</date>
  <millis>1789597590610</millis>
  <nanos>229532</nanos>
  <sequence>0</sequence>
  <logger>global</logger>
  <level>INFO</level>
  <class>dev.asjordi.Main</class>
  <method>main</method>
  <thread>30</thread>
  <message>Starting application</message>
</record>
<record>
  <date>2026-09-16T22:26:30.619757329Z</date>
  <millis>1789597590619</millis>
  <nanos>757329</nanos>
  <sequence>1</sequence>
  <logger>global</logger>
  <level>INFO</level>
  <class>dev.asjordi.request.RequestManager</class>
  <method>buildURL</method>
  <thread>30</thread>
  <message>Building URL for OpenWeather API request</message>
</record>
<record>
  <date>2026-09-16T22:26:30.620441831Z</date>
  <millis>1789597590620</millis>
  <nanos>441831</nanos>
  <sequence>2</sequence>
  <logger>global</logger>
  <level>INFO</level>
  <class>dev.asjordi.request.RequestManager</class>
  <method>buildURL</method>
  <thread>30</thread>
  <message>URL built successfully</message>
</record>
<record>
  <date>2026-09-16T22:26:30.734059235Z</date>
  <millis>1789597590734</millis>
  <nanos>59235</nanos>
  <sequence>3</sequence>
  <logger>global</logger>
  <level>INFO</level>
  <class>dev.asjordi.weather.DataMapper</class>
  <method>&lt;init&gt;</method>
  <thread>30</thread>
  <message>DataMapper initialized</message>
</record>
<record>
  <date>2026-09-16T22:26:30.734975907Z</date>
  <millis>1789597590734</millis>
  <nanos>975907</nanos>
  <sequence>4</sequence>
  <logger>global</logger>
  <level>INFO</level>
  <class>dev.asjordi.weather.WeatherDataProcessor</class>
  <method>&lt;init&gt;</method>
  <thread>30</thread>
  <message>WeatherDataProcessor initialized</message>
</record>
<record>
  <date>2026-09-16T22:26:30.735528160Z</date>
  <millis>1789597590735</millis>
  <nanos>528160</nanos>
  <sequence>5</sequence>
  <logger>global</logger>
  <level>INFO</level>
  <class>dev.asjordi.weather.WeatherDataProcessor</class>
  <method>processData</method>
  <thread>30</thread>
  <message>Starting data processing</message>
</record>
<record>
  <date>2026-09-16T22:26:30.736153833Z</date>
  <millis>1789597590736</millis>
  <nanos>153833</nanos>
  <sequence>6</sequence>
  <logger>global</logger>
  <level>INFO</level>
  <class>dev.asjordi.request.RequestManager</class>
  <method>makeRequest</method>
  <thread>30</thread>
  <message>Starting HTTP request to OpenWeather API</message>
</record>
<record>
  <date>2026-09-16T22:26:30.781689326Z</date>
  <millis>1789597590781</millis>
  <nanos>689326</nanos>
  <sequence>7</sequence>
  <logger>global</logger>
  <level>INFO</level>
  <class>dev.asjordi.request.RequestManager</class>
  <method>makeRequest</method>
  <thread>30</thread>
  <message>HTTP request build successfully</message>
</record>
<record>
  <date>2026-09-16T22:26:30.880311569Z</date>
  <millis>1789597590880</millis>
  <nanos>311569</nanos>
  <sequence>8</sequence>
  <logger>global</logger>
  <level>INFO</level>
  <class>dev.asjordi.request.RequestManager</class>
  <method>makeRequest</method>
  <thread>30</thread>
  <message>HTTP client built successfully</message>
</record>
<record>
  <date>2026-09-16T22:26:31.117626617Z</date>
  <millis>1789597591117</millis>
  <nanos>626617</nanos>
  <sequence>9</sequence>
  <logger>global</logger>
  <level>INFO</level>
  <class>dev.asjordi.request.RequestManager</class>
  <method>makeRequest</method>
  <thread>30</thread>
  <message>HTTP request sent successfully</message>
</record>
<record>
  <date>2026-09-16T22:26:31.120202491Z</date>
  <millis>1789597591120</millis>
  <nanos>202491</nanos>
  <sequence>10</sequence>
  <logger>global</logger>
  <level>INFO</level>
  <class>dev.asjordi.weather.DataMapper</class>
  <method>mapDataToObject</method>
  <thread>30</thread>
  <message>Mapping data to WeatherApiResponse object</message>
</record>
<record>
  <date>2026-09-16T22:26:31.170194183Z</date>
  <millis>1789597591170</millis>
  <nanos>194183</nanos>
  <sequence>11</sequence>
  <logger>global</logger>
  <level>INFO</level>
  <class>dev.asjordi.weather.DataMapper</class>
  <method>mapDataToObject</method>
  <thread>30</thread>
  <message>Data mapped to WeatherApiResponse object successfully</message>
</record>
<record>
  <date>2026-09-16T22:26:31.170726606Z</date>
  <millis>1789597591170</millis>
  <nanos>726606</nanos>
  <sequence>12</sequence>
  <logger>global</logger>
  <level>INFO</level>
  <class>dev.asjordi.weather.WeatherDataProcessor</class>
  <method>processData</method>
  <thread>30</thread>
  <message>Data processed successfully</message>
</record>
<record>
  <date>2026-09-16T22:26:31.171181712Z</date>
  <millis>1789597591171</millis>
  <nanos>181712</nanos>
  <sequence>13</sequence>
  <logger>global</logger>
  <level>INFO</level>
  <class>dev.asjordi.weather.WeatherDataProcessor</class>
  <method>generateReport</method>
  <thread>30</thread>
  <message>Generating weather report</message>
</record>
<record>
  <date>2026-09-16T22:26:31.173604966Z</date>
  <millis>1789597591173</millis>
  <nanos>604966</nanos>
  <sequence>14</sequence>
  <logger>global</logger>
  <level>INFO</level>
  <class>dev.asjordi.weather.WeatherDataProcessor</class>
  <method>generateReport</method>
  <thread>30</thread>
  <message>Weather report generated successfully</message>
</record>
<record>
  <date>2026-09-16T22:26:31.236237815Z</date>
  <millis>1789597591236</millis>
  <nanos>237815</nanos>
  <sequence>15</sequence>
  <logger>global</logger>
  <level>INFO</level>
  <class>dev.asjordi.bot.WeatherBot</class>
  <method>&lt;init&gt;</method>
  <thread>30</thread>
  <message>WeatherBot initialized</message>
</record>
<record>
  <date>2026-09-16T22:26:31.236927955Z</date>
  <millis>1789597591236</millis>
  <nanos>927955</nanos>
  <sequence>16</sequence>
  <logger>global</logger>
  <level>INFO</level>
  <class>dev.asjordi.bot.BotService</class>
  <method>&lt;init&gt;</method>
  <thread>30</thread>
  <message>BotService initialized</message>
</record>
<record>
  <date>2026-09-16T22:26:31.237394779Z</date>
  <millis>1789597591237</millis>
  <nanos>394779</nanos>
  <sequence>17</sequence>
  <logger>global</logger>
  <level>INFO</level>
  <class>dev.asjordi.bot.BotService</class>
  <method>sendWeatherReport</method>
  <thread>30</thread>
  <message>Sending weather report</message>
</record>
<record>
  <date>2026-09-16T22:26:32.473843845Z</date>
  <millis>1789597592473</millis>
  <nanos>843845</nanos>
  <sequence>18</sequence>
  <logger>global</logger>
  <level>INFO</level>
  <class>dev.asjordi.bot.BotService</class>
  <method>sendWeatherReport</method>
  <thread>30</thread>
  <message>Weather report sent successfully</message>
</record>
</log>
<?xml version="1.0" encoding="UTF-8" standalone="no"?>
<!DOCTYPE log SYSTEM "logger.dtd">
<log>
<record>
  <date>2026-09-17T02:03:43.413900660Z</date>
  <millis>1789610623413</millis>
  <nanos>900660</nanos>
  <sequence>0</sequence>
  <logger>global</logger>
  <level>INFO</level>
  <class>dev.asjordi.Main</class>
  <method>main</method>
  <thread>30</thread>
  <message>Starting application</message>
</record>
<record>
  <date>2026-09-17T02:03:43.421780799Z</date>
  <millis>1789610623421</millis>
  <nanos>780799</nanos>
  <sequence>1</sequence>
  <logger>global</logger>
  <level>INFO</level>
  <class>dev.asjordi.request.RequestManager</class>
  <method>buildURL</method>
  <thread>30</thread>
  <message>Building URL for OpenWeather API request</message>
</record>
<record>
  <date>2026-09-17T02:03:43.422416261Z</date>
  <millis>1789610623422</millis>
  <nanos>416261</nanos>
  <sequence>2</sequence>
  <logger>global</logger>
  <level>INFO</level>
  <class>dev.asjordi.request.RequestManager</class>
  <method>buildURL</method>
  <thread>30</thread>
  <message>URL built successfully</message>
</record>
<record>
  <date>2026-09-17T02:03:43.547035934Z</date>
  <millis>1789610623547</millis>
  <nanos>35934</nanos>
  <sequence>3</sequence>
  <logger>global</logger>
  <level>INFO</level>
  <class>dev.asjordi.weather.DataMapper</class>
  <method>&lt;init&gt;</method>
  <thread>30</thread>
  <message>DataMapper initialized</message>
</record>
<record>
  <date>2026-09-17T02:03:43.547689911Z</date>
  <millis>1789610623547</millis>
  <nanos>689911</nanos>
  <sequence>4</sequence>
  <logger>global</logger>
  <level>INFO</level>
  <class>dev.asjordi.weather.WeatherDataProcessor</class>
  <method>&lt;init&gt;</method>
  <thread>30</thread>
  <message>WeatherDataProcessor initialized</message>
</record>
<record>
  <date>2026-09-17T02:03:43.548204859Z</date>
  <millis>1789610623548</millis>
  <nanos>204859</nanos>
  <sequence>5</sequence>
  <logger>global</logger>
  <level>INFO</level>
  <class>dev.asjordi.weather.WeatherDataProcessor</class>
  <method>processData</method>
  <thread>30</thread>
  <message>Starting data processing</message>
</record>
<record>
  <date>2026-09-17T02:03:43.548733683Z</date>
  <millis>1789610623548</millis>
  <nanos>733683</nanos>
  <sequence>6</sequence>
  <logger>global</logger>
  <level>INFO</level>
  <class>dev.asjordi.request.RequestManager</class>
  <method>makeRequest</method>
  <thread>30</thread>
  <message>Starting HTTP request to OpenWeather API</message>
</record>
<record>
  <date>2026-09-17T02:03:43.576066420Z</date>
  <millis>1789610623576</millis>
  <nanos>66420</nanos>
  <sequence>7</sequence>
  <logger>global</logger>
  <level>INFO</level>
  <class>dev.asjordi.request.RequestManager</class>
  <method>makeRequest</method>
  <thread>30</thread>
  <message>HTTP request build successfully</message>
</record>
<record>
  <date>2026-09-17T02:03:43.641939925Z</date>
  <millis>1789610623641</millis>
  <nanos>939925</nanos>
  <sequence>8</sequence>
  <logger>global</logger>
  <level>INFO</level>
  <class>dev.asjordi.request.RequestManager</class>
  <method>makeRequest</method>
  <thread>30</thread>
  <message>HTTP client built successfully</message>
</record>
<record>
  <date>2026-09-17T02:03:44.031901725Z</date>
  <millis>1789610624031</millis>
  <nanos>901725</nanos>
  <sequence>9</sequence>
  <logger>global</logger>
  <level>INFO</level>
  <class>dev.asjordi.request.RequestManager</class>
  <method>makeRequest</method>
  <thread>30</thread>
  <message>HTTP request sent successfully</message>
</record>
<record>
  <date>2026-09-17T02:03:44.034357210Z</date>
  <millis>1789610624034</millis>
  <nanos>357210</nanos>
  <sequence>10</sequence>
  <logger>global</logger>
  <level>INFO</level>
  <class>dev.asjordi.weather.DataMapper</class>
  <method>mapDataToObject</method>
  <thread>30</thread>
  <message>Mapping data to WeatherApiResponse object</message>
</record>
<record>
  <date>2026-09-17T02:03:44.077923607Z</date>
  <millis>1789610624077</millis>
  <nanos>923607</nanos>
  <sequence>11</sequence>
  <logger>global</logger>
  <level>INFO</level>
  <class>dev.asjordi.weather.DataMapper</class>
  <method>mapDataToObject</method>
  <thread>30</thread>
  <message>Data mapped to WeatherApiResponse object successfully</message>
</record>
<record>
  <date>2026-09-17T02:03:44.078292393Z</date>
  <millis>1789610624078</millis>
  <nanos>292393</nanos>
  <sequence>12</sequence>
  <logger>global</logger>
  <level>INFO</level>
  <class>dev.asjordi.weather.WeatherDataProcessor</class>
  <method>processData</method>
  <thread>30</thread>
  <message>Data processed successfully</message>
</record>
<record>
  <date>2026-09-17T02:03:44.078791492Z</date>
  <millis>1789610624078</millis>
  <nanos>791492</nanos>
  <sequence>13</sequence>
  <logger>global</logger>
  <level>INFO</level>
  <class>dev.asjordi.weather.WeatherDataProcessor</class>
  <method>generateReport</method>
  <thread>30</thread>
  <message>Generating weather report</message>
</record>
<record>
  <date>2026-09-17T02:03:44.081263671Z</date>
  <millis>1789610624081</millis>
  <nanos>263671</nanos>
  <sequence>14</sequence>
  <logger>global</logger>
  <level>INFO</level>
  <class>dev.asjordi.weather.WeatherDataProcessor</class>
  <method>generateReport</method>
  <thread>30</thread>
  <message>Weather report generated successfully</message>
</record>
<record>
  <date>2026-09-17T02:03:44.142783897Z</date>
  <millis>1789610624142</millis>
  <nanos>783897</nanos>
  <sequence>15</sequence>
  <logger>global</logger>
  <level>INFO</level>
  <class>dev.asjordi.bot.WeatherBot</class>
  <method>&lt;init&gt;</method>
  <thread>30</thread>
  <message>WeatherBot initialized</message>
</record>
<record>
  <date>2026-09-17T02:03:44.143515117Z</date>
  <millis>1789610624143</millis>
  <nanos>515117</nanos>
  <sequence>16</sequence>
  <logger>global</logger>
  <level>INFO</level>
  <class>dev.asjordi.bot.BotService</class>
  <method>&lt;init&gt;</method>
  <thread>30</thread>
  <message>BotService initialized</message>
</record>
<record>
  <date>2026-09-17T02:03:44.143927124Z</date>
  <millis>1789610624143</millis>
  <nanos>927124</nanos>
  <sequence>17</sequence>
  <logger>global</logger>
  <level>INFO</level>
  <class>dev.asjordi.bot.BotService</class>
  <method>sendWeatherReport</method>
  <thread>30</thread>
  <message>Sending weather report</message>
</record>
<record>
  <date>2026-09-17T02:03:45.541713008Z</date>
  <millis>1789610625541</millis>
  <nanos>713008</nanos>
  <sequence>18</sequence>
  <logger>global</logger>
  <level>INFO</level>
  <class>dev.asjordi.bot.BotService</class>
  <method>sendWeatherReport</method>
  <thread>30</thread>
  <message>Weather report sent successfully</message>
</record>
</log>
<?xml version="1.0" encoding="UTF-8" standalone="no"?>
<!DOCTYPE log SYSTEM "logger.dtd">
<log>
<record>
  <date>2026-09-17T08:57:59.542116731Z</date>
  <millis>1789635479542</millis>
  <nanos>116731</nanos>
  <sequence>0</sequence>
  <logger>global</logger>
  <level>INFO</level>
  <class>dev.asjordi.Main</class>
  <method>main</method>
  <thread>30</thread>
  <message>Starting application</message>
</record>
<record>
  <date>2026-09-17T08:57:59.552605935Z</date>
  <millis>1789635479552</millis>
  <nanos>605935</nanos>
  <sequence>1</sequence>
  <logger>global</logger>
  <level>INFO</level>
  <class>dev.asjordi.request.RequestManager</class>
  <method>buildURL</method>
  <thread>30</thread>
  <message>Building URL for OpenWeather API request</message>
</record>
<record>
  <date>2026-09-17T08:57:59.553315478Z</date>
  <millis>1789635479553</millis>
  <nanos>315478</nanos>
  <sequence>2</sequence>
  <logger>global</logger>
  <level>INFO</level>
  <class>dev.asjordi.request.RequestManager</class>
  <method>buildURL</method>
  <thread>30</thread>
  <message>URL built successfully</message>
</record>
<record>
  <date>2026-09-17T08:57:59.698858249Z</date>
  <millis>1789635479698</millis>
  <nanos>858249</nanos>
  <sequence>3</sequence>
  <logger>global</logger>
  <level>INFO</level>
  <class>dev.asjordi.weather.DataMapper</class>
  <method>&lt;init&gt;</method>
  <thread>30</thread>
  <message>DataMapper initialized</message>
</record>
<record>
  <date>2026-09-17T08:57:59.699803242Z</date>
  <millis>1789635479699</millis>
  <nanos>803242</nanos>
  <sequence>4</sequence>
  <logger>global</logger>
  <level>INFO</level>
  <class>dev.asjordi.weather.WeatherDataProcessor</class>
  <method>&lt;init&gt;</method>
  <thread>30</thread>
  <message>WeatherDataProcessor initialized</message>
</record>
<record>
  <date>2026-09-17T08:57:59.700398492Z</date>
  <millis>1789635479700</millis>
  <nanos>398492</nanos>
  <sequence>5</sequence>
  <logger>global</logger>
  <level>INFO</level>
  <class>dev.asjordi.weather.WeatherDataProcessor</class>
  <method>processData</method>
  <thread>30</thread>
  <message>Starting data processing</message>
</record>
<record>
  <date>2026-09-17T08:57:59.700912050Z</date>
  <millis>1789635479700</millis>
  <nanos>912050</nanos>
  <sequence>6</sequence>
  <logger>global</logger>
  <level>INFO</level>
  <class>dev.asjordi.request.RequestManager</class>
  <method>makeRequest</method>
  <thread>30</thread>
  <message>Starting HTTP request to OpenWeather API</message>
</record>
<record>
  <date>2026-09-17T08:57:59.727902691Z</date>
  <millis>1789635479727</millis>
  <nanos>902691</nanos>
  <sequence>7</sequence>
  <logger>global</logger>
  <level>INFO</level>
  <class>dev.asjordi.request.RequestManager</class>
  <method>makeRequest</method>
  <thread>30</thread>
  <message>HTTP request build successfully</message>
</record>
<record>
  <date>2026-09-17T08:57:59.797081459Z</date>
  <millis>1789635479797</millis>
  <nanos>81459</nanos>
  <sequence>8</sequence>
  <logger>global</logger>
  <level>INFO</level>
  <class>dev.asjordi.request.RequestManager</class>
  <method>makeRequest</method>
  <thread>30</thread>
  <message>HTTP client built successfully</message>
</record>
<record>
  <date>2026-09-17T08:58:00.019674945Z</date>
  <millis>1789635480019</millis>
  <nanos>674945</nanos>
  <sequence>9</sequence>
  <logger>global</logger>
  <level>INFO</level>
  <class>dev.asjordi.request.RequestManager</class>
  <method>makeRequest</method>
  <thread>30</thread>
  <message>HTTP request sent successfully</message>
</record>
<record>
  <date>2026-09-17T08:58:00.022218785Z</date>
  <millis>1789635480022</millis>
  <nanos>218785</nanos>
  <sequence>10</sequence>
  <logger>global</logger>
  <level>INFO</level>
  <class>dev.asjordi.weather.DataMapper</class>
  <method>mapDataToObject</method>
  <thread>30</thread>
  <message>Mapping data to WeatherApiResponse object</message>
</record>
<record>
  <date>2026-09-17T08:58:00.070538127Z</date>
  <millis>1789635480070</millis>
  <nanos>538127</nanos>
  <sequence>11</sequence>
  <logger>global</logger>
  <level>INFO</level>
  <class>dev.asjordi.weather.DataMapper</class>
  <method>mapDataToObject</method>
  <thread>30</thread>
  <message>Data mapped to WeatherApiResponse object successfully</message>
</record>
<record>
  <date>2026-09-17T08:58:00.070982626Z</date>
  <millis>1789635480070</millis>
  <nanos>982626</nanos>
  <sequence>12</sequence>
  <logger>global</logger>
  <level>INFO</level>
  <class>dev.asjordi.weather.WeatherDataProcessor</class>
  <method>processData</method>
  <thread>30</thread>
  <message>Data processed successfully</message>
</record>
<record>
  <date>2026-09-17T08:58:00.071518185Z</date>
  <millis>1789635480071</millis>
  <nanos>518185</nanos>
  <sequence>13</sequence>
  <logger>global</logger>
  <level>INFO</level>
  <class>dev.asjordi.weather.WeatherDataProcessor</class>
  <method>generateReport</method>
  <thread>30</thread>
  <message>Generating weather report</message>
</record>
<record>
  <date>2026-09-17T08:58:00.074082117Z</date>
  <millis>1789635480074</millis>
  <nanos>82117</nanos>
  <sequence>14</sequence>
  <logger>global</logger>
  <level>INFO</level>
  <class>dev.asjordi.weather.WeatherDataProcessor</class>
  <method>generateReport</method>
  <thread>30</thread>
  <message>Weather report generated successfully</message>
</record>
<record>
  <date>2026-09-17T08:58:00.131656803Z</date>
  <millis>1789635480131</millis>
  <nanos>656803</nanos>
  <sequence>15</sequence>
  <logger>global</logger>
  <level>INFO</level>
  <class>dev.asjordi.bot.WeatherBot</class>
  <method>&lt;init&gt;</method>
  <thread>30</thread>
  <message>WeatherBot initialized</message>
</record>
<record>
  <date>2026-09-17T08:58:00.132269695Z</date>
  <millis>1789635480132</millis>
  <nanos>269695</nanos>
  <sequence>16</sequence>
  <logger>global</logger>
  <level>INFO</level>
  <class>dev.asjordi.bot.BotService</class>
  <method>&lt;init&gt;</method>
  <thread>30</thread>
  <message>BotService initialized</message>
</record>
<record>
  <date>2026-09-17T08:58:00.132666446Z</date>
  <millis>1789635480132</millis>
  <nanos>666446</nanos>
  <sequence>17</sequence>
  <logger>global</logger>
  <level>INFO</level>
  <class>dev.asjordi.bot.BotService</class>
  <method>sendWeatherReport</method>
  <thread>30</thread>
  <message>Sending weather report</message>
</record>
<record>
  <date>2026-09-17T08:58:01.932973997Z</date>
  <millis>1789635481932</millis>
  <nanos>973997</nanos>
  <sequence>18</sequence>
  <logger>global</logger>
  <level>INFO</level>
  <class>dev.asjordi.bot.BotService</class>
  <method>sendWeatherReport</method>
  <thread>30</thread>
  <message>Weather report sent successfully</message>
</record>
</log>
<?xml version="1.0" encoding="UTF-8" standalone="no"?>
<!DOCTYPE log SYSTEM "logger.dtd">
<log>
<record>
  <date>2026-09-17T15:45:51.498360925Z</date>
  <millis>1789659951498</millis>
  <nanos>360925</nanos>
  <sequence>0</sequence>
  <logger>global</logger>
  <level>INFO</level>
  <class>dev.asjordi.Main</class>
  <method>main</method>
  <thread>31</thread>
  <message>Starting application</message>
</record>
<record>
  <date>2026-09-17T15:45:51.506855926Z</date>
  <millis>1789659951506</millis>
  <nanos>855926</nanos>
  <sequence>1</sequence>
  <logger>global</logger>
  <level>INFO</level>
  <class>dev.asjordi.request.RequestManager</class>
  <method>buildURL</method>
  <thread>31</thread>
  <message>Building URL for OpenWeather API request</message>
</record>
<record>
  <date>2026-09-17T15:45:51.507445415Z</date>
  <millis>1789659951507</millis>
  <nanos>445415</nanos>
  <sequence>2</sequence>
  <logger>global</logger>
  <level>INFO</level>
  <class>dev.asjordi.request.RequestManager</class>
  <method>buildURL</method>
  <thread>31</thread>
  <message>URL built successfully</message>
</record>
<record>
  <date>2026-09-17T15:45:51.639881186Z</date>
  <millis>1789659951639</millis>
  <nanos>881186</nanos>
  <sequence>3</sequence>
  <logger>global</logger>
  <level>INFO</level>
  <class>dev.asjordi.weather.DataMapper</class>
  <method>&lt;init&gt;</method>
  <thread>31</thread>
  <message>DataMapper initialized</message>
</record>
<record>
  <date>2026-09-17T15:45:51.640676440Z</date>
  <millis>1789659951640</millis>
  <nanos>676440</nanos>
  <sequence>4</sequence>
  <logger>global</logger>
  <level>INFO</level>
  <class>dev.asjordi.weather.WeatherDataProcessor</class>
  <method>&lt;init&gt;</method>
  <thread>31</thread>
  <message>WeatherDataProcessor initialized</message>
</record>
<record>
  <date>2026-09-17T15:45:51.641270397Z</date>
  <millis>1789659951641</millis>
  <nanos>270397</nanos>
  <sequence>5</sequence>
  <logger>global</logger>
  <level>INFO</level>
  <class>dev.asjordi.weather.WeatherDataProcessor</class>
  <method>processData</method>
  <thread>31</thread>
  <message>Starting data processing</message>
</record>
<record>
  <date>2026-09-17T15:45:51.641835399Z</date>
  <millis>1789659951641</millis>
  <nanos>835399</nanos>
  <sequence>6</sequence>
  <logger>global</logger>
  <level>INFO</level>
  <class>dev.asjordi.request.RequestManager</class>
  <method>makeRequest</method>
  <thread>31</thread>
  <message>Starting HTTP request to OpenWeather API</message>
</record>
<record>
  <date>2026-09-17T15:45:51.667199059Z</date>
  <millis>1789659951667</millis>
  <nanos>199059</nanos>
  <sequence>7</sequence>
  <logger>global</logger>
  <level>INFO</level>
  <class>dev.asjordi.request.RequestManager</class>
  <method>makeRequest</method>
  <thread>31</thread>
  <message>HTTP request build successfully</message>
</record>
<record>
  <date>2026-09-17T15:45:51.730461082Z</date>
  <millis>1789659951730</millis>
  <nanos>461082</nanos>
  <sequence>8</sequence>
  <logger>global</logger>
  <level>INFO</level>
  <class>dev.asjordi.request.RequestManager</class>
  <method>makeRequest</method>
  <thread>31</thread>
  <message>HTTP client built successfully</message>
</record>
<record>
  <date>2026-09-17T15:45:51.903463583Z</date>
  <millis>1789659951903</millis>
  <nanos>463583</nanos>
  <sequence>9</sequence>
  <logger>global</logger>
  <level>INFO</level>
  <class>dev.asjordi.request.RequestManager</class>
  <method>makeRequest</method>
  <thread>31</thread>
  <message>HTTP request sent successfully</message>
</record>
<record>
  <date>2026-09-17T15:45:51.906056249Z</date>
  <millis>1789659951906</millis>
  <nanos>56249</nanos>
  <sequence>10</sequence>
  <logger>global</logger>
  <level>INFO</level>
  <class>dev.asjordi.weather.DataMapper</class>
  <method>mapDataToObject</method>
  <thread>31</thread>
  <message>Mapping data to WeatherApiResponse object</message>
</record>
<record>
  <date>2026-09-17T15:45:51.958477878Z</date>
  <millis>1789659951958</millis>
  <nanos>477878</nanos>
  <sequence>11</sequence>
  <logger>global</logger>
  <level>INFO</level>
  <class>dev.asjordi.weather.DataMapper</class>
  <method>mapDataToObject</method>
  <thread>31</thread>
  <message>Data mapped to WeatherApiResponse object successfully</message>
</record>
<record>
  <date>2026-09-17T15:45:51.959095882Z</date>
  <millis>1789659951959</millis>
  <nanos>95882</nanos>
  <sequence>12</sequence>
  <logger>global</logger>
  <level>INFO</level>
  <class>dev.asjordi.weather.WeatherDataProcessor</class>
  <method>processData</method>
  <thread>31</thread>
  <message>Data processed successfully</message>
</record>
<record>
  <date>2026-09-17T15:45:51.959660062Z</date>
  <millis>1789659951959</millis>
  <nanos>660062</nanos>
  <sequence>13</sequence>
  <logger>global</logger>
  <level>INFO</level>
  <class>dev.asjordi.weather.WeatherDataProcessor</class>
  <method>generateReport</method>
  <thread>31</thread>
  <message>Generating weather report</message>
</record>
<record>
  <date>2026-09-17T15:45:51.962455406Z</date>
  <millis>1789659951962</millis>
  <nanos>455406</nanos>
  <sequence>14</sequence>
  <logger>global</logger>
  <level>INFO</level>
  <class>dev.asjordi.weather.WeatherDataProcessor</class>
  <method>generateReport</method>
  <thread>31</thread>
  <message>Weather report generated successfully</message>
</record>
<record>
  <date>2026-09-17T15:45:52.022417689Z</date>
  <millis>1789659952022</millis>
  <nanos>417689</nanos>
  <sequence>15</sequence>
  <logger>global</logger>
  <level>INFO</level>
  <class>dev.asjordi.bot.WeatherBot</class>
  <method>&lt;init&gt;</method>
  <thread>31</thread>
  <message>WeatherBot initialized</message>
</record>
<record>
  <date>2026-09-17T15:45:52.023087442Z</date>
  <millis>1789659952023</millis>
  <nanos>87442</nanos>
  <sequence>16</sequence>
  <logger>global</logger>
  <level>INFO</level>
  <class>dev.asjordi.bot.BotService</class>
  <method>&lt;init&gt;</method>
  <thread>31</thread>
  <message>BotService initialized</message>
</record>
<record>
  <date>2026-09-17T15:45:52.023562512Z</date>
  <millis>1789659952023</millis>
  <nanos>562512</nanos>
  <sequence>17</sequence>
  <logger>global</logger>
  <level>INFO</level>
  <class>dev.asjordi.bot.BotService</class>
  <method>sendWeatherReport</method>
  <thread>31</thread>
  <message>Sending weather report</message>
</record>
<record>
  <date>2026-09-17T15:45:53.202602678Z</date>
  <millis>1789659953202</millis>
  <nanos>602678</nanos>
  <sequence>18</sequence>
  <logger>global</logger>
  <level>INFO</level>
  <class>dev.asjordi.bot.BotService</class>
  <method>sendWeatherReport</method>
  <thread>31</thread>
  <message>Weather report sent successfully</message>
</record>
</log>
<?xml version="1.0" encoding="UTF-8" standalone="no"?>
<!DOCTYPE log SYSTEM "logger.dtd">
<log>
<record>
  <date>2026-09-17T19:21:25.058058279Z</date>
  <millis>1789672885058</millis>
  <nanos>58279</nanos>
  <sequence>0</sequence>
  <logger>global</logger>
  <level>INFO</level>
  <class>dev.asjordi.Main</class>
  <method>main</method>
  <thread>30</thread>
  <message>Starting application</message>
</record>
<record>
  <date>2026-09-17T19:21:25.064635269Z</date>
  <millis>1789672885064</millis>
  <nanos>635269</nanos>
  <sequence>1</sequence>
  <logger>global</logger>
  <level>INFO</level>
  <class>dev.asjordi.request.RequestManager</class>
  <method>buildURL</method>
  <thread>30</thread>
  <message>Building URL for OpenWeather API request</message>
</record>
<record>
  <date>2026-09-17T19:21:25.065110020Z</date>
  <millis>1789672885065</millis>
  <nanos>110020</nanos>
  <sequence>2</sequence>
  <logger>global</logger>
  <level>INFO</level>
  <class>dev.asjordi.request.RequestManager</class>
  <method>buildURL</method>
  <thread>30</thread>
  <message>URL built successfully</message>
</record>
<record>
  <date>2026-09-17T19:21:25.158046567Z</date>
  <millis>1789672885158</millis>
  <nanos>46567</nanos>
  <sequence>3</sequence>
  <logger>global</logger>
  <level>INFO</level>
  <class>dev.asjordi.weather.DataMapper</class>
  <method>&lt;init&gt;</method>
  <thread>30</thread>
  <message>DataMapper initialized</message>
</record>
<record>
  <date>2026-09-17T19:21:25.158711038Z</date>
  <millis>1789672885158</millis>
  <nanos>711038</nanos>
  <sequence>4</sequence>
  <logger>global</logger>
  <level>INFO</level>
  <class>dev.asjordi.weather.WeatherDataProcessor</class>
  <method>&lt;init&gt;</method>
  <thread>30</thread>
  <message>WeatherDataProcessor initialized</message>
</record>
<record>
  <date>2026-09-17T19:21:25.159161914Z</date>
  <millis>1789672885159</millis>
  <nanos>161914</nanos>
  <sequence>5</sequence>
  <logger>global</logger>
  <level>INFO</level>
  <class>dev.asjordi.weather.WeatherDataProcessor</class>
  <method>processData</method>
  <thread>30</thread>
  <message>Starting data processing</message>
</record>
<record>
  <date>2026-09-17T19:21:25.159597377Z</date>
  <millis>1789672885159</millis>
  <nanos>597377</nanos>
  <sequence>6</sequence>
  <logger>global</logger>
  <level>INFO</level>
  <class>dev.asjordi.request.RequestManager</class>
  <method>makeRequest</method>
  <thread>30</thread>
  <message>Starting HTTP request to OpenWeather API</message>
</record>
<record>
  <date>2026-09-17T19:21:25.166522221Z</date>
  <millis>1789672885166</millis>
  <nanos>522221</nanos>
  <sequence>7</sequence>
  <logger>global</logger>
  <level>INFO</level>
  <class>dev.asjordi.request.RequestManager</class>
  <method>makeRequest</method>
  <thread>30</thread>
  <message>HTTP request build successfully</message>
</record>
<record>
  <date>2026-09-17T19:21:25.188272915Z</date>
  <millis>1789672885188</millis>
  <nanos>272915</nanos>
  <sequence>8</sequence>
  <logger>global</logger>
  <level>INFO</level>
  <class>dev.asjordi.request.RequestManager</class>
  <method>makeRequest</method>
  <thread>30</thread>
  <message>HTTP client built successfully</message>
</record>
<record>
  <date>2026-09-17T19:21:25.517841381Z</date>
  <millis>1789672885517</millis>
  <nanos>841381</nanos>
  <sequence>9</sequence>
  <logger>global</logger>
  <level>INFO</level>
  <class>dev.asjordi.request.RequestManager</class>
  <method>makeRequest</method>
  <thread>30</thread>
  <message>HTTP request sent successfully</message>
</record>
<record>
  <date>2026-09-17T19:21:25.519931116Z</date>
  <millis>1789672885519</millis>
  <nanos>931116</nanos>
  <sequence>10</sequence>
  <logger>global</logger>
  <level>INFO</level>
  <class>dev.asjordi.weather.DataMapper</class>
  <method>mapDataToObject</method>
  <thread>30</thread>
  <message>Mapping data to WeatherApiResponse object</message>
</record>
<record>
  <date>2026-09-17T19:21:25.557943730Z</date>
  <millis>1789672885557</millis>
  <nanos>943730</nanos>
  <sequence>11</sequence>
  <logger>global</logger>
  <level>INFO</level>
  <class>dev.asjordi.weather.DataMapper</class>
  <method>mapDataToObject</method>
  <thread>30</thread>
  <message>Data mapped to WeatherApiResponse object successfully</message>
</record>
<record>
  <date>2026-09-17T19:21:25.558375227Z</date>
  <millis>1789672885558</millis>
  <nanos>375227</nanos>
  <sequence>12</sequence>
  <logger>global</logger>
  <level>INFO</level>
  <class>dev.asjordi.weather.WeatherDataProcessor</class>
  <method>processData</method>
  <thread>30</thread>
  <message>Data processed successfully</message>
</record>
<record>
  <date>2026-09-17T19:21:25.558753095Z</date>
  <millis>1789672885558</millis>
  <nanos>753095</nanos>
  <sequence>13</sequence>
  <logger>global</logger>
  <level>INFO</level>
  <class>dev.asjordi.weather.WeatherDataProcessor</class>
  <method>generateReport</method>
  <thread>30</thread>
  <message>Generating weather report</message>
</record>
<record>
  <date>2026-09-17T19:21:25.560670917Z</date>
  <millis>1789672885560</millis>
  <nanos>670917</nanos>
  <sequence>14</sequence>
  <logger>global</logger>
  <level>INFO</level>
  <class>dev.asjordi.weather.WeatherDataProcessor</class>
  <method>generateReport</method>
  <thread>30</thread>
  <message>Weather report generated successfully</message>
</record>
<record>
  <date>2026-09-17T19:21:25.606436658Z</date>
  <millis>1789672885606</millis>
  <nanos>436658</nanos>
  <sequence>15</sequence>
  <logger>global</logger>
  <level>INFO</level>
  <class>dev.asjordi.bot.WeatherBot</class>
  <method>&lt;init&gt;</method>
  <thread>30</thread>
  <message>WeatherBot initialized</message>
</record>
<record>
  <date>2026-09-17T19:21:25.606905139Z</date>
  <millis>1789672885606</millis>
  <nanos>905139</nanos>
  <sequence>16</sequence>
  <logger>global</logger>
  <level>INFO</level>
  <class>dev.asjordi.bot.BotService</class>
  <method>&lt;init&gt;</method>
  <thread>30</thread>
  <message>BotService initialized</message>
</record>
<record>
  <date>2026-09-17T19:21:25.607256228Z</date>
  <millis>1789672885607</millis>
  <nanos>256228</nanos>
  <sequence>17</sequence>
  <logger>global</logger>
  <level>INFO</level>
  <class>dev.asjordi.bot.BotService</class>
  <method>sendWeatherReport</method>
  <thread>30</thread>
  <message>Sending weather report</message>
</record>
<record>
  <date>2026-09-17T19:21:27.255018655Z</date>
  <millis>1789672887255</millis>
  <nanos>18655</nanos>
  <sequence>18</sequence>
  <logger>global</logger>
  <level>INFO</level>
  <class>dev.asjordi.bot.BotService</class>
  <method>sendWeatherReport</method>
  <thread>30</thread>
  <message>Weather report sent successfully</message>
</record>
</log>
<?xml version="1.0" encoding="UTF-8" standalone="no"?>
<!DOCTYPE log SYSTEM "logger.dtd">
<log>
<record>
  <date>2026-09-17T22:30:04.858765415Z</date>
  <millis>1789684204858</millis>
  <nanos>765415</nanos>
  <sequence>0</sequence>
  <logger>global</logger>
  <level>INFO</level>
  <class>dev.asjordi.Main</class>
  <method>main</method>
  <thread>30</thread>
  <message>Starting application</message>
</record>
<record>
  <date>2026-09-17T22:30:04.865202257Z</date>
  <millis>1789684204865</millis>
  <nanos>202257</nanos>
  <sequence>1</sequence>
  <logger>global</logger>
  <level>INFO</level>
  <class>dev.asjordi.request.RequestManager</class>
  <method>buildURL</method>
  <thread>30</thread>
  <message>Building URL for OpenWeather API request</message>
</record>
<record>
  <date>2026-09-17T22:30:04.865599050Z</date>
  <millis>1789684204865</millis>
  <nanos>599050</nanos>
  <sequence>2</sequence>
  <logger>global</logger>
  <level>INFO</level>
  <class>dev.asjordi.request.RequestManager</class>
  <method>buildURL</method>
  <thread>30</thread>
  <message>URL built successfully</message>
</record>
<record>
  <date>2026-09-17T22:30:04.949128170Z</date>
  <millis>1789684204949</millis>
  <nanos>128170</nanos>
  <sequence>3</sequence>
  <logger>global</logger>
  <level>INFO</level>
  <class>dev.asjordi.weather.DataMapper</class>
  <method>&lt;init&gt;</method>
  <thread>30</thread>
  <message>DataMapper initialized</message>
</record>
<record>
  <date>2026-09-17T22:30:04.950008174Z</date>
  <millis>1789684204950</millis>
  <nanos>8174</nanos>
  <sequence>4</sequence>
  <logger>global</logger>
  <level>INFO</level>
  <class>dev.asjordi.weather.WeatherDataProcessor</class>
  <method>&lt;init&gt;</method>
  <thread>30</thread>
  <message>WeatherDataProcessor initialized</message>
</record>
<record>
  <date>2026-09-17T22:30:04.950395863Z</date>
  <millis>1789684204950</millis>
  <nanos>395863</nanos>
  <sequence>5</sequence>
  <logger>global</logger>
  <level>INFO</level>
  <class>dev.asjordi.weather.WeatherDataProcessor</class>
  <method>processData</method>
  <thread>30</thread>
  <message>Starting data processing</message>
</record>
<record>
  <date>2026-09-17T22:30:04.950758584Z</date>
  <millis>1789684204950</millis>
  <nanos>758584</nanos>
  <sequence>6</sequence>
  <logger>global</logger>
  <level>INFO</level>
  <class>dev.asjordi.request.RequestManager</class>
  <method>makeRequest</method>
  <thread>30</thread>
  <message>Starting HTTP request to OpenWeather API</message>
</record>
<record>
  <date>2026-09-17T22:30:04.971608990Z</date>
  <millis>1789684204971</millis>
  <nanos>608990</nanos>
  <sequence>7</sequence>
  <logger>global</logger>
  <level>INFO</level>
  <class>dev.asjordi.request.RequestManager</class>
  <method>makeRequest</method>
  <thread>30</thread>
  <message>HTTP request build successfully</message>
</record>
<record>
  <date>2026-09-17T22:30:05.022274316Z</date>
  <millis>1789684205022</millis>
  <nanos>274316</nanos>
  <sequence>8</sequence>
  <logger>global</logger>
  <level>INFO</level>
  <class>dev.asjordi.request.RequestManager</class>
  <method>makeRequest</method>
  <thread>30</thread>
  <message>HTTP client built successfully</message>
</record>
<record>
  <date>2026-09-17T22:30:05.251341547Z</date>
  <millis>1789684205251</millis>
  <nanos>341547</nanos>
  <sequence>9</sequence>
  <logger>global</logger>
  <level>INFO</level>
  <class>dev.asjordi.request.RequestManager</class>
  <method>makeRequest</method>
  <thread>30</thread>
  <message>HTTP request sent successfully</message>
</record>
<record>
  <date>2026-09-17T22:30:05.252877675Z</date>
  <millis>1789684205252</millis>
  <nanos>877675</nanos>
  <sequence>10</sequence>
  <logger>global</logger>
  <level>INFO</level>
  <class>dev.asjordi.weather.DataMapper</class>
  <method>mapDataToObject</method>
  <thread>30</thread>
  <message>Mapping data to WeatherApiResponse object</message>
</record>
<record>
  <date>2026-09-17T22:30:05.282147152Z</date>
  <millis>1789684205282</millis>
  <nanos>147152</nanos>
  <sequence>11</sequence>
  <logger>global</logger>
  <level>INFO</level>
  <class>dev.asjordi.weather.DataMapper</class>
  <method>mapDataToObject</method>
  <thread>30</thread>
  <message>Data mapped to WeatherApiResponse object successfully</message>
</record>
<record>
  <date>2026-09-17T22:30:05.282480329Z</date>
  <millis>1789684205282</millis>
  <nanos>480329</nanos>
  <sequence>12</sequence>
  <logger>global</logger>
  <level>INFO</level>
  <class>dev.asjordi.weather.WeatherDataProcessor</class>
  <method>processData</method>
  <thread>30</thread>
  <message>Data processed successfully</message>
</record>
<record>
  <date>2026-09-17T22:30:05.282800918Z</date>
  <millis>1789684205282</millis>
  <nanos>800918</nanos>
  <sequence>13</sequence>
  <logger>global</logger>
  <level>INFO</level>
  <class>dev.asjordi.weather.WeatherDataProcessor</class>
  <method>generateReport</method>
  <thread>30</thread>
  <message>Generating weather report</message>
</record>
<record>
  <date>2026-09-17T22:30:05.284568137Z</date>
  <millis>1789684205284</millis>
  <nanos>568137</nanos>
  <sequence>14</sequence>
  <logger>global</logger>
  <level>INFO</level>
  <class>dev.asjordi.weather.WeatherDataProcessor</class>
  <method>generateReport</method>
  <thread>30</thread>
  <message>Weather report generated successfully</message>
</record>
<record>
  <date>2026-09-17T22:30:05.322043444Z</date>
  <millis>1789684205322</millis>
  <nanos>43444</nanos>
  <sequence>15</sequence>
  <logger>global</logger>
  <level>INFO</level>
  <class>dev.asjordi.bot.WeatherBot</class>
  <method>&lt;init&gt;</method>
  <thread>30</thread>
  <message>WeatherBot initialized</message>
</record>
<record>
  <date>2026-09-17T22:30:05.322532955Z</date>
  <millis>1789684205322</millis>
  <nanos>532955</nanos>
  <sequence>16</sequence>
  <logger>global</logger>
  <level>INFO</level>
  <class>dev.asjordi.bot.BotService</class>
  <method>&lt;init&gt;</method>
  <thread>30</thread>
  <message>BotService initialized</message>
</record>
<record>
  <date>2026-09-17T22:30:05.322775026Z</date>
  <millis>1789684205322</millis>
  <nanos>775026</nanos>
  <sequence>17</sequence>
  <logger>global</logger>
  <level>INFO</level>
  <class>dev.asjordi.bot.BotService</class>
  <method>sendWeatherReport</method>
  <thread>30</thread>
  <message>Sending weather report</message>
</record>
<record>
  <date>2026-09-17T22:30:06.603754567Z</date>
  <millis>1789684206603</millis>
  <nanos>754567</nanos>
  <sequence>18</sequence>
  <logger>global</logger>
  <level>INFO</level>
  <class>dev.asjordi.bot.BotService</class>
  <method>sendWeatherReport</method>
  <thread>30</thread>
  <message>Weather report sent successfully</message>
</record>
</log>
<?xml version="1.0" encoding="UTF-8" standalone="no"?>
<!DOCTYPE log SYSTEM "logger.dtd">
<log>
<record>
  <date>2026-09-18T01:51:04.791976873Z</date>
  <millis>1789696264791</millis>
  <nanos>976873</nanos>
  <sequence>0</sequence>
  <logger>global</logger>
  <level>INFO</level>
  <class>dev.asjordi.Main</class>
  <method>main</method>
  <thread>30</thread>
  <message>Starting application</message>
</record>
<record>
  <date>2026-09-18T01:51:04.800191683Z</date>
  <millis>1789696264800</millis>
  <nanos>191683</nanos>
  <sequence>1</sequence>
  <logger>global</logger>
  <level>INFO</level>
  <class>dev.asjordi.request.RequestManager</class>
  <method>buildURL</method>
  <thread>30</thread>
  <message>Building URL for OpenWeather API request</message>
</record>
<record>
  <date>2026-09-18T01:51:04.800800273Z</date>
  <millis>1789696264800</millis>
  <nanos>800273</nanos>
  <sequence>2</sequence>
  <logger>global</logger>
  <level>INFO</level>
  <class>dev.asjordi.request.RequestManager</class>
  <method>buildURL</method>
  <thread>30</thread>
  <message>URL built successfully</message>
</record>
<record>
  <date>2026-09-18T01:51:04.923406703Z</date>
  <millis>1789696264923</millis>
  <nanos>406703</nanos>
  <sequence>3</sequence>
  <logger>global</logger>
  <level>INFO</level>
  <class>dev.asjordi.weather.DataMapper</class>
  <method>&lt;init&gt;</method>
  <thread>30</thread>
  <message>DataMapper initialized</message>
</record>
<record>
  <date>2026-09-18T01:51:04.924174088Z</date>
  <millis>1789696264924</millis>
  <nanos>174088</nanos>
  <sequence>4</sequence>
  <logger>global</logger>
  <level>INFO</level>
  <class>dev.asjordi.weather.WeatherDataProcessor</class>
  <method>&lt;init&gt;</method>
  <thread>30</thread>
  <message>WeatherDataProcessor initialized</message>
</record>
<record>
  <date>2026-09-18T01:51:04.924813797Z</date>
  <millis>1789696264924</millis>
  <nanos>813797</nanos>
  <sequence>5</sequence>
  <logger>global</logger>
  <level>INFO</level>
  <class>dev.asjordi.weather.WeatherDataProcessor</class>
  <method>processData</method>
  <thread>30</thread>
  <message>Starting data processing</message>
</record>
<record>
  <date>2026-09-18T01:51:04.925421997Z</date>
  <millis>1789696264925</millis>
  <nanos>421997</nanos>
  <sequence>6</sequence>
  <logger>global</logger>
  <level>INFO</level>
  <class>dev.asjordi.request.RequestManager</class>
  <method>makeRequest</method>
  <thread>30</thread>
  <message>Starting HTTP request to OpenWeather API</message>
</record>
<record>
  <date>2026-09-18T01:51:04.957131509Z</date>
  <millis>1789696264957</millis>
  <nanos>131509</nanos>
  <sequence>7</sequence>
  <logger>global</logger>
  <level>INFO</level>
  <class>dev.asjordi.request.RequestManager</class>
  <method>makeRequest</method>
  <thread>30</thread>
  <message>HTTP request build successfully</message>
</record>
<record>
  <date>2026-09-18T01:51:05.018122664Z</date>
  <millis>1789696265018</millis>
  <nanos>122664</nanos>
  <sequence>8</sequence>
  <logger>global</logger>
  <level>INFO</level>
  <class>dev.asjordi.request.RequestManager</class>
  <method>makeRequest</method>
  <thread>30</thread>
  <message>HTTP client built successfully</message>
</record>
<record>
  <date>2026-09-18T01:51:05.328210879Z</date>
  <millis>1789696265328</millis>
  <nanos>210879</nanos>
  <sequence>9</sequence>
  <logger>global</logger>
  <level>INFO</level>
  <class>dev.asjordi.request.RequestManager</class>
  <method>makeRequest</method>
  <thread>30</thread>
  <message>HTTP request sent successfully</message>
</record>
<record>
  <date>2026-09-18T01:51:05.330690465Z</date>
  <millis>1789696265330</millis>
  <nanos>690465</nanos>
  <sequence>10</sequence>
  <logger>global</logger>
  <level>INFO</level>
  <class>dev.asjordi.weather.DataMapper</class>
  <method>mapDataToObject</method>
  <thread>30</thread>
  <message>Mapping data to WeatherApiResponse object</message>
</record>
<record>
  <date>2026-09-18T01:51:05.391400318Z</date>
  <millis>1789696265391</millis>
  <nanos>400318</nanos>
  <sequence>11</sequence>
  <logger>global</logger>
  <level>INFO</level>
  <class>dev.asjordi.weather.DataMapper</class>
  <method>mapDataToObject</method>
  <thread>30</thread>
  <message>Data mapped to WeatherApiResponse object successfully</message>
</record>
<record>
  <date>2026-09-18T01:51:05.392035377Z</date>
  <millis>1789696265392</millis>
  <nanos>35377</nanos>
  <sequence>12</sequence>
  <logger>global</logger>
  <level>INFO</level>
  <class>dev.asjordi.weather.WeatherDataProcessor</class>
  <method>processData</method>
  <thread>30</thread>
  <message>Data processed successfully</message>
</record>
<record>
  <date>2026-09-18T01:51:05.392635342Z</date>
  <millis>1789696265392</millis>
  <nanos>635342</nanos>
  <sequence>13</sequence>
  <logger>global</logger>
  <level>INFO</level>
  <class>dev.asjordi.weather.WeatherDataProcessor</class>
  <method>generateReport</method>
  <thread>30</thread>
  <message>Generating weather report</message>
</record>
<record>
  <date>2026-09-18T01:51:05.398589071Z</date>
  <millis>1789696265398</millis>
  <nanos>589071</nanos>
  <sequence>14</sequence>
  <logger>global</logger>
  <level>INFO</level>
  <class>dev.asjordi.weather.WeatherDataProcessor</class>
  <method>generateReport</method>
  <thread>30</thread>
  <message>Weather report generated successfully</message>
</record>
<record>
  <date>2026-09-18T01:51:05.456729962Z</date>
  <millis>1789696265456</millis>
  <nanos>729962</nanos>
  <sequence>15</sequence>
  <logger>global</logger>
  <level>INFO</level>
  <class>dev.asjordi.bot.WeatherBot</class>
  <method>&lt;init&gt;</method>
  <thread>30</thread>
  <message>WeatherBot initialized</message>
</record>
<record>
  <date>2026-09-18T01:51:05.457495684Z</date>
  <millis>1789696265457</millis>
  <nanos>495684</nanos>
  <sequence>16</sequence>
  <logger>global</logger>
  <level>INFO</level>
  <class>dev.asjordi.bot.BotService</class>
  <method>&lt;init&gt;</method>
  <thread>30</thread>
  <message>BotService initialized</message>
</record>
<record>
  <date>2026-09-18T01:51:05.457984753Z</date>
  <millis>1789696265457</millis>
  <nanos>984753</nanos>
  <sequence>17</sequence>
  <logger>global</logger>
  <level>INFO</level>
  <class>dev.asjordi.bot.BotService</class>
  <method>sendWeatherReport</method>
  <thread>30</thread>
  <message>Sending weather report</message>
</record>
<record>
  <date>2026-09-18T01:51:06.838938353Z</date>
  <millis>1789696266838</millis>
  <nanos>938353</nanos>
  <sequence>18</sequence>
  <logger>global</logger>
  <level>INFO</level>
  <class>dev.asjordi.bot.BotService</class>
  <method>sendWeatherReport</method>
  <thread>30</thread>
  <message>Weather report sent successfully</message>
</record>
</log>
<?xml version="1.0" encoding="UTF-8" standalone="no"?>
<!DOCTYPE log SYSTEM "logger.dtd">
<log>
<record>
  <date>2026-09-18T08:32:43.910898428Z</date>
  <millis>1789720363910</millis>
  <nanos>898428</nanos>
  <sequence>0</sequence>
  <logger>global</logger>
  <level>INFO</level>
  <class>dev.asjordi.Main</class>
  <method>main</method>
  <thread>30</thread>
  <message>Starting application</message>
</record>
<record>
  <date>2026-09-18T08:32:43.916814006Z</date>
  <millis>1789720363916</millis>
  <nanos>814006</nanos>
  <sequence>1</sequence>
  <logger>global</logger>
  <level>INFO</level>
  <class>dev.asjordi.request.RequestManager</class>
  <method>buildURL</method>
  <thread>30</thread>
  <message>Building URL for OpenWeather API request</message>
</record>
<record>
  <date>2026-09-18T08:32:43.917200273Z</date>
  <millis>1789720363917</millis>
  <nanos>200273</nanos>
  <sequence>2</sequence>
  <logger>global</logger>
  <level>INFO</level>
  <class>dev.asjordi.request.RequestManager</class>
  <method>buildURL</method>
  <thread>30</thread>
  <message>URL built successfully</message>
</record>
<record>
  <date>2026-09-18T08:32:43.989951722Z</date>
  <millis>1789720363989</millis>
  <nanos>951722</nanos>
  <sequence>3</sequence>
  <logger>global</logger>
  <level>INFO</level>
  <class>dev.asjordi.weather.DataMapper</class>
  <method>&lt;init&gt;</method>
  <thread>30</thread>
  <message>DataMapper initialized</message>
</record>
<record>
  <date>2026-09-18T08:32:43.990707741Z</date>
  <millis>1789720363990</millis>
  <nanos>707741</nanos>
  <sequence>4</sequence>
  <logger>global</logger>
  <level>INFO</level>
  <class>dev.asjordi.weather.WeatherDataProcessor</class>
  <method>&lt;init&gt;</method>
  <thread>30</thread>
  <message>WeatherDataProcessor initialized</message>
</record>
<record>
  <date>2026-09-18T08:32:43.991089362Z</date>
  <millis>1789720363991</millis>
  <nanos>89362</nanos>
  <sequence>5</sequence>
  <logger>global</logger>
  <level>INFO</level>
  <class>dev.asjordi.weather.WeatherDataProcessor</class>
  <method>processData</method>
  <thread>30</thread>
  <message>Starting data processing</message>
</record>
<record>
  <date>2026-09-18T08:32:43.991424322Z</date>
  <millis>1789720363991</millis>
  <nanos>424322</nanos>
  <sequence>6</sequence>
  <logger>global</logger>
  <level>INFO</level>
  <class>dev.asjordi.request.RequestManager</class>
  <method>makeRequest</method>
  <thread>30</thread>
  <message>Starting HTTP request to OpenWeather API</message>
</record>
<record>
  <date>2026-09-18T08:32:43.997700224Z</date>
  <millis>1789720363997</millis>
  <nanos>700224</nanos>
  <sequence>7</sequence>
  <logger>global</logger>
  <level>INFO</level>
  <class>dev.asjordi.request.RequestManager</class>
  <method>makeRequest</method>
  <thread>30</thread>
  <message>HTTP request build successfully</message>
</record>
<record>
  <date>2026-09-18T08:32:44.018278069Z</date>
  <millis>1789720364018</millis>
  <nanos>278069</nanos>
  <sequence>8</sequence>
  <logger>global</logger>
  <level>INFO</level>
  <class>dev.asjordi.request.RequestManager</class>
  <method>makeRequest</method>
  <thread>30</thread>
  <message>HTTP client built successfully</message>
</record>
<record>
  <date>2026-09-18T08:32:44.289037523Z</date>
  <millis>1789720364289</millis>
  <nanos>37523</nanos>
  <sequence>9</sequence>
  <logger>global</logger>
  <level>INFO</level>
  <class>dev.asjordi.request.RequestManager</class>
  <method>makeRequest</method>
  <thread>30</thread>
  <message>HTTP request sent successfully</message>
</record>
<record>
  <date>2026-09-18T08:32:44.290976590Z</date>
  <millis>1789720364290</millis>
  <nanos>976590</nanos>
  <sequence>10</sequence>
  <logger>global</logger>
  <level>INFO</level>
  <class>dev.asjordi.weather.DataMapper</class>
  <method>mapDataToObject</method>
  <thread>30</thread>
  <message>Mapping data to WeatherApiResponse object</message>
</record>
<record>
  <date>2026-09-18T08:32:44.325308270Z</date>
  <millis>1789720364325</millis>
  <nanos>308270</nanos>
  <sequence>11</sequence>
  <logger>global</logger>
  <level>INFO</level>
  <class>dev.asjordi.weather.DataMapper</class>
  <method>mapDataToObject</method>
  <thread>30</thread>
  <message>Data mapped to WeatherApiResponse object successfully</message>
</record>
<record>
  <date>2026-09-18T08:32:44.325925962Z</date>
  <millis>1789720364325</millis>
  <nanos>925962</nanos>
  <sequence>12</sequence>
  <logger>global</logger>
  <level>INFO</level>
  <class>dev.asjordi.weather.WeatherDataProcessor</class>
  <method>processData</method>
  <thread>30</thread>
  <message>Data processed successfully</message>
</record>
<record>
  <date>2026-09-18T08:32:44.326409024Z</date>
  <millis>1789720364326</millis>
  <nanos>409024</nanos>
  <sequence>13</sequence>
  <logger>global</logger>
  <level>INFO</level>
  <class>dev.asjordi.weather.WeatherDataProcessor</class>
  <method>generateReport</method>
  <thread>30</thread>
  <message>Generating weather report</message>
</record>
<record>
  <date>2026-09-18T08:32:44.328834558Z</date>
  <millis>1789720364328</millis>
  <nanos>834558</nanos>
  <sequence>14</sequence>
  <logger>global</logger>
  <level>INFO</level>
  <class>dev.asjordi.weather.WeatherDataProcessor</class>
  <method>generateReport</method>
  <thread>30</thread>
  <message>Weather report generated successfully</message>
</record>
<record>
  <date>2026-09-18T08:32:44.370981798Z</date>
  <millis>1789720364370</millis>
  <nanos>981798</nanos>
  <sequence>15</sequence>
  <logger>global</logger>
  <level>INFO</level>
  <class>dev.asjordi.bot.WeatherBot</class>
  <method>&lt;init&gt;</method>
  <thread>30</thread>
  <message>WeatherBot initialized</message>
</record>
<record>
  <date>2026-09-18T08:32:44.371582646Z</date>
  <millis>1789720364371</millis>
  <nanos>582646</nanos>
  <sequence>16</sequence>
  <logger>global</logger>
  <level>INFO</level>
  <class>dev.asjordi.bot.BotService</class>
  <method>&lt;init&gt;</method>
  <thread>30</thread>
  <message>BotService initialized</message>
</record>
<record>
  <date>2026-09-18T08:32:44.371895083Z</date>
  <millis>1789720364371</millis>
  <nanos>895083</nanos>
  <sequence>17</sequence>
  <logger>global</logger>
  <level>INFO</level>
  <class>dev.asjordi.bot.BotService</class>
  <method>sendWeatherReport</method>
  <thread>30</thread>
  <message>Sending weather report</message>
</record>
<record>
  <date>2026-09-18T08:32:45.912675564Z</date>
  <millis>1789720365912</millis>
  <nanos>675564</nanos>
  <sequence>18</sequence>
  <logger>global</logger>
  <level>INFO</level>
  <class>dev.asjordi.bot.BotService</class>
  <method>sendWeatherReport</method>
  <thread>30</thread>
  <message>Weather report sent successfully</message>
</record>
</log>
<?xml version="1.0" encoding="UTF-8" standalone="no"?>
<!DOCTYPE log SYSTEM "logger.dtd">
<log>
<record>
  <date>2026-09-18T15:18:45.024700651Z</date>
  <millis>1789744725024</millis>
  <nanos>700651</nanos>
  <sequence>0</sequence>
  <logger>global</logger>
  <level>INFO</level>
  <class>dev.asjordi.Main</class>
  <method>main</method>
  <thread>30</thread>
  <message>Starting application</message>
</record>
<record>
  <date>2026-09-18T15:18:45.033332762Z</date>
  <millis>1789744725033</millis>
  <nanos>332762</nanos>
  <sequence>1</sequence>
  <logger>global</logger>
  <level>INFO</level>
  <class>dev.asjordi.request.RequestManager</class>
  <method>buildURL</method>
  <thread>30</thread>
  <message>Building URL for OpenWeather API request</message>
</record>
<record>
  <date>2026-09-18T15:18:45.033910852Z</date>
  <millis>1789744725033</millis>
  <nanos>910852</nanos>
  <sequence>2</sequence>
  <logger>global</logger>
  <level>INFO</level>
  <class>dev.asjordi.request.RequestManager</class>
  <method>buildURL</method>
  <thread>30</thread>
  <message>URL built successfully</message>
</record>
<record>
  <date>2026-09-18T15:18:45.146239994Z</date>
  <millis>1789744725146</millis>
  <nanos>239994</nanos>
  <sequence>3</sequence>
  <logger>global</logger>
  <level>INFO</level>
  <class>dev.asjordi.weather.DataMapper</class>
  <method>&lt;init&gt;</method>
  <thread>30</thread>
  <message>DataMapper initialized</message>
</record>
<record>
  <date>2026-09-18T15:18:45.147139648Z</date>
  <millis>1789744725147</millis>
  <nanos>139648</nanos>
  <sequence>4</sequence>
  <logger>global</logger>
  <level>INFO</level>
  <class>dev.asjordi.weather.WeatherDataProcessor</class>
  <method>&lt;init&gt;</method>
  <thread>30</thread>
  <message>WeatherDataProcessor initialized</message>
</record>
<record>
  <date>2026-09-18T15:18:45.147675805Z</date>
  <millis>1789744725147</millis>
  <nanos>675805</nanos>
  <sequence>5</sequence>
  <logger>global</logger>
  <level>INFO</level>
  <class>dev.asjordi.weather.WeatherDataProcessor</class>
  <method>processData</method>
  <thread>30</thread>
  <message>Starting data processing</message>
</record>
<record>
  <date>2026-09-18T15:18:45.148161816Z</date>
  <millis>1789744725148</millis>
  <nanos>161816</nanos>
  <sequence>6</sequence>
  <logger>global</logger>
  <level>INFO</level>
  <class>dev.asjordi.request.RequestManager</class>
  <method>makeRequest</method>
  <thread>30</thread>
  <message>Starting HTTP request to OpenWeather API</message>
</record>
<record>
  <date>2026-09-18T15:18:45.243844065Z</date>
  <millis>1789744725243</millis>
  <nanos>844065</nanos>
  <sequence>7</sequence>
  <logger>global</logger>
  <level>INFO</level>
  <class>dev.asjordi.request.RequestManager</class>
  <method>makeRequest</method>
  <thread>30</thread>
  <message>HTTP request build successfully</message>
</record>
<record>
  <date>2026-09-18T15:18:45.298664014Z</date>
  <millis>1789744725298</millis>
  <nanos>664014</nanos>
  <sequence>8</sequence>
  <logger>global</logger>
  <level>INFO</level>
  <class>dev.asjordi.request.RequestManager</class>
  <method>makeRequest</method>
  <thread>30</thread>
  <message>HTTP client built successfully</message>
</record>
<record>
  <date>2026-09-18T15:18:45.953284277Z</date>
  <millis>1789744725953</millis>
  <nanos>284277</nanos>
  <sequence>9</sequence>
  <logger>global</logger>
  <level>INFO</level>
  <class>dev.asjordi.request.RequestManager</class>
  <method>makeRequest</method>
  <thread>30</thread>
  <message>HTTP request sent successfully</message>
</record>
<record>
  <date>2026-09-18T15:18:45.955463046Z</date>
  <millis>1789744725955</millis>
  <nanos>463046</nanos>
  <sequence>10</sequence>
  <logger>global</logger>
  <level>INFO</level>
  <class>dev.asjordi.weather.DataMapper</class>
  <method>mapDataToObject</method>
  <thread>30</thread>
  <message>Mapping data to WeatherApiResponse object</message>
</record>
<record>
  <date>2026-09-18T15:18:45.996867197Z</date>
  <millis>1789744725996</millis>
  <nanos>867197</nanos>
  <sequence>11</sequence>
  <logger>global</logger>
  <level>INFO</level>
  <class>dev.asjordi.weather.DataMapper</class>
  <method>mapDataToObject</method>
  <thread>30</thread>
  <message>Data mapped to WeatherApiResponse object successfully</message>
</record>
<record>
  <date>2026-09-18T15:18:45.997404275Z</date>
  <millis>1789744725997</millis>
  <nanos>404275</nanos>
  <sequence>12</sequence>
  <logger>global</logger>
  <level>INFO</level>
  <class>dev.asjordi.weather.WeatherDataProcessor</class>
  <method>processData</method>
  <thread>30</thread>
  <message>Data processed successfully</message>
</record>
<record>
  <date>2026-09-18T15:18:45.997900562Z</date>
  <millis>1789744725997</millis>
  <nanos>900562</nanos>
  <sequence>13</sequence>
  <logger>global</logger>
  <level>INFO</level>
  <class>dev.asjordi.weather.WeatherDataProcessor</class>
  <method>generateReport</method>
  <thread>30</thread>
  <message>Generating weather report</message>
</record>
<record>
  <date>2026-09-18T15:18:46.155070360Z</date>
  <millis>1789744726155</millis>
  <nanos>70360</nanos>
  <sequence>14</sequence>
  <logger>global</logger>
  <level>INFO</level>
  <class>dev.asjordi.weather.WeatherDataProcessor</class>
  <method>generateReport</method>
  <thread>30</thread>
  <message>Weather report generated successfully</message>
</record>
<record>
  <date>2026-09-18T15:18:46.204770599Z</date>
  <millis>1789744726204</millis>
  <nanos>770599</nanos>
  <sequence>15</sequence>
  <logger>global</logger>
  <level>INFO</level>
  <class>dev.asjordi.bot.WeatherBot</class>
  <method>&lt;init&gt;</method>
  <thread>30</thread>
  <message>WeatherBot initialized</message>
</record>
<record>
  <date>2026-09-18T15:18:46.205367728Z</date>
  <millis>1789744726205</millis>
  <nanos>367728</nanos>
  <sequence>16</sequence>
  <logger>global</logger>
  <level>INFO</level>
  <class>dev.asjordi.bot.BotService</class>
  <method>&lt;init&gt;</method>
  <thread>30</thread>
  <message>BotService initialized</message>
</record>
<record>
  <date>2026-09-18T15:18:46.205840639Z</date>
  <millis>1789744726205</millis>
  <nanos>840639</nanos>
  <sequence>17</sequence>
  <logger>global</logger>
  <level>INFO</level>
  <class>dev.asjordi.bot.BotService</class>
  <method>sendWeatherReport</method>
  <thread>30</thread>
  <message>Sending weather report</message>
</record>
<record>
  <date>2026-09-18T15:18:47.706798058Z</date>
  <millis>1789744727706</millis>
  <nanos>798058</nanos>
  <sequence>18</sequence>
  <logger>global</logger>
  <level>INFO</level>
  <class>dev.asjordi.bot.BotService</class>
  <method>sendWeatherReport</method>
  <thread>30</thread>
  <message>Weather report sent successfully</message>
</record>
</log>
<?xml version="1.0" encoding="UTF-8" standalone="no"?>
<!DOCTYPE log SYSTEM "logger.dtd">
<log>
<record>
  <date>2026-09-18T18:41:53.706369482Z</date>
  <millis>1789756913706</millis>
  <nanos>369482</nanos>
  <sequence>0</sequence>
  <logger>global</logger>
  <level>INFO</level>
  <class>dev.asjordi.Main</class>
  <method>main</method>
  <thread>30</thread>
  <message>Starting application</message>
</record>
<record>
  <date>2026-09-18T18:41:53.712763165Z</date>
  <millis>1789756913712</millis>
  <nanos>763165</nanos>
  <sequence>1</sequence>
  <logger>global</logger>
  <level>INFO</level>
  <class>dev.asjordi.request.RequestManager</class>
  <method>buildURL</method>
  <thread>30</thread>
  <message>Building URL for OpenWeather API request</message>
</record>
<record>
  <date>2026-09-18T18:41:53.713228826Z</date>
  <millis>1789756913713</millis>
  <nanos>228826</nanos>
  <sequence>2</sequence>
  <logger>global</logger>
  <level>INFO</level>
  <class>dev.asjordi.request.RequestManager</class>
  <method>buildURL</method>
  <thread>30</thread>
  <message>URL built successfully</message>
</record>
<record>
  <date>2026-09-18T18:41:53.794968502Z</date>
  <millis>1789756913794</millis>
  <nanos>968502</nanos>
  <sequence>3</sequence>
  <logger>global</logger>
  <level>INFO</level>
  <class>dev.asjordi.weather.DataMapper</class>
  <method>&lt;init&gt;</method>
  <thread>30</thread>
  <message>DataMapper initialized</message>
</record>
<record>
  <date>2026-09-18T18:41:53.795589226Z</date>
  <millis>1789756913795</millis>
  <nanos>589226</nanos>
  <sequence>4</sequence>
  <logger>global</logger>
  <level>INFO</level>
  <class>dev.asjordi.weather.WeatherDataProcessor</class>
  <method>&lt;init&gt;</method>
  <thread>30</thread>
  <message>WeatherDataProcessor initialized</message>
</record>
<record>
  <date>2026-09-18T18:41:53.796058372Z</date>
  <millis>1789756913796</millis>
  <nanos>58372</nanos>
  <sequence>5</sequence>
  <logger>global</logger>
  <level>INFO</level>
  <class>dev.asjordi.weather.WeatherDataProcessor</class>
  <method>processData</method>
  <thread>30</thread>
  <message>Starting data processing</message>
</record>
<record>
  <date>2026-09-18T18:41:53.796473717Z</date>
  <millis>1789756913796</millis>
  <nanos>473717</nanos>
  <sequence>6</sequence>
  <logger>global</logger>
  <level>INFO</level>
  <class>dev.asjordi.request.RequestManager</class>
  <method>makeRequest</method>
  <thread>30</thread>
  <message>Starting HTTP request to OpenWeather API</message>
</record>
<record>
  <date>2026-09-18T18:41:53.819604591Z</date>
  <millis>1789756913819</millis>
  <nanos>604591</nanos>
  <sequence>7</sequence>
  <logger>global</logger>
  <level>INFO</level>
  <class>dev.asjordi.request.RequestManager</class>
  <method>makeRequest</method>
  <thread>30</thread>
  <message>HTTP request build successfully</message>
</record>
<record>
  <date>2026-09-18T18:41:53.842308873Z</date>
  <millis>1789756913842</millis>
  <nanos>308873</nanos>
  <sequence>8</sequence>
  <logger>global</logger>
  <level>INFO</level>
  <class>dev.asjordi.request.RequestManager</class>
  <method>makeRequest</method>
  <thread>30</thread>
  <message>HTTP client built successfully</message>
</record>
<record>
  <date>2026-09-18T18:41:54.337867304Z</date>
  <millis>1789756914337</millis>
  <nanos>867304</nanos>
  <sequence>9</sequence>
  <logger>global</logger>
  <level>INFO</level>
  <class>dev.asjordi.request.RequestManager</class>
  <method>makeRequest</method>
  <thread>30</thread>
  <message>HTTP request sent successfully</message>
</record>
<record>
  <date>2026-09-18T18:41:54.339942487Z</date>
  <millis>1789756914339</millis>
  <nanos>942487</nanos>
  <sequence>10</sequence>
  <logger>global</logger>
  <level>INFO</level>
  <class>dev.asjordi.weather.DataMapper</class>
  <method>mapDataToObject</method>
  <thread>30</thread>
  <message>Mapping data to WeatherApiResponse object</message>
</record>
<record>
  <date>2026-09-18T18:41:54.378288822Z</date>
  <millis>1789756914378</millis>
  <nanos>288822</nanos>
  <sequence>11</sequence>
  <logger>global</logger>
  <level>INFO</level>
  <class>dev.asjordi.weather.DataMapper</class>
  <method>mapDataToObject</method>
  <thread>30</thread>
  <message>Data mapped to WeatherApiResponse object successfully</message>
</record>
<record>
  <date>2026-09-18T18:41:54.378663125Z</date>
  <millis>1789756914378</millis>
  <nanos>663125</nanos>
  <sequence>12</sequence>
  <logger>global</logger>
  <level>INFO</level>
  <class>dev.asjordi.weather.WeatherDataProcessor</class>
  <method>processData</method>
  <thread>30</thread>
  <message>Data processed successfully</message>
</record>
<record>
  <date>2026-09-18T18:41:54.379015916Z</date>
  <millis>1789756914379</millis>
  <nanos>15916</nanos>
  <sequence>13</sequence>
  <logger>global</logger>
  <level>INFO</level>
  <class>dev.asjordi.weather.WeatherDataProcessor</class>
  <method>generateReport</method>
  <thread>30</thread>
  <message>Generating weather report</message>
</record>
<record>
  <date>2026-09-18T18:41:54.380936617Z</date>
  <millis>1789756914380</millis>
  <nanos>936617</nanos>
  <sequence>14</sequence>
  <logger>global</logger>
  <level>INFO</level>
  <class>dev.asjordi.weather.WeatherDataProcessor</class>
  <method>generateReport</method>
  <thread>30</thread>
  <message>Weather report generated successfully</message>
</record>
<record>
  <date>2026-09-18T18:41:54.428011228Z</date>
  <millis>1789756914428</millis>
  <nanos>11228</nanos>
  <sequence>15</sequence>
  <logger>global</logger>
  <level>INFO</level>
  <class>dev.asjordi.bot.WeatherBot</class>
  <method>&lt;init&gt;</method>
  <thread>30</thread>
  <message>WeatherBot initialized</message>
</record>
<record>
  <date>2026-09-18T18:41:54.428583990Z</date>
  <millis>1789756914428</millis>
  <nanos>583990</nanos>
  <sequence>16</sequence>
  <logger>global</logger>
  <level>INFO</level>
  <class>dev.asjordi.bot.BotService</class>
  <method>&lt;init&gt;</method>
  <thread>30</thread>
  <message>BotService initialized</message>
</record>
<record>
  <date>2026-09-18T18:41:54.428953226Z</date>
  <millis>1789756914428</millis>
  <nanos>953226</nanos>
  <sequence>17</sequence>
  <logger>global</logger>
  <level>INFO</level>
  <class>dev.asjordi.bot.BotService</class>
  <method>sendWeatherReport</method>
  <thread>30</thread>
  <message>Sending weather report</message>
</record>
<record>
  <date>2026-09-18T18:41:56.007782904Z</date>
  <millis>1789756916007</millis>
  <nanos>782904</nanos>
  <sequence>18</sequence>
  <logger>global</logger>
  <level>INFO</level>
  <class>dev.asjordi.bot.BotService</class>
  <method>sendWeatherReport</method>
  <thread>30</thread>
  <message>Weather report sent successfully</message>
</record>
</log>
<?xml version="1.0" encoding="UTF-8" standalone="no"?>
<!DOCTYPE log SYSTEM "logger.dtd">
<log>
<record>
  <date>2026-09-18T21:59:50.575558887Z</date>
  <millis>1789768790575</millis>
  <nanos>558887</nanos>
  <sequence>0</sequence>
  <logger>global</logger>
  <level>INFO</level>
  <class>dev.asjordi.Main</class>
  <method>main</method>
  <thread>30</thread>
  <message>Starting application</message>
</record>
<record>
  <date>2026-09-18T21:59:50.584653724Z</date>
  <millis>1789768790584</millis>
  <nanos>653724</nanos>
  <sequence>1</sequence>
  <logger>global</logger>
  <level>INFO</level>
  <class>dev.asjordi.request.RequestManager</class>
  <method>buildURL</method>
  <thread>30</thread>
  <message>Building URL for OpenWeather API request</message>
</record>
<record>
  <date>2026-09-18T21:59:50.585343633Z</date>
  <millis>1789768790585</millis>
  <nanos>343633</nanos>
  <sequence>2</sequence>
  <logger>global</logger>
  <level>INFO</level>
  <class>dev.asjordi.request.RequestManager</class>
  <method>buildURL</method>
  <thread>30</thread>
  <message>URL built successfully</message>
</record>
<record>
  <date>2026-09-18T21:59:50.712925839Z</date>
  <millis>1789768790712</millis>
  <nanos>925839</nanos>
  <sequence>3</sequence>
  <logger>global</logger>
  <level>INFO</level>
  <class>dev.asjordi.weather.DataMapper</class>
  <method>&lt;init&gt;</method>
  <thread>30</thread>
  <message>DataMapper initialized</message>
</record>
<record>
  <date>2026-09-18T21:59:50.713894699Z</date>
  <millis>1789768790713</millis>
  <nanos>894699</nanos>
  <sequence>4</sequence>
  <logger>global</logger>
  <level>INFO</level>
  <class>dev.asjordi.weather.WeatherDataProcessor</class>
  <method>&lt;init&gt;</method>
  <thread>30</thread>
  <message>WeatherDataProcessor initialized</message>
</record>
<record>
  <date>2026-09-18T21:59:50.714604819Z</date>
  <millis>1789768790714</millis>
  <nanos>604819</nanos>
  <sequence>5</sequence>
  <logger>global</logger>
  <level>INFO</level>
  <class>dev.asjordi.weather.WeatherDataProcessor</class>
  <method>processData</method>
  <thread>30</thread>
  <message>Starting data processing</message>
</record>
<record>
  <date>2026-09-18T21:59:50.715159846Z</date>
  <millis>1789768790715</millis>
  <nanos>159846</nanos>
  <sequence>6</sequence>
  <logger>global</logger>
  <level>INFO</level>
  <class>dev.asjordi.request.RequestManager</class>
  <method>makeRequest</method>
  <thread>30</thread>
  <message>Starting HTTP request to OpenWeather API</message>
</record>
<record>
  <date>2026-09-18T21:59:50.743195319Z</date>
  <millis>1789768790743</millis>
  <nanos>195319</nanos>
  <sequence>7</sequence>
  <logger>global</logger>
  <level>INFO</level>
  <class>dev.asjordi.request.RequestManager</class>
  <method>makeRequest</method>
  <thread>30</thread>
  <message>HTTP request build successfully</message>
</record>
<record>
  <date>2026-09-18T21:59:50.813179903Z</date>
  <millis>1789768790813</millis>
  <nanos>179903</nanos>
  <sequence>8</sequence>
  <logger>global</logger>
  <level>INFO</level>
  <class>dev.asjordi.request.RequestManager</class>
  <method>makeRequest</method>
  <thread>30</thread>
  <message>HTTP client built successfully</message>
</record>
<record>
  <date>2026-09-18T21:59:51.083095699Z</date>
  <millis>1789768791083</millis>
  <nanos>95699</nanos>
  <sequence>9</sequence>
  <logger>global</logger>
  <level>INFO</level>
  <class>dev.asjordi.request.RequestManager</class>
  <method>makeRequest</method>
  <thread>30</thread>
  <message>HTTP request sent successfully</message>
</record>
<record>
  <date>2026-09-18T21:59:51.085857707Z</date>
  <millis>1789768791085</millis>
  <nanos>857707</nanos>
  <sequence>10</sequence>
  <logger>global</logger>
  <level>INFO</level>
  <class>dev.asjordi.weather.DataMapper</class>
  <method>mapDataToObject</method>
  <thread>30</thread>
  <message>Mapping data to WeatherApiResponse object</message>
</record>
<record>
  <date>2026-09-18T21:59:51.135493544Z</date>
  <millis>1789768791135</millis>
  <nanos>493544</nanos>
  <sequence>11</sequence>
  <logger>global</logger>
  <level>INFO</level>
  <class>dev.asjordi.weather.DataMapper</class>
  <method>mapDataToObject</method>
  <thread>30</thread>
  <message>Data mapped to WeatherApiResponse object successfully</message>
</record>
<record>
  <date>2026-09-18T21:59:51.136093588Z</date>
  <millis>1789768791136</millis>
  <nanos>93588</nanos>
  <sequence>12</sequence>
  <logger>global</logger>
  <level>INFO</level>
  <class>dev.asjordi.weather.WeatherDataProcessor</class>
  <method>processData</method>
  <thread>30</thread>
  <message>Data processed successfully</message>
</record>
<record>
  <date>2026-09-18T21:59:51.136603516Z</date>
  <millis>1789768791136</millis>
  <nanos>603516</nanos>
  <sequence>13</sequence>
  <logger>global</logger>
  <level>INFO</level>
  <class>dev.asjordi.weather.WeatherDataProcessor</class>
  <method>generateReport</method>
  <thread>30</thread>
  <message>Generating weather report</message>
</record>
<record>
  <date>2026-09-18T21:59:51.139430858Z</date>
  <millis>1789768791139</millis>
  <nanos>430858</nanos>
  <sequence>14</sequence>
  <logger>global</logger>
  <level>INFO</level>
  <class>dev.asjordi.weather.WeatherDataProcessor</class>
  <method>generateReport</method>
  <thread>30</thread>
  <message>Weather report generated successfully</message>
</record>
<record>
  <date>2026-09-18T21:59:51.199207317Z</date>
  <millis>1789768791199</millis>
  <nanos>207317</nanos>
  <sequence>15</sequence>
  <logger>global</logger>
  <level>INFO</level>
  <class>dev.asjordi.bot.WeatherBot</class>
  <method>&lt;init&gt;</method>
  <thread>30</thread>
  <message>WeatherBot initialized</message>
</record>
<record>
  <date>2026-09-18T21:59:51.199941674Z</date>
  <millis>1789768791199</millis>
  <nanos>941674</nanos>
  <sequence>16</sequence>
  <logger>global</logger>
  <level>INFO</level>
  <class>dev.asjordi.bot.BotService</class>
  <method>&lt;init&gt;</method>
  <thread>30</thread>
  <message>BotService initialized</message>
</record>
<record>
  <date>2026-09-18T21:59:51.200518163Z</date>
  <millis>1789768791200</millis>
  <nanos>518163</nanos>
  <sequence>17</sequence>
  <logger>global</logger>
  <level>INFO</level>
  <class>dev.asjordi.bot.BotService</class>
  <method>sendWeatherReport</method>
  <thread>30</thread>
  <message>Sending weather report</message>
</record>
<record>
  <date>2026-09-18T21:59:52.453888953Z</date>
  <millis>1789768792453</millis>
  <nanos>888953</nanos>
  <sequence>18</sequence>
  <logger>global</logger>
  <level>INFO</level>
  <class>dev.asjordi.bot.BotService</class>
  <method>sendWeatherReport</method>
  <thread>30</thread>
  <message>Weather report sent successfully</message>
</record>
</log>
<?xml version="1.0" encoding="UTF-8" standalone="no"?>
<!DOCTYPE log SYSTEM "logger.dtd">
<log>
<record>
  <date>2026-09-19T01:56:17.706595360Z</date>
  <millis>1789782977706</millis>
  <nanos>595360</nanos>
  <sequence>0</sequence>
  <logger>global</logger>
  <level>INFO</level>
  <class>dev.asjordi.Main</class>
  <method>main</method>
  <thread>30</thread>
  <message>Starting application</message>
</record>
<record>
  <date>2026-09-19T01:56:17.712880369Z</date>
  <millis>1789782977712</millis>
  <nanos>880369</nanos>
  <sequence>1</sequence>
  <logger>global</logger>
  <level>INFO</level>
  <class>dev.asjordi.request.RequestManager</class>
  <method>buildURL</method>
  <thread>30</thread>
  <message>Building URL for OpenWeather API request</message>
</record>
<record>
  <date>2026-09-19T01:56:17.713274149Z</date>
  <millis>1789782977713</millis>
  <nanos>274149</nanos>
  <sequence>2</sequence>
  <logger>global</logger>
  <level>INFO</level>
  <class>dev.asjordi.request.RequestManager</class>
  <method>buildURL</method>
  <thread>30</thread>
  <message>URL built successfully</message>
</record>
<record>
  <date>2026-09-19T01:56:17.814071200Z</date>
  <millis>1789782977814</millis>
  <nanos>71200</nanos>
  <sequence>3</sequence>
  <logger>global</logger>
  <level>INFO</level>
  <class>dev.asjordi.weather.DataMapper</class>
  <method>&lt;init&gt;</method>
  <thread>30</thread>
  <message>DataMapper initialized</message>
</record>
<record>
  <date>2026-09-19T01:56:17.814695696Z</date>
  <millis>1789782977814</millis>
  <nanos>695696</nanos>
  <sequence>4</sequence>
  <logger>global</logger>
  <level>INFO</level>
  <class>dev.asjordi.weather.WeatherDataProcessor</class>
  <method>&lt;init&gt;</method>
  <thread>30</thread>
  <message>WeatherDataProcessor initialized</message>
</record>
<record>
  <date>2026-09-19T01:56:17.815281123Z</date>
  <millis>1789782977815</millis>
  <nanos>281123</nanos>
  <sequence>5</sequence>
  <logger>global</logger>
  <level>INFO</level>
  <class>dev.asjordi.weather.WeatherDataProcessor</class>
  <method>processData</method>
  <thread>30</thread>
  <message>Starting data processing</message>
</record>
<record>
  <date>2026-09-19T01:56:17.815659991Z</date>
  <millis>1789782977815</millis>
  <nanos>659991</nanos>
  <sequence>6</sequence>
  <logger>global</logger>
  <level>INFO</level>
  <class>dev.asjordi.request.RequestManager</class>
  <method>makeRequest</method>
  <thread>30</thread>
  <message>Starting HTTP request to OpenWeather API</message>
</record>
<record>
  <date>2026-09-19T01:56:17.834397612Z</date>
  <millis>1789782977834</millis>
  <nanos>397612</nanos>
  <sequence>7</sequence>
  <logger>global</logger>
  <level>INFO</level>
  <class>dev.asjordi.request.RequestManager</class>
  <method>makeRequest</method>
  <thread>30</thread>
  <message>HTTP request build successfully</message>
</record>
<record>
  <date>2026-09-19T01:56:17.882131319Z</date>
  <millis>1789782977882</millis>
  <nanos>131319</nanos>
  <sequence>8</sequence>
  <logger>global</logger>
  <level>INFO</level>
  <class>dev.asjordi.request.RequestManager</class>
  <method>makeRequest</method>
  <thread>30</thread>
  <message>HTTP client built successfully</message>
</record>
<record>
  <date>2026-09-19T01:56:18.356933312Z</date>
  <millis>1789782978356</millis>
  <nanos>933312</nanos>
  <sequence>9</sequence>
  <logger>global</logger>
  <level>INFO</level>
  <class>dev.asjordi.request.RequestManager</class>
  <method>makeRequest</method>
  <thread>30</thread>
  <message>HTTP request sent successfully</message>
</record>
<record>
  <date>2026-09-19T01:56:18.358867185Z</date>
  <millis>1789782978358</millis>
  <nanos>867185</nanos>
  <sequence>10</sequence>
  <logger>global</logger>
  <level>INFO</level>
  <class>dev.asjordi.weather.DataMapper</class>
  <method>mapDataToObject</method>
  <thread>30</thread>
  <message>Mapping data to WeatherApiResponse object</message>
</record>
<record>
  <date>2026-09-19T01:56:18.392791937Z</date>
  <millis>1789782978392</millis>
  <nanos>791937</nanos>
  <sequence>11</sequence>
  <logger>global</logger>
  <level>INFO</level>
  <class>dev.asjordi.weather.DataMapper</class>
  <method>mapDataToObject</method>
  <thread>30</thread>
  <message>Data mapped to WeatherApiResponse object successfully</message>
</record>
<record>
  <date>2026-09-19T01:56:18.393149342Z</date>
  <millis>1789782978393</millis>
  <nanos>149342</nanos>
  <sequence>12</sequence>
  <logger>global</logger>
  <level>INFO</level>
  <class>dev.asjordi.weather.WeatherDataProcessor</class>
  <method>processData</method>
  <thread>30</thread>
  <message>Data processed successfully</message>
</record>
<record>
  <date>2026-09-19T01:56:18.393559777Z</date>
  <millis>1789782978393</millis>
  <nanos>559777</nanos>
  <sequence>13</sequence>
  <logger>global</logger>
  <level>INFO</level>
  <class>dev.asjordi.weather.WeatherDataProcessor</class>
  <method>generateReport</method>
  <thread>30</thread>
  <message>Generating weather report</message>
</record>
<record>
  <date>2026-09-19T01:56:18.395571673Z</date>
  <millis>1789782978395</millis>
  <nanos>571673</nanos>
  <sequence>14</sequence>
  <logger>global</logger>
  <level>INFO</level>
  <class>dev.asjordi.weather.WeatherDataProcessor</class>
  <method>generateReport</method>
  <thread>30</thread>
  <message>Weather report generated successfully</message>
</record>
<record>
  <date>2026-09-19T01:56:18.438951114Z</date>
  <millis>1789782978438</millis>
  <nanos>951114</nanos>
  <sequence>15</sequence>
  <logger>global</logger>
  <level>INFO</level>
  <class>dev.asjordi.bot.WeatherBot</class>
  <method>&lt;init&gt;</method>
  <thread>30</thread>
  <message>WeatherBot initialized</message>
</record>
<record>
  <date>2026-09-19T01:56:18.439407227Z</date>
  <millis>1789782978439</millis>
  <nanos>407227</nanos>
  <sequence>16</sequence>
  <logger>global</logger>
  <level>INFO</level>
  <class>dev.asjordi.bot.BotService</class>
  <method>&lt;init&gt;</method>
  <thread>30</thread>
  <message>BotService initialized</message>
</record>
<record>
  <date>2026-09-19T01:56:18.439829710Z</date>
  <millis>1789782978439</millis>
  <nanos>829710</nanos>
  <sequence>17</sequence>
  <logger>global</logger>
  <level>INFO</level>
  <class>dev.asjordi.bot.BotService</class>
  <method>sendWeatherReport</method>
  <thread>30</thread>
  <message>Sending weather report</message>
</record>
<record>
  <date>2026-09-19T01:56:19.844233481Z</date>
  <millis>1789782979844</millis>
  <nanos>233481</nanos>
  <sequence>18</sequence>
  <logger>global</logger>
  <level>INFO</level>
  <class>dev.asjordi.bot.BotService</class>
  <method>sendWeatherReport</method>
  <thread>30</thread>
  <message>Weather report sent successfully</message>
</record>
</log>
<?xml version="1.0" encoding="UTF-8" standalone="no"?>
<!DOCTYPE log SYSTEM "logger.dtd">
<log>
<record>
  <date>2026-09-19T08:20:11.405444047Z</date>
  <millis>1789806011405</millis>
  <nanos>444047</nanos>
  <sequence>0</sequence>
  <logger>global</logger>
  <level>INFO</level>
  <class>dev.asjordi.Main</class>
  <method>main</method>
  <thread>29</thread>
  <message>Starting application</message>
</record>
<record>
  <date>2026-09-19T08:20:11.422141887Z</date>
  <millis>1789806011422</millis>
  <nanos>141887</nanos>
  <sequence>1</sequence>
  <logger>global</logger>
  <level>INFO</level>
  <class>dev.asjordi.request.RequestManager</class>
  <method>buildURL</method>
  <thread>29</thread>
  <message>Building URL for OpenWeather API request</message>
</record>
<record>
  <date>2026-09-19T08:20:11.422832867Z</date>
  <millis>1789806011422</millis>
  <nanos>832867</nanos>
  <sequence>2</sequence>
  <logger>global</logger>
  <level>INFO</level>
  <class>dev.asjordi.request.RequestManager</class>
  <method>buildURL</method>
  <thread>29</thread>
  <message>URL built successfully</message>
</record>
<record>
  <date>2026-09-19T08:20:11.541732282Z</date>
  <millis>1789806011541</millis>
  <nanos>732282</nanos>
  <sequence>3</sequence>
  <logger>global</logger>
  <level>INFO</level>
  <class>dev.asjordi.weather.DataMapper</class>
  <method>&lt;init&gt;</method>
  <thread>29</thread>
  <message>DataMapper initialized</message>
</record>
<record>
  <date>2026-09-19T08:20:11.542672176Z</date>
  <millis>1789806011542</millis>
  <nanos>672176</nanos>
  <sequence>4</sequence>
  <logger>global</logger>
  <level>INFO</level>
  <class>dev.asjordi.weather.WeatherDataProcessor</class>
  <method>&lt;init&gt;</method>
  <thread>29</thread>
  <message>WeatherDataProcessor initialized</message>
</record>
<record>
  <date>2026-09-19T08:20:11.543289028Z</date>
  <millis>1789806011543</millis>
  <nanos>289028</nanos>
  <sequence>5</sequence>
  <logger>global</logger>
  <level>INFO</level>
  <class>dev.asjordi.weather.WeatherDataProcessor</class>
  <method>processData</method>
  <thread>29</thread>
  <message>Starting data processing</message>
</record>
<record>
  <date>2026-09-19T08:20:11.543907202Z</date>
  <millis>1789806011543</millis>
  <nanos>907202</nanos>
  <sequence>6</sequence>
  <logger>global</logger>
  <level>INFO</level>
  <class>dev.asjordi.request.RequestManager</class>
  <method>makeRequest</method>
  <thread>29</thread>
  <message>Starting HTTP request to OpenWeather API</message>
</record>
<record>
  <date>2026-09-19T08:20:11.580570963Z</date>
  <millis>1789806011580</millis>
  <nanos>570963</nanos>
  <sequence>7</sequence>
  <logger>global</logger>
  <level>INFO</level>
  <class>dev.asjordi.request.RequestManager</class>
  <method>makeRequest</method>
  <thread>29</thread>
  <message>HTTP request build successfully</message>
</record>
<record>
  <date>2026-09-19T08:20:11.656238354Z</date>
  <millis>1789806011656</millis>
  <nanos>238354</nanos>
  <sequence>8</sequence>
  <logger>global</logger>
  <level>INFO</level>
  <class>dev.asjordi.request.RequestManager</class>
  <method>makeRequest</method>
  <thread>29</thread>
  <message>HTTP client built successfully</message>
</record>
<record>
  <date>2026-09-19T08:20:11.858343824Z</date>
  <millis>1789806011858</millis>
  <nanos>343824</nanos>
  <sequence>9</sequence>
  <logger>global</logger>
  <level>INFO</level>
  <class>dev.asjordi.request.RequestManager</class>
  <method>makeRequest</method>
  <thread>29</thread>
  <message>HTTP request sent successfully</message>
</record>
<record>
  <date>2026-09-19T08:20:11.860821787Z</date>
  <millis>1789806011860</millis>
  <nanos>821787</nanos>
  <sequence>10</sequence>
  <logger>global</logger>
  <level>INFO</level>
  <class>dev.asjordi.weather.DataMapper</class>
  <method>mapDataToObject</method>
  <thread>29</thread>
  <message>Mapping data to WeatherApiResponse object</message>
</record>
<record>
  <date>2026-09-19T08:20:11.911307511Z</date>
  <millis>1789806011911</millis>
  <nanos>307511</nanos>
  <sequence>11</sequence>
  <logger>global</logger>
  <level>INFO</level>
  <class>dev.asjordi.weather.DataMapper</class>
  <method>mapDataToObject</method>
  <thread>29</thread>
  <message>Data mapped to WeatherApiResponse object successfully</message>
</record>
<record>
  <date>2026-09-19T08:20:11.911773691Z</date>
  <millis>1789806011911</millis>
  <nanos>773691</nanos>
  <sequence>12</sequence>
  <logger>global</logger>
  <level>INFO</level>
  <class>dev.asjordi.weather.WeatherDataProcessor</class>
  <method>processData</method>
  <thread>29</thread>
  <message>Data processed successfully</message>
</record>
<record>
  <date>2026-09-19T08:20:11.912321263Z</date>
  <millis>1789806011912</millis>
  <nanos>321263</nanos>
  <sequence>13</sequence>
  <logger>global</logger>
  <level>INFO</level>
  <class>dev.asjordi.weather.WeatherDataProcessor</class>
  <method>generateReport</method>
  <thread>29</thread>
  <message>Generating weather report</message>
</record>
<record>
  <date>2026-09-19T08:20:11.915356429Z</date>
  <millis>1789806011915</millis>
  <nanos>356429</nanos>
  <sequence>14</sequence>
  <logger>global</logger>
  <level>INFO</level>
  <class>dev.asjordi.weather.WeatherDataProcessor</class>
  <method>generateReport</method>
  <thread>29</thread>
  <message>Weather report generated successfully</message>
</record>
<record>
  <date>2026-09-19T08:20:11.976222106Z</date>
  <millis>1789806011976</millis>
  <nanos>222106</nanos>
  <sequence>15</sequence>
  <logger>global</logger>
  <level>INFO</level>
  <class>dev.asjordi.bot.WeatherBot</class>
  <method>&lt;init&gt;</method>
  <thread>29</thread>
  <message>WeatherBot initialized</message>
</record>
<record>
  <date>2026-09-19T08:20:11.976943422Z</date>
  <millis>1789806011976</millis>
  <nanos>943422</nanos>
  <sequence>16</sequence>
  <logger>global</logger>
  <level>INFO</level>
  <class>dev.asjordi.bot.BotService</class>
  <method>&lt;init&gt;</method>
  <thread>29</thread>
  <message>BotService initialized</message>
</record>
<record>
  <date>2026-09-19T08:20:11.977494962Z</date>
  <millis>1789806011977</millis>
  <nanos>494962</nanos>
  <sequence>17</sequence>
  <logger>global</logger>
  <level>INFO</level>
  <class>dev.asjordi.bot.BotService</class>
  <method>sendWeatherReport</method>
  <thread>29</thread>
  <message>Sending weather report</message>
</record>
<record>
  <date>2026-09-19T08:20:13.663664718Z</date>
  <millis>1789806013663</millis>
  <nanos>664718</nanos>
  <sequence>18</sequence>
  <logger>global</logger>
  <level>INFO</level>
  <class>dev.asjordi.bot.BotService</class>
  <method>sendWeatherReport</method>
  <thread>29</thread>
  <message>Weather report sent successfully</message>
</record>
</log>
<?xml version="1.0" encoding="UTF-8" standalone="no"?>
<!DOCTYPE log SYSTEM "logger.dtd">
<log>
<record>
  <date>2026-09-19T14:56:09.160613378Z</date>
  <millis>1789829769160</millis>
  <nanos>613378</nanos>
  <sequence>0</sequence>
  <logger>global</logger>
  <level>INFO</level>
  <class>dev.asjordi.Main</class>
  <method>main</method>
  <thread>30</thread>
  <message>Starting application</message>
</record>
<record>
  <date>2026-09-19T14:56:09.173188923Z</date>
  <millis>1789829769173</millis>
  <nanos>188923</nanos>
  <sequence>1</sequence>
  <logger>global</logger>
  <level>INFO</level>
  <class>dev.asjordi.request.RequestManager</class>
  <method>buildURL</method>
  <thread>30</thread>
  <message>Building URL for OpenWeather API request</message>
</record>
<record>
  <date>2026-09-19T14:56:09.173896343Z</date>
  <millis>1789829769173</millis>
  <nanos>896343</nanos>
  <sequence>2</sequence>
  <logger>global</logger>
  <level>INFO</level>
  <class>dev.asjordi.request.RequestManager</class>
  <method>buildURL</method>
  <thread>30</thread>
  <message>URL built successfully</message>
</record>
<record>
  <date>2026-09-19T14:56:09.344403889Z</date>
  <millis>1789829769344</millis>
  <nanos>403889</nanos>
  <sequence>3</sequence>
  <logger>global</logger>
  <level>INFO</level>
  <class>dev.asjordi.weather.DataMapper</class>
  <method>&lt;init&gt;</method>
  <thread>30</thread>
  <message>DataMapper initialized</message>
</record>
<record>
  <date>2026-09-19T14:56:09.345291314Z</date>
  <millis>1789829769345</millis>
  <nanos>291314</nanos>
  <sequence>4</sequence>
  <logger>global</logger>
  <level>INFO</level>
  <class>dev.asjordi.weather.WeatherDataProcessor</class>
  <method>&lt;init&gt;</method>
  <thread>30</thread>
  <message>WeatherDataProcessor initialized</message>
</record>
<record>
  <date>2026-09-19T14:56:09.345930176Z</date>
  <millis>1789829769345</millis>
  <nanos>930176</nanos>
  <sequence>5</sequence>
  <logger>global</logger>
  <level>INFO</level>
  <class>dev.asjordi.weather.WeatherDataProcessor</class>
  <method>processData</method>
  <thread>30</thread>
  <message>Starting data processing</message>
</record>
<record>
  <date>2026-09-19T14:56:09.346472317Z</date>
  <millis>1789829769346</millis>
  <nanos>472317</nanos>
  <sequence>6</sequence>
  <logger>global</logger>
  <level>INFO</level>
  <class>dev.asjordi.request.RequestManager</class>
  <method>makeRequest</method>
  <thread>30</thread>
  <message>Starting HTTP request to OpenWeather API</message>
</record>
<record>
  <date>2026-09-19T14:56:09.387071952Z</date>
  <millis>1789829769387</millis>
  <nanos>71952</nanos>
  <sequence>7</sequence>
  <logger>global</logger>
  <level>INFO</level>
  <class>dev.asjordi.request.RequestManager</class>
  <method>makeRequest</method>
  <thread>30</thread>
  <message>HTTP request build successfully</message>
</record>
<record>
  <date>2026-09-19T14:56:09.480196706Z</date>
  <millis>1789829769480</millis>
  <nanos>196706</nanos>
  <sequence>8</sequence>
  <logger>global</logger>
  <level>INFO</level>
  <class>dev.asjordi.request.RequestManager</class>
  <method>makeRequest</method>
  <thread>30</thread>
  <message>HTTP client built successfully</message>
</record>
<record>
  <date>2026-09-19T14:56:09.673681389Z</date>
  <millis>1789829769673</millis>
  <nanos>681389</nanos>
  <sequence>9</sequence>
  <logger>global</logger>
  <level>INFO</level>
  <class>dev.asjordi.request.RequestManager</class>
  <method>makeRequest</method>
  <thread>30</thread>
  <message>HTTP request sent successfully</message>
</record>
<record>
  <date>2026-09-19T14:56:09.677310324Z</date>
  <millis>1789829769677</millis>
  <nanos>310324</nanos>
  <sequence>10</sequence>
  <logger>global</logger>
  <level>INFO</level>
  <class>dev.asjordi.weather.DataMapper</class>
  <method>mapDataToObject</method>
  <thread>30</thread>
  <message>Mapping data to WeatherApiResponse object</message>
</record>
<record>
  <date>2026-09-19T14:56:09.726374070Z</date>
  <millis>1789829769726</millis>
  <nanos>374070</nanos>
  <sequence>11</sequence>
  <logger>global</logger>
  <level>INFO</level>
  <class>dev.asjordi.weather.DataMapper</class>
  <method>mapDataToObject</method>
  <thread>30</thread>
  <message>Data mapped to WeatherApiResponse object successfully</message>
</record>
<record>
  <date>2026-09-19T14:56:09.726921260Z</date>
  <millis>1789829769726</millis>
  <nanos>921260</nanos>
  <sequence>12</sequence>
  <logger>global</logger>
  <level>INFO</level>
  <class>dev.asjordi.weather.WeatherDataProcessor</class>
  <method>processData</method>
  <thread>30</thread>
  <message>Data processed successfully</message>
</record>
<record>
  <date>2026-09-19T14:56:09.727441631Z</date>
  <millis>1789829769727</millis>
  <nanos>441631</nanos>
  <sequence>13</sequence>
  <logger>global</logger>
  <level>INFO</level>
  <class>dev.asjordi.weather.WeatherDataProcessor</class>
  <method>generateReport</method>
  <thread>30</thread>
  <message>Generating weather report</message>
</record>
<record>
  <date>2026-09-19T14:56:09.730074542Z</date>
  <millis>1789829769730</millis>
  <nanos>74542</nanos>
  <sequence>14</sequence>
  <logger>global</logger>
  <level>INFO</level>
  <class>dev.asjordi.weather.WeatherDataProcessor</class>
  <method>generateReport</method>
  <thread>30</thread>
  <message>Weather report generated successfully</message>
</record>
<record>
  <date>2026-09-19T14:56:09.792856401Z</date>
  <millis>1789829769792</millis>
  <nanos>856401</nanos>
  <sequence>15</sequence>
  <logger>global</logger>
  <level>INFO</level>
  <class>dev.asjordi.bot.WeatherBot</class>
  <method>&lt;init&gt;</method>
  <thread>30</thread>
  <message>WeatherBot initialized</message>
</record>
<record>
  <date>2026-09-19T14:56:09.793656874Z</date>
  <millis>1789829769793</millis>
  <nanos>656874</nanos>
  <sequence>16</sequence>
  <logger>global</logger>
  <level>INFO</level>
  <class>dev.asjordi.bot.BotService</class>
  <method>&lt;init&gt;</method>
  <thread>30</thread>
  <message>BotService initialized</message>
</record>
<record>
  <date>2026-09-19T14:56:09.794287160Z</date>
  <millis>1789829769794</millis>
  <nanos>287160</nanos>
  <sequence>17</sequence>
  <logger>global</logger>
  <level>INFO</level>
  <class>dev.asjordi.bot.BotService</class>
  <method>sendWeatherReport</method>
  <thread>30</thread>
  <message>Sending weather report</message>
</record>
<record>
  <date>2026-09-19T14:56:11.155920094Z</date>
  <millis>1789829771155</millis>
  <nanos>920094</nanos>
  <sequence>18</sequence>
  <logger>global</logger>
  <level>INFO</level>
  <class>dev.asjordi.bot.BotService</class>
  <method>sendWeatherReport</method>
  <thread>30</thread>
  <message>Weather report sent successfully</message>
</record>
</log>
<?xml version="1.0" encoding="UTF-8" standalone="no"?>
<!DOCTYPE log SYSTEM "logger.dtd">
<log>
<record>
  <date>2026-09-19T18:15:17.475751558Z</date>
  <millis>1789841717475</millis>
  <nanos>751558</nanos>
  <sequence>0</sequence>
  <logger>global</logger>
  <level>INFO</level>
  <class>dev.asjordi.Main</class>
  <method>main</method>
  <thread>30</thread>
  <message>Starting application</message>
</record>
<record>
  <date>2026-09-19T18:15:17.485391908Z</date>
  <millis>1789841717485</millis>
  <nanos>391908</nanos>
  <sequence>1</sequence>
  <logger>global</logger>
  <level>INFO</level>
  <class>dev.asjordi.request.RequestManager</class>
  <method>buildURL</method>
  <thread>30</thread>
  <message>Building URL for OpenWeather API request</message>
</record>
<record>
  <date>2026-09-19T18:15:17.486050630Z</date>
  <millis>1789841717486</millis>
  <nanos>50630</nanos>
  <sequence>2</sequence>
  <logger>global</logger>
  <level>INFO</level>
  <class>dev.asjordi.request.RequestManager</class>
  <method>buildURL</method>
  <thread>30</thread>
  <message>URL built successfully</message>
</record>
<record>
  <date>2026-09-19T18:15:17.620070884Z</date>
  <millis>1789841717620</millis>
  <nanos>70884</nanos>
  <sequence>3</sequence>
  <logger>global</logger>
  <level>INFO</level>
  <class>dev.asjordi.weather.DataMapper</class>
  <method>&lt;init&gt;</method>
  <thread>30</thread>
  <message>DataMapper initialized</message>
</record>
<record>
  <date>2026-09-19T18:15:17.620858547Z</date>
  <millis>1789841717620</millis>
  <nanos>858547</nanos>
  <sequence>4</sequence>
  <logger>global</logger>
  <level>INFO</level>
  <class>dev.asjordi.weather.WeatherDataProcessor</class>
  <method>&lt;init&gt;</method>
  <thread>30</thread>
  <message>WeatherDataProcessor initialized</message>
</record>
<record>
  <date>2026-09-19T18:15:17.621473728Z</date>
  <millis>1789841717621</millis>
  <nanos>473728</nanos>
  <sequence>5</sequence>
  <logger>global</logger>
  <level>INFO</level>
  <class>dev.asjordi.weather.WeatherDataProcessor</class>
  <method>processData</method>
  <thread>30</thread>
  <message>Starting data processing</message>
</record>
<record>
  <date>2026-09-19T18:15:17.622168398Z</date>
  <millis>1789841717622</millis>
  <nanos>168398</nanos>
  <sequence>6</sequence>
  <logger>global</logger>
  <level>INFO</level>
  <class>dev.asjordi.request.RequestManager</class>
  <method>makeRequest</method>
  <thread>30</thread>
  <message>Starting HTTP request to OpenWeather API</message>
</record>
<record>
  <date>2026-09-19T18:15:17.645142582Z</date>
  <millis>1789841717645</millis>
  <nanos>142582</nanos>
  <sequence>7</sequence>
  <logger>global</logger>
  <level>INFO</level>
  <class>dev.asjordi.request.RequestManager</class>
  <method>makeRequest</method>
  <thread>30</thread>
  <message>HTTP request build successfully</message>
</record>
<record>
  <date>2026-09-19T18:15:17.747249417Z</date>
  <millis>1789841717747</millis>
  <nanos>249417</nanos>
  <sequence>8</sequence>
  <logger>global</logger>
  <level>INFO</level>
  <class>dev.asjordi.request.RequestManager</class>
  <method>makeRequest</method>
  <thread>30</thread>
  <message>HTTP client built successfully</message>
</record>
<record>
  <date>2026-09-19T18:15:17.953162267Z</date>
  <millis>1789841717953</millis>
  <nanos>162267</nanos>
  <sequence>9</sequence>
  <logger>global</logger>
  <level>INFO</level>
  <class>dev.asjordi.request.RequestManager</class>
  <method>makeRequest</method>
  <thread>30</thread>
  <message>HTTP request sent successfully</message>
</record>
<record>
  <date>2026-09-19T18:15:17.956173018Z</date>
  <millis>1789841717956</millis>
  <nanos>173018</nanos>
  <sequence>10</sequence>
  <logger>global</logger>
  <level>INFO</level>
  <class>dev.asjordi.weather.DataMapper</class>
  <method>mapDataToObject</method>
  <thread>30</thread>
  <message>Mapping data to WeatherApiResponse object</message>
</record>
<record>
  <date>2026-09-19T18:15:18.006475903Z</date>
  <millis>1789841718006</millis>
  <nanos>475903</nanos>
  <sequence>11</sequence>
  <logger>global</logger>
  <level>INFO</level>
  <class>dev.asjordi.weather.DataMapper</class>
  <method>mapDataToObject</method>
  <thread>30</thread>
  <message>Data mapped to WeatherApiResponse object successfully</message>
</record>
<record>
  <date>2026-09-19T18:15:18.007051179Z</date>
  <millis>1789841718007</millis>
  <nanos>51179</nanos>
  <sequence>12</sequence>
  <logger>global</logger>
  <level>INFO</level>
  <class>dev.asjordi.weather.WeatherDataProcessor</class>
  <method>processData</method>
  <thread>30</thread>
  <message>Data processed successfully</message>
</record>
<record>
  <date>2026-09-19T18:15:18.007585748Z</date>
  <millis>1789841718007</millis>
  <nanos>585748</nanos>
  <sequence>13</sequence>
  <logger>global</logger>
  <level>INFO</level>
  <class>dev.asjordi.weather.WeatherDataProcessor</class>
  <method>generateReport</method>
  <thread>30</thread>
  <message>Generating weather report</message>
</record>
<record>
  <date>2026-09-19T18:15:18.010433713Z</date>
  <millis>1789841718010</millis>
  <nanos>433713</nanos>
  <sequence>14</sequence>
  <logger>global</logger>
  <level>INFO</level>
  <class>dev.asjordi.weather.WeatherDataProcessor</class>
  <method>generateReport</method>
  <thread>30</thread>
  <message>Weather report generated successfully</message>
</record>
<record>
  <date>2026-09-19T18:15:18.078067554Z</date>
  <millis>1789841718078</millis>
  <nanos>67554</nanos>
  <sequence>15</sequence>
  <logger>global</logger>
  <level>INFO</level>
  <class>dev.asjordi.bot.WeatherBot</class>
  <method>&lt;init&gt;</method>
  <thread>30</thread>
  <message>WeatherBot initialized</message>
</record>
<record>
  <date>2026-09-19T18:15:18.078913967Z</date>
  <millis>1789841718078</millis>
  <nanos>913967</nanos>
  <sequence>16</sequence>
  <logger>global</logger>
  <level>INFO</level>
  <class>dev.asjordi.bot.BotService</class>
  <method>&lt;init&gt;</method>
  <thread>30</thread>
  <message>BotService initialized</message>
</record>
<record>
  <date>2026-09-19T18:15:18.079451042Z</date>
  <millis>1789841718079</millis>
  <nanos>451042</nanos>
  <sequence>17</sequence>
  <logger>global</logger>
  <level>INFO</level>
  <class>dev.asjordi.bot.BotService</class>
  <method>sendWeatherReport</method>
  <thread>30</thread>
  <message>Sending weather report</message>
</record>
<record>
  <date>2026-09-19T18:15:19.842320783Z</date>
  <millis>1789841719842</millis>
  <nanos>320783</nanos>
  <sequence>18</sequence>
  <logger>global</logger>
  <level>INFO</level>
  <class>dev.asjordi.bot.BotService</class>
  <method>sendWeatherReport</method>
  <thread>30</thread>
  <message>Weather report sent successfully</message>
</record>
</log>
<?xml version="1.0" encoding="UTF-8" standalone="no"?>
<!DOCTYPE log SYSTEM "logger.dtd">
<log>
<record>
  <date>2026-09-19T21:51:06.457035526Z</date>
  <millis>1789854666457</millis>
  <nanos>35526</nanos>
  <sequence>0</sequence>
  <logger>global</logger>
  <level>INFO</level>
  <class>dev.asjordi.Main</class>
  <method>main</method>
  <thread>30</thread>
  <message>Starting application</message>
</record>
<record>
  <date>2026-09-19T21:51:06.463389573Z</date>
  <millis>1789854666463</millis>
  <nanos>389573</nanos>
  <sequence>1</sequence>
  <logger>global</logger>
  <level>INFO</level>
  <class>dev.asjordi.request.RequestManager</class>
  <method>buildURL</method>
  <thread>30</thread>
  <message>Building URL for OpenWeather API request</message>
</record>
<record>
  <date>2026-09-19T21:51:06.463886299Z</date>
  <millis>1789854666463</millis>
  <nanos>886299</nanos>
  <sequence>2</sequence>
  <logger>global</logger>
  <level>INFO</level>
  <class>dev.asjordi.request.RequestManager</class>
  <method>buildURL</method>
  <thread>30</thread>
  <message>URL built successfully</message>
</record>
<record>
  <date>2026-09-19T21:51:06.566823486Z</date>
  <millis>1789854666566</millis>
  <nanos>823486</nanos>
  <sequence>3</sequence>
  <logger>global</logger>
  <level>INFO</level>
  <class>dev.asjordi.weather.DataMapper</class>
  <method>&lt;init&gt;</method>
  <thread>30</thread>
  <message>DataMapper initialized</message>
</record>
<record>
  <date>2026-09-19T21:51:06.567504488Z</date>
  <millis>1789854666567</millis>
  <nanos>504488</nanos>
  <sequence>4</sequence>
  <logger>global</logger>
  <level>INFO</level>
  <class>dev.asjordi.weather.WeatherDataProcessor</class>
  <method>&lt;init&gt;</method>
  <thread>30</thread>
  <message>WeatherDataProcessor initialized</message>
</record>
<record>
  <date>2026-09-19T21:51:06.567999361Z</date>
  <millis>1789854666567</millis>
  <nanos>999361</nanos>
  <sequence>5</sequence>
  <logger>global</logger>
  <level>INFO</level>
  <class>dev.asjordi.weather.WeatherDataProcessor</class>
  <method>processData</method>
  <thread>30</thread>
  <message>Starting data processing</message>
</record>
<record>
  <date>2026-09-19T21:51:06.568601765Z</date>
  <millis>1789854666568</millis>
  <nanos>601765</nanos>
  <sequence>6</sequence>
  <logger>global</logger>
  <level>INFO</level>
  <class>dev.asjordi.request.RequestManager</class>
  <method>makeRequest</method>
  <thread>30</thread>
  <message>Starting HTTP request to OpenWeather API</message>
</record>
<record>
  <date>2026-09-19T21:51:06.594923183Z</date>
  <millis>1789854666594</millis>
  <nanos>923183</nanos>
  <sequence>7</sequence>
  <logger>global</logger>
  <level>INFO</level>
  <class>dev.asjordi.request.RequestManager</class>
  <method>makeRequest</method>
  <thread>30</thread>
  <message>HTTP request build successfully</message>
</record>
<record>
  <date>2026-09-19T21:51:06.656798687Z</date>
  <millis>1789854666656</millis>
  <nanos>798687</nanos>
  <sequence>8</sequence>
  <logger>global</logger>
  <level>INFO</level>
  <class>dev.asjordi.request.RequestManager</class>
  <method>makeRequest</method>
  <thread>30</thread>
  <message>HTTP client built successfully</message>
</record>
<record>
  <date>2026-09-19T21:51:06.868687517Z</date>
  <millis>1789854666868</millis>
  <nanos>687517</nanos>
  <sequence>9</sequence>
  <logger>global</logger>
  <level>INFO</level>
  <class>dev.asjordi.request.RequestManager</class>
  <method>makeRequest</method>
  <thread>30</thread>
  <message>HTTP request sent successfully</message>
</record>
<record>
  <date>2026-09-19T21:51:06.870717404Z</date>
  <millis>1789854666870</millis>
  <nanos>717404</nanos>
  <sequence>10</sequence>
  <logger>global</logger>
  <level>INFO</level>
  <class>dev.asjordi.weather.DataMapper</class>
  <method>mapDataToObject</method>
  <thread>30</thread>
  <message>Mapping data to WeatherApiResponse object</message>
</record>
<record>
  <date>2026-09-19T21:51:06.907917090Z</date>
  <millis>1789854666907</millis>
  <nanos>917090</nanos>
  <sequence>11</sequence>
  <logger>global</logger>
  <level>INFO</level>
  <class>dev.asjordi.weather.DataMapper</class>
  <method>mapDataToObject</method>
  <thread>30</thread>
  <message>Data mapped to WeatherApiResponse object successfully</message>
</record>
<record>
  <date>2026-09-19T21:51:06.908307546Z</date>
  <millis>1789854666908</millis>
  <nanos>307546</nanos>
  <sequence>12</sequence>
  <logger>global</logger>
  <level>INFO</level>
  <class>dev.asjordi.weather.WeatherDataProcessor</class>
  <method>processData</method>
  <thread>30</thread>
  <message>Data processed successfully</message>
</record>
<record>
  <date>2026-09-19T21:51:06.908678002Z</date>
  <millis>1789854666908</millis>
  <nanos>678002</nanos>
  <sequence>13</sequence>
  <logger>global</logger>
  <level>INFO</level>
  <class>dev.asjordi.weather.WeatherDataProcessor</class>
  <method>generateReport</method>
  <thread>30</thread>
  <message>Generating weather report</message>
</record>
<record>
  <date>2026-09-19T21:51:06.910753247Z</date>
  <millis>1789854666910</millis>
  <nanos>753247</nanos>
  <sequence>14</sequence>
  <logger>global</logger>
  <level>INFO</level>
  <class>dev.asjordi.weather.WeatherDataProcessor</class>
  <method>generateReport</method>
  <thread>30</thread>
  <message>Weather report generated successfully</message>
</record>
<record>
  <date>2026-09-19T21:51:06.959275188Z</date>
  <millis>1789854666959</millis>
  <nanos>275188</nanos>
  <sequence>15</sequence>
  <logger>global</logger>
  <level>INFO</level>
  <class>dev.asjordi.bot.WeatherBot</class>
  <method>&lt;init&gt;</method>
  <thread>30</thread>
  <message>WeatherBot initialized</message>
</record>
<record>
  <date>2026-09-19T21:51:06.959888819Z</date>
  <millis>1789854666959</millis>
  <nanos>888819</nanos>
  <sequence>16</sequence>
  <logger>global</logger>
  <level>INFO</level>
  <class>dev.asjordi.bot.BotService</class>
  <method>&lt;init&gt;</method>
  <thread>30</thread>
  <message>BotService initialized</message>
</record>
<record>
  <date>2026-09-19T21:51:06.960400707Z</date>
  <millis>1789854666960</millis>
  <nanos>400707</nanos>
  <sequence>17</sequence>
  <logger>global</logger>
  <level>INFO</level>
  <class>dev.asjordi.bot.BotService</class>
  <method>sendWeatherReport</method>
  <thread>30</thread>
  <message>Sending weather report</message>
</record>
<record>
  <date>2026-09-19T21:51:08.599045842Z</date>
  <millis>1789854668599</millis>
  <nanos>45842</nanos>
  <sequence>18</sequence>
  <logger>global</logger>
  <level>INFO</level>
  <class>dev.asjordi.bot.BotService</class>
  <method>sendWeatherReport</method>
  <thread>30</thread>
  <message>Weather report sent successfully</message>
</record>
</log>
<?xml version="1.0" encoding="UTF-8" standalone="no"?>
<!DOCTYPE log SYSTEM "logger.dtd">
<log>
<record>
  <date>2026-09-20T01:59:03.729425109Z</date>
  <millis>1789869543729</millis>
  <nanos>425109</nanos>
  <sequence>0</sequence>
  <logger>global</logger>
  <level>INFO</level>
  <class>dev.asjordi.Main</class>
  <method>main</method>
  <thread>30</thread>
  <message>Starting application</message>
</record>
<record>
  <date>2026-09-20T01:59:03.739068795Z</date>
  <millis>1789869543739</millis>
  <nanos>68795</nanos>
  <sequence>1</sequence>
  <logger>global</logger>
  <level>INFO</level>
  <class>dev.asjordi.request.RequestManager</class>
  <method>buildURL</method>
  <thread>30</thread>
  <message>Building URL for OpenWeather API request</message>
</record>
<record>
  <date>2026-09-20T01:59:03.739762380Z</date>
  <millis>1789869543739</millis>
  <nanos>762380</nanos>
  <sequence>2</sequence>
  <logger>global</logger>
  <level>INFO</level>
  <class>dev.asjordi.request.RequestManager</class>
  <method>buildURL</method>
  <thread>30</thread>
  <message>URL built successfully</message>
</record>
<record>
  <date>2026-09-20T01:59:03.903289174Z</date>
  <millis>1789869543903</millis>
  <nanos>289174</nanos>
  <sequence>3</sequence>
  <logger>global</logger>
  <level>INFO</level>
  <class>dev.asjordi.weather.DataMapper</class>
  <method>&lt;init&gt;</method>
  <thread>30</thread>
  <message>DataMapper initialized</message>
</record>
<record>
  <date>2026-09-20T01:59:03.904146695Z</date>
  <millis>1789869543904</millis>
  <nanos>146695</nanos>
  <sequence>4</sequence>
  <logger>global</logger>
  <level>INFO</level>
  <class>dev.asjordi.weather.WeatherDataProcessor</class>
  <method>&lt;init&gt;</method>
  <thread>30</thread>
  <message>WeatherDataProcessor initialized</message>
</record>
<record>
  <date>2026-09-20T01:59:03.904775402Z</date>
  <millis>1789869543904</millis>
  <nanos>775402</nanos>
  <sequence>5</sequence>
  <logger>global</logger>
  <level>INFO</level>
  <class>dev.asjordi.weather.WeatherDataProcessor</class>
  <method>processData</method>
  <thread>30</thread>
  <message>Starting data processing</message>
</record>
<record>
  <date>2026-09-20T01:59:03.905338961Z</date>
  <millis>1789869543905</millis>
  <nanos>338961</nanos>
  <sequence>6</sequence>
  <logger>global</logger>
  <level>INFO</level>
  <class>dev.asjordi.request.RequestManager</class>
  <method>makeRequest</method>
  <thread>30</thread>
  <message>Starting HTTP request to OpenWeather API</message>
</record>
<record>
  <date>2026-09-20T01:59:03.930264547Z</date>
  <millis>1789869543930</millis>
  <nanos>264547</nanos>
  <sequence>7</sequence>
  <logger>global</logger>
  <level>INFO</level>
  <class>dev.asjordi.request.RequestManager</class>
  <method>makeRequest</method>
  <thread>30</thread>
  <message>HTTP request build successfully</message>
</record>
<record>
  <date>2026-09-20T01:59:03.996490705Z</date>
  <millis>1789869543996</millis>
  <nanos>490705</nanos>
  <sequence>8</sequence>
  <logger>global</logger>
  <level>INFO</level>
  <class>dev.asjordi.request.RequestManager</class>
  <method>makeRequest</method>
  <thread>30</thread>
  <message>HTTP client built successfully</message>
</record>
<record>
  <date>2026-09-20T01:59:04.383921665Z</date>
  <millis>1789869544383</millis>
  <nanos>921665</nanos>
  <sequence>9</sequence>
  <logger>global</logger>
  <level>INFO</level>
  <class>dev.asjordi.request.RequestManager</class>
  <method>makeRequest</method>
  <thread>30</thread>
  <message>HTTP request sent successfully</message>
</record>
<record>
  <date>2026-09-20T01:59:04.386983287Z</date>
  <millis>1789869544386</millis>
  <nanos>983287</nanos>
  <sequence>10</sequence>
  <logger>global</logger>
  <level>INFO</level>
  <class>dev.asjordi.weather.DataMapper</class>
  <method>mapDataToObject</method>
  <thread>30</thread>
  <message>Mapping data to WeatherApiResponse object</message>
</record>
<record>
  <date>2026-09-20T01:59:04.431205228Z</date>
  <millis>1789869544431</millis>
  <nanos>205228</nanos>
  <sequence>11</sequence>
  <logger>global</logger>
  <level>INFO</level>
  <class>dev.asjordi.weather.DataMapper</class>
  <method>mapDataToObject</method>
  <thread>30</thread>
  <message>Data mapped to WeatherApiResponse object successfully</message>
</record>
<record>
  <date>2026-09-20T01:59:04.431624620Z</date>
  <millis>1789869544431</millis>
  <nanos>624620</nanos>
  <sequence>12</sequence>
  <logger>global</logger>
  <level>INFO</level>
  <class>dev.asjordi.weather.WeatherDataProcessor</class>
  <method>processData</method>
  <thread>30</thread>
  <message>Data processed successfully</message>
</record>
<record>
  <date>2026-09-20T01:59:04.432087327Z</date>
  <millis>1789869544432</millis>
  <nanos>87327</nanos>
  <sequence>13</sequence>
  <logger>global</logger>
  <level>INFO</level>
  <class>dev.asjordi.weather.WeatherDataProcessor</class>
  <method>generateReport</method>
  <thread>30</thread>
  <message>Generating weather report</message>
</record>
<record>
  <date>2026-09-20T01:59:04.434621785Z</date>
  <millis>1789869544434</millis>
  <nanos>621785</nanos>
  <sequence>14</sequence>
  <logger>global</logger>
  <level>INFO</level>
  <class>dev.asjordi.weather.WeatherDataProcessor</class>
  <method>generateReport</method>
  <thread>30</thread>
  <message>Weather report generated successfully</message>
</record>
<record>
  <date>2026-09-20T01:59:04.491674964Z</date>
  <millis>1789869544491</millis>
  <nanos>674964</nanos>
  <sequence>15</sequence>
  <logger>global</logger>
  <level>INFO</level>
  <class>dev.asjordi.bot.WeatherBot</class>
  <method>&lt;init&gt;</method>
  <thread>30</thread>
  <message>WeatherBot initialized</message>
</record>
<record>
  <date>2026-09-20T01:59:04.492371874Z</date>
  <millis>1789869544492</millis>
  <nanos>371874</nanos>
  <sequence>16</sequence>
  <logger>global</logger>
  <level>INFO</level>
  <class>dev.asjordi.bot.BotService</class>
  <method>&lt;init&gt;</method>
  <thread>30</thread>
  <message>BotService initialized</message>
</record>
<record>
  <date>2026-09-20T01:59:04.492886299Z</date>
  <millis>1789869544492</millis>
  <nanos>886299</nanos>
  <sequence>17</sequence>
  <logger>global</logger>
  <level>INFO</level>
  <class>dev.asjordi.bot.BotService</class>
  <method>sendWeatherReport</method>
  <thread>30</thread>
  <message>Sending weather report</message>
</record>
<record>
  <date>2026-09-20T01:59:05.757430132Z</date>
  <millis>1789869545757</millis>
  <nanos>430132</nanos>
  <sequence>18</sequence>
  <logger>global</logger>
  <level>INFO</level>
  <class>dev.asjordi.bot.BotService</class>
  <method>sendWeatherReport</method>
  <thread>30</thread>
  <message>Weather report sent successfully</message>
</record>
</log>
<?xml version="1.0" encoding="UTF-8" standalone="no"?>
<!DOCTYPE log SYSTEM "logger.dtd">
<log>
<record>
  <date>2026-09-20T08:51:53.294790290Z</date>
  <millis>1789894313294</millis>
  <nanos>790290</nanos>
  <sequence>0</sequence>
  <logger>global</logger>
  <level>INFO</level>
  <class>dev.asjordi.Main</class>
  <method>main</method>
  <thread>30</thread>
  <message>Starting application</message>
</record>
<record>
  <date>2026-09-20T08:51:53.304051458Z</date>
  <millis>1789894313304</millis>
  <nanos>51458</nanos>
  <sequence>1</sequence>
  <logger>global</logger>
  <level>INFO</level>
  <class>dev.asjordi.request.RequestManager</class>
  <method>buildURL</method>
  <thread>30</thread>
  <message>Building URL for OpenWeather API request</message>
</record>
<record>
  <date>2026-09-20T08:51:53.304710671Z</date>
  <millis>1789894313304</millis>
  <nanos>710671</nanos>
  <sequence>2</sequence>
  <logger>global</logger>
  <level>INFO</level>
  <class>dev.asjordi.request.RequestManager</class>
  <method>buildURL</method>
  <thread>30</thread>
  <message>URL built successfully</message>
</record>
<record>
  <date>2026-09-20T08:51:53.408719739Z</date>
  <millis>1789894313408</millis>
  <nanos>719739</nanos>
  <sequence>3</sequence>
  <logger>global</logger>
  <level>INFO</level>
  <class>dev.asjordi.weather.DataMapper</class>
  <method>&lt;init&gt;</method>
  <thread>30</thread>
  <message>DataMapper initialized</message>
</record>
<record>
  <date>2026-09-20T08:51:53.409425942Z</date>
  <millis>1789894313409</millis>
  <nanos>425942</nanos>
  <sequence>4</sequence>
  <logger>global</logger>
  <level>INFO</level>
  <class>dev.asjordi.weather.WeatherDataProcessor</class>
  <method>&lt;init&gt;</method>
  <thread>30</thread>
  <message>WeatherDataProcessor initialized</message>
</record>
<record>
  <date>2026-09-20T08:51:53.410071015Z</date>
  <millis>1789894313410</millis>
  <nanos>71015</nanos>
  <sequence>5</sequence>
  <logger>global</logger>
  <level>INFO</level>
  <class>dev.asjordi.weather.WeatherDataProcessor</class>
  <method>processData</method>
  <thread>30</thread>
  <message>Starting data processing</message>
</record>
<record>
  <date>2026-09-20T08:51:53.410626341Z</date>
  <millis>1789894313410</millis>
  <nanos>626341</nanos>
  <sequence>6</sequence>
  <logger>global</logger>
  <level>INFO</level>
  <class>dev.asjordi.request.RequestManager</class>
  <method>makeRequest</method>
  <thread>30</thread>
  <message>Starting HTTP request to OpenWeather API</message>
</record>
<record>
  <date>2026-09-20T08:51:53.432044469Z</date>
  <millis>1789894313432</millis>
  <nanos>44469</nanos>
  <sequence>7</sequence>
  <logger>global</logger>
  <level>INFO</level>
  <class>dev.asjordi.request.RequestManager</class>
  <method>makeRequest</method>
  <thread>30</thread>
  <message>HTTP request build successfully</message>
</record>
<record>
  <date>2026-09-20T08:51:53.484220012Z</date>
  <millis>1789894313484</millis>
  <nanos>220012</nanos>
  <sequence>8</sequence>
  <logger>global</logger>
  <level>INFO</level>
  <class>dev.asjordi.request.RequestManager</class>
  <method>makeRequest</method>
  <thread>30</thread>
  <message>HTTP client built successfully</message>
</record>
<record>
  <date>2026-09-20T08:51:53.938760126Z</date>
  <millis>1789894313938</millis>
  <nanos>760126</nanos>
  <sequence>9</sequence>
  <logger>global</logger>
  <level>INFO</level>
  <class>dev.asjordi.request.RequestManager</class>
  <method>makeRequest</method>
  <thread>30</thread>
  <message>HTTP request sent successfully</message>
</record>
<record>
  <date>2026-09-20T08:51:53.941346696Z</date>
  <millis>1789894313941</millis>
  <nanos>346696</nanos>
  <sequence>10</sequence>
  <logger>global</logger>
  <level>INFO</level>
  <class>dev.asjordi.weather.DataMapper</class>
  <method>mapDataToObject</method>
  <thread>30</thread>
  <message>Mapping data to WeatherApiResponse object</message>
</record>
<record>
  <date>2026-09-20T08:51:53.990735532Z</date>
  <millis>1789894313990</millis>
  <nanos>735532</nanos>
  <sequence>11</sequence>
  <logger>global</logger>
  <level>INFO</level>
  <class>dev.asjordi.weather.DataMapper</class>
  <method>mapDataToObject</method>
  <thread>30</thread>
  <message>Data mapped to WeatherApiResponse object successfully</message>
</record>
<record>
  <date>2026-09-20T08:51:53.991240844Z</date>
  <millis>1789894313991</millis>
  <nanos>240844</nanos>
  <sequence>12</sequence>
  <logger>global</logger>
  <level>INFO</level>
  <class>dev.asjordi.weather.WeatherDataProcessor</class>
  <method>processData</method>
  <thread>30</thread>
  <message>Data processed successfully</message>
</record>
<record>
  <date>2026-09-20T08:51:53.991805792Z</date>
  <millis>1789894313991</millis>
  <nanos>805792</nanos>
  <sequence>13</sequence>
  <logger>global</logger>
  <level>INFO</level>
  <class>dev.asjordi.weather.WeatherDataProcessor</class>
  <method>generateReport</method>
  <thread>30</thread>
  <message>Generating weather report</message>
</record>
<record>
  <date>2026-09-20T08:51:53.994748691Z</date>
  <millis>1789894313994</millis>
  <nanos>748691</nanos>
  <sequence>14</sequence>
  <logger>global</logger>
  <level>INFO</level>
  <class>dev.asjordi.weather.WeatherDataProcessor</class>
  <method>generateReport</method>
  <thread>30</thread>
  <message>Weather report generated successfully</message>
</record>
<record>
  <date>2026-09-20T08:51:54.050628054Z</date>
  <millis>1789894314050</millis>
  <nanos>628054</nanos>
  <sequence>15</sequence>
  <logger>global</logger>
  <level>INFO</level>
  <class>dev.asjordi.bot.WeatherBot</class>
  <method>&lt;init&gt;</method>
  <thread>30</thread>
  <message>WeatherBot initialized</message>
</record>
<record>
  <date>2026-09-20T08:51:54.051262865Z</date>
  <millis>1789894314051</millis>
  <nanos>262865</nanos>
  <sequence>16</sequence>
  <logger>global</logger>
  <level>INFO</level>
  <class>dev.asjordi.bot.BotService</class>
  <method>&lt;init&gt;</method>
  <thread>30</thread>
  <message>BotService initialized</message>
</record>
<record>
  <date>2026-09-20T08:51:54.051802445Z</date>
  <millis>1789894314051</millis>
  <nanos>802445</nanos>
  <sequence>17</sequence>
  <logger>global</logger>
  <level>INFO</level>
  <class>dev.asjordi.bot.BotService</class>
  <method>sendWeatherReport</method>
  <thread>30</thread>
  <message>Sending weather report</message>
</record>
<record>
  <date>2026-09-20T08:51:55.820772932Z</date>
  <millis>1789894315820</millis>
  <nanos>772932</nanos>
  <sequence>18</sequence>
  <logger>global</logger>
  <level>INFO</level>
  <class>dev.asjordi.bot.BotService</class>
  <method>sendWeatherReport</method>
  <thread>30</thread>
  <message>Weather report sent successfully</message>
</record>
</log>
<?xml version="1.0" encoding="UTF-8" standalone="no"?>
<!DOCTYPE log SYSTEM "logger.dtd">
<log>
<record>
  <date>2026-09-20T14:59:17.831498223Z</date>
  <millis>1789916357831</millis>
  <nanos>498223</nanos>
  <sequence>0</sequence>
  <logger>global</logger>
  <level>INFO</level>
  <class>dev.asjordi.Main</class>
  <method>main</method>
  <thread>30</thread>
  <message>Starting application</message>
</record>
<record>
  <date>2026-09-20T14:59:17.841731032Z</date>
  <millis>1789916357841</millis>
  <nanos>731032</nanos>
  <sequence>1</sequence>
  <logger>global</logger>
  <level>INFO</level>
  <class>dev.asjordi.request.RequestManager</class>
  <method>buildURL</method>
  <thread>30</thread>
  <message>Building URL for OpenWeather API request</message>
</record>
<record>
  <date>2026-09-20T14:59:17.842433864Z</date>
  <millis>1789916357842</millis>
  <nanos>433864</nanos>
  <sequence>2</sequence>
  <logger>global</logger>
  <level>INFO</level>
  <class>dev.asjordi.request.RequestManager</class>
  <method>buildURL</method>
  <thread>30</thread>
  <message>URL built successfully</message>
</record>
<record>
  <date>2026-09-20T14:59:17.981199172Z</date>
  <millis>1789916357981</millis>
  <nanos>199172</nanos>
  <sequence>3</sequence>
  <logger>global</logger>
  <level>INFO</level>
  <class>dev.asjordi.weather.DataMapper</class>
  <method>&lt;init&gt;</method>
  <thread>30</thread>
  <message>DataMapper initialized</message>
</record>
<record>
  <date>2026-09-20T14:59:17.982066704Z</date>
  <millis>1789916357982</millis>
  <nanos>66704</nanos>
  <sequence>4</sequence>
  <logger>global</logger>
  <level>INFO</level>
  <class>dev.asjordi.weather.WeatherDataProcessor</class>
  <method>&lt;init&gt;</method>
  <thread>30</thread>
  <message>WeatherDataProcessor initialized</message>
</record>
<record>
  <date>2026-09-20T14:59:17.982626077Z</date>
  <millis>1789916357982</millis>
  <nanos>626077</nanos>
  <sequence>5</sequence>
  <logger>global</logger>
  <level>INFO</level>
  <class>dev.asjordi.weather.WeatherDataProcessor</class>
  <method>processData</method>
  <thread>30</thread>
  <message>Starting data processing</message>
</record>
<record>
  <date>2026-09-20T14:59:17.983173877Z</date>
  <millis>1789916357983</millis>
  <nanos>173877</nanos>
  <sequence>6</sequence>
  <logger>global</logger>
  <level>INFO</level>
  <class>dev.asjordi.request.RequestManager</class>
  <method>makeRequest</method>
  <thread>30</thread>
  <message>Starting HTTP request to OpenWeather API</message>
</record>
<record>
  <date>2026-09-20T14:59:18.012250362Z</date>
  <millis>1789916358012</millis>
  <nanos>250362</nanos>
  <sequence>7</sequence>
  <logger>global</logger>
  <level>INFO</level>
  <class>dev.asjordi.request.RequestManager</class>
  <method>makeRequest</method>
  <thread>30</thread>
  <message>HTTP request build successfully</message>
</record>
<record>
  <date>2026-09-20T14:59:18.081715963Z</date>
  <millis>1789916358081</millis>
  <nanos>715963</nanos>
  <sequence>8</sequence>
  <logger>global</logger>
  <level>INFO</level>
  <class>dev.asjordi.request.RequestManager</class>
  <method>makeRequest</method>
  <thread>30</thread>
  <message>HTTP client built successfully</message>
</record>
<record>
  <date>2026-09-20T14:59:18.290959583Z</date>
  <millis>1789916358290</millis>
  <nanos>959583</nanos>
  <sequence>9</sequence>
  <logger>global</logger>
  <level>INFO</level>
  <class>dev.asjordi.request.RequestManager</class>
  <method>makeRequest</method>
  <thread>30</thread>
  <message>HTTP request sent successfully</message>
</record>
<record>
  <date>2026-09-20T14:59:18.294093163Z</date>
  <millis>1789916358294</millis>
  <nanos>93163</nanos>
  <sequence>10</sequence>
  <logger>global</logger>
  <level>INFO</level>
  <class>dev.asjordi.weather.DataMapper</class>
  <method>mapDataToObject</method>
  <thread>30</thread>
  <message>Mapping data to WeatherApiResponse object</message>
</record>
<record>
  <date>2026-09-20T14:59:18.344499994Z</date>
  <millis>1789916358344</millis>
  <nanos>499994</nanos>
  <sequence>11</sequence>
  <logger>global</logger>
  <level>INFO</level>
  <class>dev.asjordi.weather.DataMapper</class>
  <method>mapDataToObject</method>
  <thread>30</thread>
  <message>Data mapped to WeatherApiResponse object successfully</message>
</record>
<record>
  <date>2026-09-20T14:59:18.345065487Z</date>
  <millis>1789916358345</millis>
  <nanos>65487</nanos>
  <sequence>12</sequence>
  <logger>global</logger>
  <level>INFO</level>
  <class>dev.asjordi.weather.WeatherDataProcessor</class>
  <method>processData</method>
  <thread>30</thread>
  <message>Data processed successfully</message>
</record>
<record>
  <date>2026-09-20T14:59:18.345644657Z</date>
  <millis>1789916358345</millis>
  <nanos>644657</nanos>
  <sequence>13</sequence>
  <logger>global</logger>
  <level>INFO</level>
  <class>dev.asjordi.weather.WeatherDataProcessor</class>
  <method>generateReport</method>
  <thread>30</thread>
  <message>Generating weather report</message>
</record>
<record>
  <date>2026-09-20T14:59:18.348341320Z</date>
  <millis>1789916358348</millis>
  <nanos>341320</nanos>
  <sequence>14</sequence>
  <logger>global</logger>
  <level>INFO</level>
  <class>dev.asjordi.weather.WeatherDataProcessor</class>
  <method>generateReport</method>
  <thread>30</thread>
  <message>Weather report generated successfully</message>
</record>
<record>
  <date>2026-09-20T14:59:18.412135060Z</date>
  <millis>1789916358412</millis>
  <nanos>135060</nanos>
  <sequence>15</sequence>
  <logger>global</logger>
  <level>INFO</level>
  <class>dev.asjordi.bot.WeatherBot</class>
  <method>&lt;init&gt;</method>
  <thread>30</thread>
  <message>WeatherBot initialized</message>
</record>
<record>
  <date>2026-09-20T14:59:18.412884590Z</date>
  <millis>1789916358412</millis>
  <nanos>884590</nanos>
  <sequence>16</sequence>
  <logger>global</logger>
  <level>INFO</level>
  <class>dev.asjordi.bot.BotService</class>
  <method>&lt;init&gt;</method>
  <thread>30</thread>
  <message>BotService initialized</message>
</record>
<record>
  <date>2026-09-20T14:59:18.413386504Z</date>
  <millis>1789916358413</millis>
  <nanos>386504</nanos>
  <sequence>17</sequence>
  <logger>global</logger>
  <level>INFO</level>
  <class>dev.asjordi.bot.BotService</class>
  <method>sendWeatherReport</method>
  <thread>30</thread>
  <message>Sending weather report</message>
</record>
<record>
  <date>2026-09-20T14:59:20.074537463Z</date>
  <millis>1789916360074</millis>
  <nanos>537463</nanos>
  <sequence>18</sequence>
  <logger>global</logger>
  <level>INFO</level>
  <class>dev.asjordi.bot.BotService</class>
  <method>sendWeatherReport</method>
  <thread>30</thread>
  <message>Weather report sent successfully</message>
</record>
</log>
<?xml version="1.0" encoding="UTF-8" standalone="no"?>
<!DOCTYPE log SYSTEM "logger.dtd">
<log>
<record>
  <date>2026-09-20T18:21:19.259603880Z</date>
  <millis>1789928479259</millis>
  <nanos>603880</nanos>
  <sequence>0</sequence>
  <logger>global</logger>
  <level>INFO</level>
  <class>dev.asjordi.Main</class>
  <method>main</method>
  <thread>30</thread>
  <message>Starting application</message>
</record>
<record>
  <date>2026-09-20T18:21:19.275495139Z</date>
  <millis>1789928479275</millis>
  <nanos>495139</nanos>
  <sequence>1</sequence>
  <logger>global</logger>
  <level>INFO</level>
  <class>dev.asjordi.request.RequestManager</class>
  <method>buildURL</method>
  <thread>30</thread>
  <message>Building URL for OpenWeather API request</message>
</record>
<record>
  <date>2026-09-20T18:21:19.276298637Z</date>
  <millis>1789928479276</millis>
  <nanos>298637</nanos>
  <sequence>2</sequence>
  <logger>global</logger>
  <level>INFO</level>
  <class>dev.asjordi.request.RequestManager</class>
  <method>buildURL</method>
  <thread>30</thread>
  <message>URL built successfully</message>
</record>
<record>
  <date>2026-09-20T18:21:19.505598308Z</date>
  <millis>1789928479505</millis>
  <nanos>598308</nanos>
  <sequence>3</sequence>
  <logger>global</logger>
  <level>INFO</level>
  <class>dev.asjordi.weather.DataMapper</class>
  <method>&lt;init&gt;</method>
  <thread>30</thread>
  <message>DataMapper initialized</message>
</record>
<record>
  <date>2026-09-20T18:21:19.506494338Z</date>
  <millis>1789928479506</millis>
  <nanos>494338</nanos>
  <sequence>4</sequence>
  <logger>global</logger>
  <level>INFO</level>
  <class>dev.asjordi.weather.WeatherDataProcessor</class>
  <method>&lt;init&gt;</method>
  <thread>30</thread>
  <message>WeatherDataProcessor initialized</message>
</record>
<record>
  <date>2026-09-20T18:21:19.507188802Z</date>
  <millis>1789928479507</millis>
  <nanos>188802</nanos>
  <sequence>5</sequence>
  <logger>global</logger>
  <level>INFO</level>
  <class>dev.asjordi.weather.WeatherDataProcessor</class>
  <method>processData</method>
  <thread>30</thread>
  <message>Starting data processing</message>
</record>
<record>
  <date>2026-09-20T18:21:19.507845205Z</date>
  <millis>1789928479507</millis>
  <nanos>845205</nanos>
  <sequence>6</sequence>
  <logger>global</logger>
  <level>INFO</level>
  <class>dev.asjordi.request.RequestManager</class>
  <method>makeRequest</method>
  <thread>30</thread>
  <message>Starting HTTP request to OpenWeather API</message>
</record>
<record>
  <date>2026-09-20T18:21:19.551984898Z</date>
  <millis>1789928479551</millis>
  <nanos>984898</nanos>
  <sequence>7</sequence>
  <logger>global</logger>
  <level>INFO</level>
  <class>dev.asjordi.request.RequestManager</class>
  <method>makeRequest</method>
  <thread>30</thread>
  <message>HTTP request build successfully</message>
</record>
<record>
  <date>2026-09-20T18:21:19.618735750Z</date>
  <millis>1789928479618</millis>
  <nanos>735750</nanos>
  <sequence>8</sequence>
  <logger>global</logger>
  <level>INFO</level>
  <class>dev.asjordi.request.RequestManager</class>
  <method>makeRequest</method>
  <thread>30</thread>
  <message>HTTP client built successfully</message>
</record>
<record>
  <date>2026-09-20T18:21:19.834841071Z</date>
  <millis>1789928479834</millis>
  <nanos>841071</nanos>
  <sequence>9</sequence>
  <logger>global</logger>
  <level>INFO</level>
  <class>dev.asjordi.request.RequestManager</class>
  <method>makeRequest</method>
  <thread>30</thread>
  <message>HTTP request sent successfully</message>
</record>
<record>
  <date>2026-09-20T18:21:19.837587109Z</date>
  <millis>1789928479837</millis>
  <nanos>587109</nanos>
  <sequence>10</sequence>
  <logger>global</logger>
  <level>INFO</level>
  <class>dev.asjordi.weather.DataMapper</class>
  <method>mapDataToObject</method>
  <thread>30</thread>
  <message>Mapping data to WeatherApiResponse object</message>
</record>
<record>
  <date>2026-09-20T18:21:19.890118481Z</date>
  <millis>1789928479890</millis>
  <nanos>118481</nanos>
  <sequence>11</sequence>
  <logger>global</logger>
  <level>INFO</level>
  <class>dev.asjordi.weather.DataMapper</class>
  <method>mapDataToObject</method>
  <thread>30</thread>
  <message>Data mapped to WeatherApiResponse object successfully</message>
</record>
<record>
  <date>2026-09-20T18:21:19.890733607Z</date>
  <millis>1789928479890</millis>
  <nanos>733607</nanos>
  <sequence>12</sequence>
  <logger>global</logger>
  <level>INFO</level>
  <class>dev.asjordi.weather.WeatherDataProcessor</class>
  <method>processData</method>
  <thread>30</thread>
  <message>Data processed successfully</message>
</record>
<record>
  <date>2026-09-20T18:21:19.891281077Z</date>
  <millis>1789928479891</millis>
  <nanos>281077</nanos>
  <sequence>13</sequence>
  <logger>global</logger>
  <level>INFO</level>
  <class>dev.asjordi.weather.WeatherDataProcessor</class>
  <method>generateReport</method>
  <thread>30</thread>
  <message>Generating weather report</message>
</record>
<record>
  <date>2026-09-20T18:21:19.894352461Z</date>
  <millis>1789928479894</millis>
  <nanos>352461</nanos>
  <sequence>14</sequence>
  <logger>global</logger>
  <level>INFO</level>
  <class>dev.asjordi.weather.WeatherDataProcessor</class>
  <method>generateReport</method>
  <thread>30</thread>
  <message>Weather report generated successfully</message>
</record>
<record>
  <date>2026-09-20T18:21:19.957407969Z</date>
  <millis>1789928479957</millis>
  <nanos>407969</nanos>
  <sequence>15</sequence>
  <logger>global</logger>
  <level>INFO</level>
  <class>dev.asjordi.bot.WeatherBot</class>
  <method>&lt;init&gt;</method>
  <thread>30</thread>
  <message>WeatherBot initialized</message>
</record>
<record>
  <date>2026-09-20T18:21:19.958096773Z</date>
  <millis>1789928479958</millis>
  <nanos>96773</nanos>
  <sequence>16</sequence>
  <logger>global</logger>
  <level>INFO</level>
  <class>dev.asjordi.bot.BotService</class>
  <method>&lt;init&gt;</method>
  <thread>30</thread>
  <message>BotService initialized</message>
</record>
<record>
  <date>2026-09-20T18:21:19.958614708Z</date>
  <millis>1789928479958</millis>
  <nanos>614708</nanos>
  <sequence>17</sequence>
  <logger>global</logger>
  <level>INFO</level>
  <class>dev.asjordi.bot.BotService</class>
  <method>sendWeatherReport</method>
  <thread>30</thread>
  <message>Sending weather report</message>
</record>
<record>
  <date>2026-09-20T18:21:21.247206346Z</date>
  <millis>1789928481247</millis>
  <nanos>206346</nanos>
  <sequence>18</sequence>
  <logger>global</logger>
  <level>INFO</level>
  <class>dev.asjordi.bot.BotService</class>
  <method>sendWeatherReport</method>
  <thread>30</thread>
  <message>Weather report sent successfully</message>
</record>
</log>
<?xml version="1.0" encoding="UTF-8" standalone="no"?>
<!DOCTYPE log SYSTEM "logger.dtd">
<log>
<record>
  <date>2026-09-20T21:59:01.400213804Z</date>
  <millis>1789941541400</millis>
  <nanos>213804</nanos>
  <sequence>0</sequence>
  <logger>global</logger>
  <level>INFO</level>
  <class>dev.asjordi.Main</class>
  <method>main</method>
  <thread>30</thread>
  <message>Starting application</message>
</record>
<record>
  <date>2026-09-20T21:59:01.405104650Z</date>
  <millis>1789941541405</millis>
  <nanos>104650</nanos>
  <sequence>1</sequence>
  <logger>global</logger>
  <level>INFO</level>
  <class>dev.asjordi.request.RequestManager</class>
  <method>buildURL</method>
  <thread>30</thread>
  <message>Building URL for OpenWeather API request</message>
</record>
<record>
  <date>2026-09-20T21:59:01.405515653Z</date>
  <millis>1789941541405</millis>
  <nanos>515653</nanos>
  <sequence>2</sequence>
  <logger>global</logger>
  <level>INFO</level>
  <class>dev.asjordi.request.RequestManager</class>
  <method>buildURL</method>
  <thread>30</thread>
  <message>URL built successfully</message>
</record>
<record>
  <date>2026-09-20T21:59:01.488369537Z</date>
  <millis>1789941541488</millis>
  <nanos>369537</nanos>
  <sequence>3</sequence>
  <logger>global</logger>
  <level>INFO</level>
  <class>dev.asjordi.weather.DataMapper</class>
  <method>&lt;init&gt;</method>
  <thread>30</thread>
  <message>DataMapper initialized</message>
</record>
<record>
  <date>2026-09-20T21:59:01.488908143Z</date>
  <millis>1789941541488</millis>
  <nanos>908143</nanos>
  <sequence>4</sequence>
  <logger>global</logger>
  <level>INFO</level>
  <class>dev.asjordi.weather.WeatherDataProcessor</class>
  <method>&lt;init&gt;</method>
  <thread>30</thread>
  <message>WeatherDataProcessor initialized</message>
</record>
<record>
  <date>2026-09-20T21:59:01.489262936Z</date>
  <millis>1789941541489</millis>
  <nanos>262936</nanos>
  <sequence>5</sequence>
  <logger>global</logger>
  <level>INFO</level>
  <class>dev.asjordi.weather.WeatherDataProcessor</class>
  <method>processData</method>
  <thread>30</thread>
  <message>Starting data processing</message>
</record>
<record>
  <date>2026-09-20T21:59:01.489681680Z</date>
  <millis>1789941541489</millis>
  <nanos>681680</nanos>
  <sequence>6</sequence>
  <logger>global</logger>
  <level>INFO</level>
  <class>dev.asjordi.request.RequestManager</class>
  <method>makeRequest</method>
  <thread>30</thread>
  <message>Starting HTTP request to OpenWeather API</message>
</record>
<record>
  <date>2026-09-20T21:59:01.510385934Z</date>
  <millis>1789941541510</millis>
  <nanos>385934</nanos>
  <sequence>7</sequence>
  <logger>global</logger>
  <level>INFO</level>
  <class>dev.asjordi.request.RequestManager</class>
  <method>makeRequest</method>
  <thread>30</thread>
  <message>HTTP request build successfully</message>
</record>
<record>
  <date>2026-09-20T21:59:01.558922846Z</date>
  <millis>1789941541558</millis>
  <nanos>922846</nanos>
  <sequence>8</sequence>
  <logger>global</logger>
  <level>INFO</level>
  <class>dev.asjordi.request.RequestManager</class>
  <method>makeRequest</method>
  <thread>30</thread>
  <message>HTTP client built successfully</message>
</record>
<record>
  <date>2026-09-20T21:59:01.739733778Z</date>
  <millis>1789941541739</millis>
  <nanos>733778</nanos>
  <sequence>9</sequence>
  <logger>global</logger>
  <level>INFO</level>
  <class>dev.asjordi.request.RequestManager</class>
  <method>makeRequest</method>
  <thread>30</thread>
  <message>HTTP request sent successfully</message>
</record>
<record>
  <date>2026-09-20T21:59:01.745450920Z</date>
  <millis>1789941541745</millis>
  <nanos>450920</nanos>
  <sequence>10</sequence>
  <logger>global</logger>
  <level>INFO</level>
  <class>dev.asjordi.weather.DataMapper</class>
  <method>mapDataToObject</method>
  <thread>30</thread>
  <message>Mapping data to WeatherApiResponse object</message>
</record>
<record>
  <date>2026-09-20T21:59:01.775516476Z</date>
  <millis>1789941541775</millis>
  <nanos>516476</nanos>
  <sequence>11</sequence>
  <logger>global</logger>
  <level>INFO</level>
  <class>dev.asjordi.weather.DataMapper</class>
  <method>mapDataToObject</method>
  <thread>30</thread>
  <message>Data mapped to WeatherApiResponse object successfully</message>
</record>
<record>
  <date>2026-09-20T21:59:01.775796379Z</date>
  <millis>1789941541775</millis>
  <nanos>796379</nanos>
  <sequence>12</sequence>
  <logger>global</logger>
  <level>INFO</level>
  <class>dev.asjordi.weather.WeatherDataProcessor</class>
  <method>processData</method>
  <thread>30</thread>
  <message>Data processed successfully</message>
</record>
<record>
  <date>2026-09-20T21:59:01.776027209Z</date>
  <millis>1789941541776</millis>
  <nanos>27209</nanos>
  <sequence>13</sequence>
  <logger>global</logger>
  <level>INFO</level>
  <class>dev.asjordi.weather.WeatherDataProcessor</class>
  <method>generateReport</method>
  <thread>30</thread>
  <message>Generating weather report</message>
</record>
<record>
  <date>2026-09-20T21:59:01.777843920Z</date>
  <millis>1789941541777</millis>
  <nanos>843920</nanos>
  <sequence>14</sequence>
  <logger>global</logger>
  <level>INFO</level>
  <class>dev.asjordi.weather.WeatherDataProcessor</class>
  <method>generateReport</method>
  <thread>30</thread>
  <message>Weather report generated successfully</message>
</record>
<record>
  <date>2026-09-20T21:59:01.813982371Z</date>
  <millis>1789941541813</millis>
  <nanos>982371</nanos>
  <sequence>15</sequence>
  <logger>global</logger>
  <level>INFO</level>
  <class>dev.asjordi.bot.WeatherBot</class>
  <method>&lt;init&gt;</method>
  <thread>30</thread>
  <message>WeatherBot initialized</message>
</record>
<record>
  <date>2026-09-20T21:59:01.814386724Z</date>
  <millis>1789941541814</millis>
  <nanos>386724</nanos>
  <sequence>16</sequence>
  <logger>global</logger>
  <level>INFO</level>
  <class>dev.asjordi.bot.BotService</class>
  <method>&lt;init&gt;</method>
  <thread>30</thread>
  <message>BotService initialized</message>
</record>
<record>
  <date>2026-09-20T21:59:01.814670273Z</date>
  <millis>1789941541814</millis>
  <nanos>670273</nanos>
  <sequence>17</sequence>
  <logger>global</logger>
  <level>INFO</level>
  <class>dev.asjordi.bot.BotService</class>
  <method>sendWeatherReport</method>
  <thread>30</thread>
  <message>Sending weather report</message>
</record>
<record>
  <date>2026-09-20T21:59:03.473380385Z</date>
  <millis>1789941543473</millis>
  <nanos>380385</nanos>
  <sequence>18</sequence>
  <logger>global</logger>
  <level>INFO</level>
  <class>dev.asjordi.bot.BotService</class>
  <method>sendWeatherReport</method>
  <thread>30</thread>
  <message>Weather report sent successfully</message>
</record>
</log>
<?xml version="1.0" encoding="UTF-8" standalone="no"?>
<!DOCTYPE log SYSTEM "logger.dtd">
<log>
<record>
  <date>2026-09-21T01:59:58.154665759Z</date>
  <millis>1789955998154</millis>
  <nanos>665759</nanos>
  <sequence>0</sequence>
  <logger>global</logger>
  <level>INFO</level>
  <class>dev.asjordi.Main</class>
  <method>main</method>
  <thread>30</thread>
  <message>Starting application</message>
</record>
<record>
  <date>2026-09-21T01:59:58.163341413Z</date>
  <millis>1789955998163</millis>
  <nanos>341413</nanos>
  <sequence>1</sequence>
  <logger>global</logger>
  <level>INFO</level>
  <class>dev.asjordi.request.RequestManager</class>
  <method>buildURL</method>
  <thread>30</thread>
  <message>Building URL for OpenWeather API request</message>
</record>
<record>
  <date>2026-09-21T01:59:58.163986923Z</date>
  <millis>1789955998163</millis>
  <nanos>986923</nanos>
  <sequence>2</sequence>
  <logger>global</logger>
  <level>INFO</level>
  <class>dev.asjordi.request.RequestManager</class>
  <method>buildURL</method>
  <thread>30</thread>
  <message>URL built successfully</message>
</record>
<record>
  <date>2026-09-21T01:59:58.296955701Z</date>
  <millis>1789955998296</millis>
  <nanos>955701</nanos>
  <sequence>3</sequence>
  <logger>global</logger>
  <level>INFO</level>
  <class>dev.asjordi.weather.DataMapper</class>
  <method>&lt;init&gt;</method>
  <thread>30</thread>
  <message>DataMapper initialized</message>
</record>
<record>
  <date>2026-09-21T01:59:58.297780333Z</date>
  <millis>1789955998297</millis>
  <nanos>780333</nanos>
  <sequence>4</sequence>
  <logger>global</logger>
  <level>INFO</level>
  <class>dev.asjordi.weather.WeatherDataProcessor</class>
  <method>&lt;init&gt;</method>
  <thread>30</thread>
  <message>WeatherDataProcessor initialized</message>
</record>
<record>
  <date>2026-09-21T01:59:58.298474754Z</date>
  <millis>1789955998298</millis>
  <nanos>474754</nanos>
  <sequence>5</sequence>
  <logger>global</logger>
  <level>INFO</level>
  <class>dev.asjordi.weather.WeatherDataProcessor</class>
  <method>processData</method>
  <thread>30</thread>
  <message>Starting data processing</message>
</record>
<record>
  <date>2026-09-21T01:59:58.299077234Z</date>
  <millis>1789955998299</millis>
  <nanos>77234</nanos>
  <sequence>6</sequence>
  <logger>global</logger>
  <level>INFO</level>
  <class>dev.asjordi.request.RequestManager</class>
  <method>makeRequest</method>
  <thread>30</thread>
  <message>Starting HTTP request to OpenWeather API</message>
</record>
<record>
  <date>2026-09-21T01:59:58.322289918Z</date>
  <millis>1789955998322</millis>
  <nanos>289918</nanos>
  <sequence>7</sequence>
  <logger>global</logger>
  <level>INFO</level>
  <class>dev.asjordi.request.RequestManager</class>
  <method>makeRequest</method>
  <thread>30</thread>
  <message>HTTP request build successfully</message>
</record>
<record>
  <date>2026-09-21T01:59:58.385057209Z</date>
  <millis>1789955998385</millis>
  <nanos>57209</nanos>
  <sequence>8</sequence>
  <logger>global</logger>
  <level>INFO</level>
  <class>dev.asjordi.request.RequestManager</class>
  <method>makeRequest</method>
  <thread>30</thread>
  <message>HTTP client built successfully</message>
</record>
<record>
  <date>2026-09-21T01:59:58.755992107Z</date>
  <millis>1789955998755</millis>
  <nanos>992107</nanos>
  <sequence>9</sequence>
  <logger>global</logger>
  <level>INFO</level>
  <class>dev.asjordi.request.RequestManager</class>
  <method>makeRequest</method>
  <thread>30</thread>
  <message>HTTP request sent successfully</message>
</record>
<record>
  <date>2026-09-21T01:59:58.758855970Z</date>
  <millis>1789955998758</millis>
  <nanos>855970</nanos>
  <sequence>10</sequence>
  <logger>global</logger>
  <level>INFO</level>
  <class>dev.asjordi.weather.DataMapper</class>
  <method>mapDataToObject</method>
  <thread>30</thread>
  <message>Mapping data to WeatherApiResponse object</message>
</record>
<record>
  <date>2026-09-21T01:59:58.810884668Z</date>
  <millis>1789955998810</millis>
  <nanos>884668</nanos>
  <sequence>11</sequence>
  <logger>global</logger>
  <level>INFO</level>
  <class>dev.asjordi.weather.DataMapper</class>
  <method>mapDataToObject</method>
  <thread>30</thread>
  <message>Data mapped to WeatherApiResponse object successfully</message>
</record>
<record>
  <date>2026-09-21T01:59:58.811461580Z</date>
  <millis>1789955998811</millis>
  <nanos>461580</nanos>
  <sequence>12</sequence>
  <logger>global</logger>
  <level>INFO</level>
  <class>dev.asjordi.weather.WeatherDataProcessor</class>
  <method>processData</method>
  <thread>30</thread>
  <message>Data processed successfully</message>
</record>
<record>
  <date>2026-09-21T01:59:58.811949156Z</date>
  <millis>1789955998811</millis>
  <nanos>949156</nanos>
  <sequence>13</sequence>
  <logger>global</logger>
  <level>INFO</level>
  <class>dev.asjordi.weather.WeatherDataProcessor</class>
  <method>generateReport</method>
  <thread>30</thread>
  <message>Generating weather report</message>
</record>
<record>
  <date>2026-09-21T01:59:58.814578483Z</date>
  <millis>1789955998814</millis>
  <nanos>578483</nanos>
  <sequence>14</sequence>
  <logger>global</logger>
  <level>INFO</level>
  <class>dev.asjordi.weather.WeatherDataProcessor</class>
  <method>generateReport</method>
  <thread>30</thread>
  <message>Weather report generated successfully</message>
</record>
<record>
  <date>2026-09-21T01:59:58.878484640Z</date>
  <millis>1789955998878</millis>
  <nanos>484640</nanos>
  <sequence>15</sequence>
  <logger>global</logger>
  <level>INFO</level>
  <class>dev.asjordi.bot.WeatherBot</class>
  <method>&lt;init&gt;</method>
  <thread>30</thread>
  <message>WeatherBot initialized</message>
</record>
<record>
  <date>2026-09-21T01:59:58.879214086Z</date>
  <millis>1789955998879</millis>
  <nanos>214086</nanos>
  <sequence>16</sequence>
  <logger>global</logger>
  <level>INFO</level>
  <class>dev.asjordi.bot.BotService</class>
  <method>&lt;init&gt;</method>
  <thread>30</thread>
  <message>BotService initialized</message>
</record>
<record>
  <date>2026-09-21T01:59:58.879771381Z</date>
  <millis>1789955998879</millis>
  <nanos>771381</nanos>
  <sequence>17</sequence>
  <logger>global</logger>
  <level>INFO</level>
  <class>dev.asjordi.bot.BotService</class>
  <method>sendWeatherReport</method>
  <thread>30</thread>
  <message>Sending weather report</message>
</record>
<record>
  <date>2026-09-21T02:00:00.895984019Z</date>
  <millis>1789956000895</millis>
  <nanos>984019</nanos>
  <sequence>18</sequence>
  <logger>global</logger>
  <level>INFO</level>
  <class>dev.asjordi.bot.BotService</class>
  <method>sendWeatherReport</method>
  <thread>30</thread>
  <message>Weather report sent successfully</message>
</record>
</log>
<?xml version="1.0" encoding="UTF-8" standalone="no"?>
<!DOCTYPE log SYSTEM "logger.dtd">
<log>
<record>
  <date>2026-09-21T09:21:30.101827309Z</date>
  <millis>1789982490101</millis>
  <nanos>827309</nanos>
  <sequence>0</sequence>
  <logger>global</logger>
  <level>INFO</level>
  <class>dev.asjordi.Main</class>
  <method>main</method>
  <thread>30</thread>
  <message>Starting application</message>
</record>
<record>
  <date>2026-09-21T09:21:30.109641269Z</date>
  <millis>1789982490109</millis>
  <nanos>641269</nanos>
  <sequence>1</sequence>
  <logger>global</logger>
  <level>INFO</level>
  <class>dev.asjordi.request.RequestManager</class>
  <method>buildURL</method>
  <thread>30</thread>
  <message>Building URL for OpenWeather API request</message>
</record>
<record>
  <date>2026-09-21T09:21:30.110051154Z</date>
  <millis>1789982490110</millis>
  <nanos>51154</nanos>
  <sequence>2</sequence>
  <logger>global</logger>
  <level>INFO</level>
  <class>dev.asjordi.request.RequestManager</class>
  <method>buildURL</method>
  <thread>30</thread>
  <message>URL built successfully</message>
</record>
<record>
  <date>2026-09-21T09:21:30.424133610Z</date>
  <millis>1789982490424</millis>
  <nanos>133610</nanos>
  <sequence>3</sequence>
  <logger>global</logger>
  <level>INFO</level>
  <class>dev.asjordi.weather.DataMapper</class>
  <method>&lt;init&gt;</method>
  <thread>30</thread>
  <message>DataMapper initialized</message>
</record>
<record>
  <date>2026-09-21T09:21:30.424822317Z</date>
  <millis>1789982490424</millis>
  <nanos>822317</nanos>
  <sequence>4</sequence>
  <logger>global</logger>
  <level>INFO</level>
  <class>dev.asjordi.weather.WeatherDataProcessor</class>
  <method>&lt;init&gt;</method>
  <thread>30</thread>
  <message>WeatherDataProcessor initialized</message>
</record>
<record>
  <date>2026-09-21T09:21:30.425242657Z</date>
  <millis>1789982490425</millis>
  <nanos>242657</nanos>
  <sequence>5</sequence>
  <logger>global</logger>
  <level>INFO</level>
  <class>dev.asjordi.weather.WeatherDataProcessor</class>
  <method>processData</method>
  <thread>30</thread>
  <message>Starting data processing</message>
</record>
<record>
  <date>2026-09-21T09:21:30.425612753Z</date>
  <millis>1789982490425</millis>
  <nanos>612753</nanos>
  <sequence>6</sequence>
  <logger>global</logger>
  <level>INFO</level>
  <class>dev.asjordi.request.RequestManager</class>
  <method>makeRequest</method>
  <thread>30</thread>
  <message>Starting HTTP request to OpenWeather API</message>
</record>
<record>
  <date>2026-09-21T09:21:30.444292615Z</date>
  <millis>1789982490444</millis>
  <nanos>292615</nanos>
  <sequence>7</sequence>
  <logger>global</logger>
  <level>INFO</level>
  <class>dev.asjordi.request.RequestManager</class>
  <method>makeRequest</method>
  <thread>30</thread>
  <message>HTTP request build successfully</message>
</record>
<record>
  <date>2026-09-21T09:21:30.558711760Z</date>
  <millis>1789982490558</millis>
  <nanos>711760</nanos>
  <sequence>8</sequence>
  <logger>global</logger>
  <level>INFO</level>
  <class>dev.asjordi.request.RequestManager</class>
  <method>makeRequest</method>
  <thread>30</thread>
  <message>HTTP client built successfully</message>
</record>
<record>
  <date>2026-09-21T09:21:31.027753379Z</date>
  <millis>1789982491027</millis>
  <nanos>753379</nanos>
  <sequence>9</sequence>
  <logger>global</logger>
  <level>INFO</level>
  <class>dev.asjordi.request.RequestManager</class>
  <method>makeRequest</method>
  <thread>30</thread>
  <message>HTTP request sent successfully</message>
</record>
<record>
  <date>2026-09-21T09:21:31.030010139Z</date>
  <millis>1789982491030</millis>
  <nanos>10139</nanos>
  <sequence>10</sequence>
  <logger>global</logger>
  <level>INFO</level>
  <class>dev.asjordi.weather.DataMapper</class>
  <method>mapDataToObject</method>
  <thread>30</thread>
  <message>Mapping data to WeatherApiResponse object</message>
</record>
<record>
  <date>2026-09-21T09:21:31.070557196Z</date>
  <millis>1789982491070</millis>
  <nanos>557196</nanos>
  <sequence>11</sequence>
  <logger>global</logger>
  <level>INFO</level>
  <class>dev.asjordi.weather.DataMapper</class>
  <method>mapDataToObject</method>
  <thread>30</thread>
  <message>Data mapped to WeatherApiResponse object successfully</message>
</record>
<record>
  <date>2026-09-21T09:21:31.071021821Z</date>
  <millis>1789982491071</millis>
  <nanos>21821</nanos>
  <sequence>12</sequence>
  <logger>global</logger>
  <level>INFO</level>
  <class>dev.asjordi.weather.WeatherDataProcessor</class>
  <method>processData</method>
  <thread>30</thread>
  <message>Data processed successfully</message>
</record>
<record>
  <date>2026-09-21T09:21:31.071409012Z</date>
  <millis>1789982491071</millis>
  <nanos>409012</nanos>
  <sequence>13</sequence>
  <logger>global</logger>
  <level>INFO</level>
  <class>dev.asjordi.weather.WeatherDataProcessor</class>
  <method>generateReport</method>
  <thread>30</thread>
  <message>Generating weather report</message>
</record>
<record>
  <date>2026-09-21T09:21:31.073658191Z</date>
  <millis>1789982491073</millis>
  <nanos>658191</nanos>
  <sequence>14</sequence>
  <logger>global</logger>
  <level>INFO</level>
  <class>dev.asjordi.weather.WeatherDataProcessor</class>
  <method>generateReport</method>
  <thread>30</thread>
  <message>Weather report generated successfully</message>
</record>
<record>
  <date>2026-09-21T09:21:31.261279776Z</date>
  <millis>1789982491261</millis>
  <nanos>279776</nanos>
  <sequence>15</sequence>
  <logger>global</logger>
  <level>INFO</level>
  <class>dev.asjordi.bot.WeatherBot</class>
  <method>&lt;init&gt;</method>
  <thread>30</thread>
  <message>WeatherBot initialized</message>
</record>
<record>
  <date>2026-09-21T09:21:31.261851389Z</date>
  <millis>1789982491261</millis>
  <nanos>851389</nanos>
  <sequence>16</sequence>
  <logger>global</logger>
  <level>INFO</level>
  <class>dev.asjordi.bot.BotService</class>
  <method>&lt;init&gt;</method>
  <thread>30</thread>
  <message>BotService initialized</message>
</record>
<record>
  <date>2026-09-21T09:21:31.262170801Z</date>
  <millis>1789982491262</millis>
  <nanos>170801</nanos>
  <sequence>17</sequence>
  <logger>global</logger>
  <level>INFO</level>
  <class>dev.asjordi.bot.BotService</class>
  <method>sendWeatherReport</method>
  <thread>30</thread>
  <message>Sending weather report</message>
</record>
<record>
  <date>2026-09-21T09:21:32.791664122Z</date>
  <millis>1789982492791</millis>
  <nanos>664122</nanos>
  <sequence>18</sequence>
  <logger>global</logger>
  <level>INFO</level>
  <class>dev.asjordi.bot.BotService</class>
  <method>sendWeatherReport</method>
  <thread>30</thread>
  <message>Weather report sent successfully</message>
</record>
</log>
<?xml version="1.0" encoding="UTF-8" standalone="no"?>
<!DOCTYPE log SYSTEM "logger.dtd">
<log>
<record>
  <date>2026-09-21T17:17:16.116635272Z</date>
  <millis>1790011036116</millis>
  <nanos>635272</nanos>
  <sequence>0</sequence>
  <logger>global</logger>
  <level>INFO</level>
  <class>dev.asjordi.Main</class>
  <method>main</method>
  <thread>30</thread>
  <message>Starting application</message>
</record>
<record>
  <date>2026-09-21T17:17:16.127281745Z</date>
  <millis>1790011036127</millis>
  <nanos>281745</nanos>
  <sequence>1</sequence>
  <logger>global</logger>
  <level>INFO</level>
  <class>dev.asjordi.request.RequestManager</class>
  <method>buildURL</method>
  <thread>30</thread>
  <message>Building URL for OpenWeather API request</message>
</record>
<record>
  <date>2026-09-21T17:17:16.127975520Z</date>
  <millis>1790011036127</millis>
  <nanos>975520</nanos>
  <sequence>2</sequence>
  <logger>global</logger>
  <level>INFO</level>
  <class>dev.asjordi.request.RequestManager</class>
  <method>buildURL</method>
  <thread>30</thread>
  <message>URL built successfully</message>
</record>
<record>
  <date>2026-09-21T17:17:16.237296874Z</date>
  <millis>1790011036237</millis>
  <nanos>296874</nanos>
  <sequence>3</sequence>
  <logger>global</logger>
  <level>INFO</level>
  <class>dev.asjordi.weather.DataMapper</class>
  <method>&lt;init&gt;</method>
  <thread>30</thread>
  <message>DataMapper initialized</message>
</record>
<record>
  <date>2026-09-21T17:17:16.238008331Z</date>
  <millis>1790011036238</millis>
  <nanos>8331</nanos>
  <sequence>4</sequence>
  <logger>global</logger>
  <level>INFO</level>
  <class>dev.asjordi.weather.WeatherDataProcessor</class>
  <method>&lt;init&gt;</method>
  <thread>30</thread>
  <message>WeatherDataProcessor initialized</message>
</record>
<record>
  <date>2026-09-21T17:17:16.238622196Z</date>
  <millis>1790011036238</millis>
  <nanos>622196</nanos>
  <sequence>5</sequence>
  <logger>global</logger>
  <level>INFO</level>
  <class>dev.asjordi.weather.WeatherDataProcessor</class>
  <method>processData</method>
  <thread>30</thread>
  <message>Starting data processing</message>
</record>
<record>
  <date>2026-09-21T17:17:16.239254576Z</date>
  <millis>1790011036239</millis>
  <nanos>254576</nanos>
  <sequence>6</sequence>
  <logger>global</logger>
  <level>INFO</level>
  <class>dev.asjordi.request.RequestManager</class>
  <method>makeRequest</method>
  <thread>30</thread>
  <message>Starting HTTP request to OpenWeather API</message>
</record>
<record>
  <date>2026-09-21T17:17:16.248409354Z</date>
  <millis>1790011036248</millis>
  <nanos>409354</nanos>
  <sequence>7</sequence>
  <logger>global</logger>
  <level>INFO</level>
  <class>dev.asjordi.request.RequestManager</class>
  <method>makeRequest</method>
  <thread>30</thread>
  <message>HTTP request build successfully</message>
</record>
<record>
  <date>2026-09-21T17:17:16.276550147Z</date>
  <millis>1790011036276</millis>
  <nanos>550147</nanos>
  <sequence>8</sequence>
  <logger>global</logger>
  <level>INFO</level>
  <class>dev.asjordi.request.RequestManager</class>
  <method>makeRequest</method>
  <thread>30</thread>
  <message>HTTP client built successfully</message>
</record>
<record>
  <date>2026-09-21T17:17:16.466237785Z</date>
  <millis>1790011036466</millis>
  <nanos>237785</nanos>
  <sequence>9</sequence>
  <logger>global</logger>
  <level>INFO</level>
  <class>dev.asjordi.request.RequestManager</class>
  <method>makeRequest</method>
  <thread>30</thread>
  <message>HTTP request sent successfully</message>
</record>
<record>
  <date>2026-09-21T17:17:16.468742175Z</date>
  <millis>1790011036468</millis>
  <nanos>742175</nanos>
  <sequence>10</sequence>
  <logger>global</logger>
  <level>INFO</level>
  <class>dev.asjordi.weather.DataMapper</class>
  <method>mapDataToObject</method>
  <thread>30</thread>
  <message>Mapping data to WeatherApiResponse object</message>
</record>
<record>
  <date>2026-09-21T17:17:16.515386812Z</date>
  <millis>1790011036515</millis>
  <nanos>386812</nanos>
  <sequence>11</sequence>
  <logger>global</logger>
  <level>INFO</level>
  <class>dev.asjordi.weather.DataMapper</class>
  <method>mapDataToObject</method>
  <thread>30</thread>
  <message>Data mapped to WeatherApiResponse object successfully</message>
</record>
<record>
  <date>2026-09-21T17:17:16.515878579Z</date>
  <millis>1790011036515</millis>
  <nanos>878579</nanos>
  <sequence>12</sequence>
  <logger>global</logger>
  <level>INFO</level>
  <class>dev.asjordi.weather.WeatherDataProcessor</class>
  <method>processData</method>
  <thread>30</thread>
  <message>Data processed successfully</message>
</record>
<record>
  <date>2026-09-21T17:17:16.516358925Z</date>
  <millis>1790011036516</millis>
  <nanos>358925</nanos>
  <sequence>13</sequence>
  <logger>global</logger>
  <level>INFO</level>
  <class>dev.asjordi.weather.WeatherDataProcessor</class>
  <method>generateReport</method>
  <thread>30</thread>
  <message>Generating weather report</message>
</record>
<record>
  <date>2026-09-21T17:17:16.518954979Z</date>
  <millis>1790011036518</millis>
  <nanos>954979</nanos>
  <sequence>14</sequence>
  <logger>global</logger>
  <level>INFO</level>
  <class>dev.asjordi.weather.WeatherDataProcessor</class>
  <method>generateReport</method>
  <thread>30</thread>
  <message>Weather report generated successfully</message>
</record>
<record>
  <date>2026-09-21T17:17:16.581295259Z</date>
  <millis>1790011036581</millis>
  <nanos>295259</nanos>
  <sequence>15</sequence>
  <logger>global</logger>
  <level>INFO</level>
  <class>dev.asjordi.bot.WeatherBot</class>
  <method>&lt;init&gt;</method>
  <thread>30</thread>
  <message>WeatherBot initialized</message>
</record>
<record>
  <date>2026-09-21T17:17:16.582012467Z</date>
  <millis>1790011036582</millis>
  <nanos>12467</nanos>
  <sequence>16</sequence>
  <logger>global</logger>
  <level>INFO</level>
  <class>dev.asjordi.bot.BotService</class>
  <method>&lt;init&gt;</method>
  <thread>30</thread>
  <message>BotService initialized</message>
</record>
<record>
  <date>2026-09-21T17:17:16.582598560Z</date>
  <millis>1790011036582</millis>
  <nanos>598560</nanos>
  <sequence>17</sequence>
  <logger>global</logger>
  <level>INFO</level>
  <class>dev.asjordi.bot.BotService</class>
  <method>sendWeatherReport</method>
  <thread>30</thread>
  <message>Sending weather report</message>
</record>
<record>
  <date>2026-09-21T17:17:17.747307321Z</date>
  <millis>1790011037747</millis>
  <nanos>307321</nanos>
  <sequence>18</sequence>
  <logger>global</logger>
  <level>INFO</level>
  <class>dev.asjordi.bot.BotService</class>
  <method>sendWeatherReport</method>
  <thread>30</thread>
  <message>Weather report sent successfully</message>
</record>
</log>
<?xml version="1.0" encoding="UTF-8" standalone="no"?>
<!DOCTYPE log SYSTEM "logger.dtd">
<log>
<record>
  <date>2026-09-21T22:54:21.223861681Z</date>
  <millis>1790031261223</millis>
  <nanos>861681</nanos>
  <sequence>0</sequence>
  <logger>global</logger>
  <level>INFO</level>
  <class>dev.asjordi.Main</class>
  <method>main</method>
  <thread>30</thread>
  <message>Starting application</message>
</record>
<record>
  <date>2026-09-21T22:54:21.229749937Z</date>
  <millis>1790031261229</millis>
  <nanos>749937</nanos>
  <sequence>1</sequence>
  <logger>global</logger>
  <level>INFO</level>
  <class>dev.asjordi.request.RequestManager</class>
  <method>buildURL</method>
  <thread>30</thread>
  <message>Building URL for OpenWeather API request</message>
</record>
<record>
  <date>2026-09-21T22:54:21.230125946Z</date>
  <millis>1790031261230</millis>
  <nanos>125946</nanos>
  <sequence>2</sequence>
  <logger>global</logger>
  <level>INFO</level>
  <class>dev.asjordi.request.RequestManager</class>
  <method>buildURL</method>
  <thread>30</thread>
  <message>URL built successfully</message>
</record>
<record>
  <date>2026-09-21T22:54:21.323990267Z</date>
  <millis>1790031261323</millis>
  <nanos>990267</nanos>
  <sequence>3</sequence>
  <logger>global</logger>
  <level>INFO</level>
  <class>dev.asjordi.weather.DataMapper</class>
  <method>&lt;init&gt;</method>
  <thread>30</thread>
  <message>DataMapper initialized</message>
</record>
<record>
  <date>2026-09-21T22:54:21.324538621Z</date>
  <millis>1790031261324</millis>
  <nanos>538621</nanos>
  <sequence>4</sequence>
  <logger>global</logger>
  <level>INFO</level>
  <class>dev.asjordi.weather.WeatherDataProcessor</class>
  <method>&lt;init&gt;</method>
  <thread>30</thread>
  <message>WeatherDataProcessor initialized</message>
</record>
<record>
  <date>2026-09-21T22:54:21.324886383Z</date>
  <millis>1790031261324</millis>
  <nanos>886383</nanos>
  <sequence>5</sequence>
  <logger>global</logger>
  <level>INFO</level>
  <class>dev.asjordi.weather.WeatherDataProcessor</class>
  <method>processData</method>
  <thread>30</thread>
  <message>Starting data processing</message>
</record>
<record>
  <date>2026-09-21T22:54:21.325306064Z</date>
  <millis>1790031261325</millis>
  <nanos>306064</nanos>
  <sequence>6</sequence>
  <logger>global</logger>
  <level>INFO</level>
  <class>dev.asjordi.request.RequestManager</class>
  <method>makeRequest</method>
  <thread>30</thread>
  <message>Starting HTTP request to OpenWeather API</message>
</record>
<record>
  <date>2026-09-21T22:54:21.361748435Z</date>
  <millis>1790031261361</millis>
  <nanos>748435</nanos>
  <sequence>7</sequence>
  <logger>global</logger>
  <level>INFO</level>
  <class>dev.asjordi.request.RequestManager</class>
  <method>makeRequest</method>
  <thread>30</thread>
  <message>HTTP request build successfully</message>
</record>
<record>
  <date>2026-09-21T22:54:21.426521934Z</date>
  <millis>1790031261426</millis>
  <nanos>521934</nanos>
  <sequence>8</sequence>
  <logger>global</logger>
  <level>INFO</level>
  <class>dev.asjordi.request.RequestManager</class>
  <method>makeRequest</method>
  <thread>30</thread>
  <message>HTTP client built successfully</message>
</record>
<record>
  <date>2026-09-21T22:54:21.840353170Z</date>
  <millis>1790031261840</millis>
  <nanos>353170</nanos>
  <sequence>9</sequence>
  <logger>global</logger>
  <level>INFO</level>
  <class>dev.asjordi.request.RequestManager</class>
  <method>makeRequest</method>
  <thread>30</thread>
  <message>HTTP request sent successfully</message>
</record>
<record>
  <date>2026-09-21T22:54:21.842074806Z</date>
  <millis>1790031261842</millis>
  <nanos>74806</nanos>
  <sequence>10</sequence>
  <logger>global</logger>
  <level>INFO</level>
  <class>dev.asjordi.weather.DataMapper</class>
  <method>mapDataToObject</method>
  <thread>30</thread>
  <message>Mapping data to WeatherApiResponse object</message>
</record>
<record>
  <date>2026-09-21T22:54:21.877621012Z</date>
  <millis>1790031261877</millis>
  <nanos>621012</nanos>
  <sequence>11</sequence>
  <logger>global</logger>
  <level>INFO</level>
  <class>dev.asjordi.weather.DataMapper</class>
  <method>mapDataToObject</method>
  <thread>30</thread>
  <message>Data mapped to WeatherApiResponse object successfully</message>
</record>
<record>
  <date>2026-09-21T22:54:21.878027834Z</date>
  <millis>1790031261878</millis>
  <nanos>27834</nanos>
  <sequence>12</sequence>
  <logger>global</logger>
  <level>INFO</level>
  <class>dev.asjordi.weather.WeatherDataProcessor</class>
  <method>processData</method>
  <thread>30</thread>
  <message>Data processed successfully</message>
</record>
<record>
  <date>2026-09-21T22:54:21.878332491Z</date>
  <millis>1790031261878</millis>
  <nanos>332491</nanos>
  <sequence>13</sequence>
  <logger>global</logger>
  <level>INFO</level>
  <class>dev.asjordi.weather.WeatherDataProcessor</class>
  <method>generateReport</method>
  <thread>30</thread>
  <message>Generating weather report</message>
</record>
<record>
  <date>2026-09-21T22:54:21.880022080Z</date>
  <millis>1790031261880</millis>
  <nanos>22080</nanos>
  <sequence>14</sequence>
  <logger>global</logger>
  <level>INFO</level>
  <class>dev.asjordi.weather.WeatherDataProcessor</class>
  <method>generateReport</method>
  <thread>30</thread>
  <message>Weather report generated successfully</message>
</record>
<record>
  <date>2026-09-21T22:54:21.914577878Z</date>
  <millis>1790031261914</millis>
  <nanos>577878</nanos>
  <sequence>15</sequence>
  <logger>global</logger>
  <level>INFO</level>
  <class>dev.asjordi.bot.WeatherBot</class>
  <method>&lt;init&gt;</method>
  <thread>30</thread>
  <message>WeatherBot initialized</message>
</record>
<record>
  <date>2026-09-21T22:54:21.914910187Z</date>
  <millis>1790031261914</millis>
  <nanos>910187</nanos>
  <sequence>16</sequence>
  <logger>global</logger>
  <level>INFO</level>
  <class>dev.asjordi.bot.BotService</class>
  <method>&lt;init&gt;</method>
  <thread>30</thread>
  <message>BotService initialized</message>
</record>
<record>
  <date>2026-09-21T22:54:21.915177529Z</date>
  <millis>1790031261915</millis>
  <nanos>177529</nanos>
  <sequence>17</sequence>
  <logger>global</logger>
  <level>INFO</level>
  <class>dev.asjordi.bot.BotService</class>
  <method>sendWeatherReport</method>
  <thread>30</thread>
  <message>Sending weather report</message>
</record>
<record>
  <date>2026-09-21T22:54:23.246042776Z</date>
  <millis>1790031263246</millis>
  <nanos>42776</nanos>
  <sequence>18</sequence>
  <logger>global</logger>
  <level>INFO</level>
  <class>dev.asjordi.bot.BotService</class>
  <method>sendWeatherReport</method>
  <thread>30</thread>
  <message>Weather report sent successfully</message>
</record>
</log>
<?xml version="1.0" encoding="UTF-8" standalone="no"?>
<!DOCTYPE log SYSTEM "logger.dtd">
<log>
<record>
  <date>2026-09-22T02:06:18.277812823Z</date>
  <millis>1790042778277</millis>
  <nanos>812823</nanos>
  <sequence>0</sequence>
  <logger>global</logger>
  <level>INFO</level>
  <class>dev.asjordi.Main</class>
  <method>main</method>
  <thread>30</thread>
  <message>Starting application</message>
</record>
<record>
  <date>2026-09-22T02:06:18.287307360Z</date>
  <millis>1790042778287</millis>
  <nanos>307360</nanos>
  <sequence>1</sequence>
  <logger>global</logger>
  <level>INFO</level>
  <class>dev.asjordi.request.RequestManager</class>
  <method>buildURL</method>
  <thread>30</thread>
  <message>Building URL for OpenWeather API request</message>
</record>
<record>
  <date>2026-09-22T02:06:18.287967283Z</date>
  <millis>1790042778287</millis>
  <nanos>967283</nanos>
  <sequence>2</sequence>
  <logger>global</logger>
  <level>INFO</level>
  <class>dev.asjordi.request.RequestManager</class>
  <method>buildURL</method>
  <thread>30</thread>
  <message>URL built successfully</message>
</record>
<record>
  <date>2026-09-22T02:06:18.397037222Z</date>
  <millis>1790042778397</millis>
  <nanos>37222</nanos>
  <sequence>3</sequence>
  <logger>global</logger>
  <level>INFO</level>
  <class>dev.asjordi.weather.DataMapper</class>
  <method>&lt;init&gt;</method>
  <thread>30</thread>
  <message>DataMapper initialized</message>
</record>
<record>
  <date>2026-09-22T02:06:18.397897912Z</date>
  <millis>1790042778397</millis>
  <nanos>897912</nanos>
  <sequence>4</sequence>
  <logger>global</logger>
  <level>INFO</level>
  <class>dev.asjordi.weather.WeatherDataProcessor</class>
  <method>&lt;init&gt;</method>
  <thread>30</thread>
  <message>WeatherDataProcessor initialized</message>
</record>
<record>
  <date>2026-09-22T02:06:18.398428004Z</date>
  <millis>1790042778398</millis>
  <nanos>428004</nanos>
  <sequence>5</sequence>
  <logger>global</logger>
  <level>INFO</level>
  <class>dev.asjordi.weather.WeatherDataProcessor</class>
  <method>processData</method>
  <thread>30</thread>
  <message>Starting data processing</message>
</record>
<record>
  <date>2026-09-22T02:06:18.398975071Z</date>
  <millis>1790042778398</millis>
  <nanos>975071</nanos>
  <sequence>6</sequence>
  <logger>global</logger>
  <level>INFO</level>
  <class>dev.asjordi.request.RequestManager</class>
  <method>makeRequest</method>
  <thread>30</thread>
  <message>Starting HTTP request to OpenWeather API</message>
</record>
<record>
  <date>2026-09-22T02:06:18.413141810Z</date>
  <millis>1790042778413</millis>
  <nanos>141810</nanos>
  <sequence>7</sequence>
  <logger>global</logger>
  <level>INFO</level>
  <class>dev.asjordi.request.RequestManager</class>
  <method>makeRequest</method>
  <thread>30</thread>
  <message>HTTP request build successfully</message>
</record>
<record>
  <date>2026-09-22T02:06:18.444981439Z</date>
  <millis>1790042778444</millis>
  <nanos>981439</nanos>
  <sequence>8</sequence>
  <logger>global</logger>
  <level>INFO</level>
  <class>dev.asjordi.request.RequestManager</class>
  <method>makeRequest</method>
  <thread>30</thread>
  <message>HTTP client built successfully</message>
</record>
<record>
  <date>2026-09-22T02:06:18.592740472Z</date>
  <millis>1790042778592</millis>
  <nanos>740472</nanos>
  <sequence>9</sequence>
  <logger>global</logger>
  <level>INFO</level>
  <class>dev.asjordi.request.RequestManager</class>
  <method>makeRequest</method>
  <thread>30</thread>
  <message>HTTP request sent successfully</message>
</record>
<record>
  <date>2026-09-22T02:06:18.595347998Z</date>
  <millis>1790042778595</millis>
  <nanos>347998</nanos>
  <sequence>10</sequence>
  <logger>global</logger>
  <level>INFO</level>
  <class>dev.asjordi.weather.DataMapper</class>
  <method>mapDataToObject</method>
  <thread>30</thread>
  <message>Mapping data to WeatherApiResponse object</message>
</record>
<record>
  <date>2026-09-22T02:06:18.642366870Z</date>
  <millis>1790042778642</millis>
  <nanos>366870</nanos>
  <sequence>11</sequence>
  <logger>global</logger>
  <level>INFO</level>
  <class>dev.asjordi.weather.DataMapper</class>
  <method>mapDataToObject</method>
  <thread>30</thread>
  <message>Data mapped to WeatherApiResponse object successfully</message>
</record>
<record>
  <date>2026-09-22T02:06:18.642820389Z</date>
  <millis>1790042778642</millis>
  <nanos>820389</nanos>
  <sequence>12</sequence>
  <logger>global</logger>
  <level>INFO</level>
  <class>dev.asjordi.weather.WeatherDataProcessor</class>
  <method>processData</method>
  <thread>30</thread>
  <message>Data processed successfully</message>
</record>
<record>
  <date>2026-09-22T02:06:18.643288029Z</date>
  <millis>1790042778643</millis>
  <nanos>288029</nanos>
  <sequence>13</sequence>
  <logger>global</logger>
  <level>INFO</level>
  <class>dev.asjordi.weather.WeatherDataProcessor</class>
  <method>generateReport</method>
  <thread>30</thread>
  <message>Generating weather report</message>
</record>
<record>
  <date>2026-09-22T02:06:18.645719436Z</date>
  <millis>1790042778645</millis>
  <nanos>719436</nanos>
  <sequence>14</sequence>
  <logger>global</logger>
  <level>INFO</level>
  <class>dev.asjordi.weather.WeatherDataProcessor</class>
  <method>generateReport</method>
  <thread>30</thread>
  <message>Weather report generated successfully</message>
</record>
<record>
  <date>2026-09-22T02:06:18.702585304Z</date>
  <millis>1790042778702</millis>
  <nanos>585304</nanos>
  <sequence>15</sequence>
  <logger>global</logger>
  <level>INFO</level>
  <class>dev.asjordi.bot.WeatherBot</class>
  <method>&lt;init&gt;</method>
  <thread>30</thread>
  <message>WeatherBot initialized</message>
</record>
<record>
  <date>2026-09-22T02:06:18.703176326Z</date>
  <millis>1790042778703</millis>
  <nanos>176326</nanos>
  <sequence>16</sequence>
  <logger>global</logger>
  <level>INFO</level>
  <class>dev.asjordi.bot.BotService</class>
  <method>&lt;init&gt;</method>
  <thread>30</thread>
  <message>BotService initialized</message>
</record>
<record>
  <date>2026-09-22T02:06:18.703643725Z</date>
  <millis>1790042778703</millis>
  <nanos>643725</nanos>
  <sequence>17</sequence>
  <logger>global</logger>
  <level>INFO</level>
  <class>dev.asjordi.bot.BotService</class>
  <method>sendWeatherReport</method>
  <thread>30</thread>
  <message>Sending weather report</message>
</record>
<record>
  <date>2026-09-22T02:06:19.893960241Z</date>
  <millis>1790042779893</millis>
  <nanos>960241</nanos>
  <sequence>18</sequence>
  <logger>global</logger>
  <level>INFO</level>
  <class>dev.asjordi.bot.BotService</class>
  <method>sendWeatherReport</method>
  <thread>30</thread>
  <message>Weather report sent successfully</message>
</record>
</log>
